site_id,site_name,분류,자료게시판링크,현재수집,최대수집목표,측정구분,측정출처,예상PDF,예상스토리지GB,상태
e-stat-go-jp-stat-search,Custom: e-stat-go-jp-stat-search,일본완료,https://www.e-stat.go.jp/stat-search?page=1,1018,1709118,exact,big_api,130954,80.1,
ntrs-nasa-gov-search,Custom: ntrs-nasa-gov-search,American Research Institutes,"https://ntrs.nasa.gov/search?stiTypeDetails=Conference%20Paper&page=%7B%22from%22:0,%22size%22:100%7D",6490,646398,exact,big_api,634546,4895.3,
openresearch-repository-anu-edu-au-search,Custom: openresearch-repository-anu-edu-au-search,호주완료,https://openresearch-repository.anu.edu.au/search?spc.page=1&spc.sf=dc.date.accessioned&spc.sd=DESC&view=list,261,393484,exact,api_dspace_rest7,58796,420.8,
sonar-ch-global,Custom: sonar-ch-global,Switzerland Research Centers,https://sonar.ch/global/search/documents?q=&page=1&size=10&sort=newest&document_type=coar:c_6501,5462,309727,exact,big_api,308139,1253.1,
research-collection-ethz-ch-search,Custom: research-collection-ethz-ch-search,Switzerland Research Centers,"https://www.research-collection.ethz.ch/search?spc.page=1&f.ethzAvailability=Open%20access,equals&f.itemtype=Journal%20Article,equals",459,303530,exact,api_dspace_rest7,302869,1402.7,
pergamos-lib-uoa-gr-search,Custom: pergamos-lib-uoa-gr-search,Greece Research Centers,https://pergamos.lib.uoa.gr/search?byPublicType=ScientificPublicationArticle&byPublicType=ScientificPublicationInProceedings&byPublicType=BornDigitalPostgraduateThesis&byPublicType=BornDigitalGraduateThesis&byPublicType=ConferencePaper,500,250523,exact,api_oai_resumption,179876,550.7,
inserm-hal-science-search,Custom: inserm-hal-science-search,French Research Institutes,https://inserm.hal.science/search/index/?q=%2A&rows=30&sort=producedDate_tdate+desc&docType_s=COMM+OR+ART+OR+THESE,883,234422,exact,hal_api,162476,611.2,
etera-ee-browse,Custom: etera-ee-browse,Estonia Research Centers,https://www.etera.ee/browse,100403,210234,exact,big_api,177536,1903.8,
ostrnrcan-dostrncan-canada-ca-search,Custom: ostrnrcan-dostrncan-canada-ca-search,Canadian Research Centers,"https://ostrnrcan-dostrncan.canada.ca/search?page=1&query=*&spc.sf=dc.date.issued&spc.sd=DESC&spc.page=1&f.itemtype_en=Report,equals",220,198333,exact,custom_api,193825,2241.7,
data-gov-au-data,Custom: data-gov-au-data,호주완료,https://data.gov.au/data/dataset/?res_format=PDF,500,140429,exact,api_ckan,124420,254.1,
anr-hal-science-search,Custom: anr-hal-science-search,French Research Institutes,https://anr.hal.science/search/index/?q=%2A&rows=30&openAccess_bool=true&submitType_s=file&docType_s=THESE+OR+COMM+OR+ART+OR+MEM,363,140008,exact,hal_api,140008,534.5,
data-gv-at-datasets,Custom: data-gv-at-datasets,오스트리아완료,https://www.data.gv.at/datasets?locale=de&format=PDF&page=1,400,116818,exact,custom_api,98419,110.5,
dspace-ut-ee-search,Custom: dspace-ut-ee-search,Estonia Research Centers,"https://dspace.ut.ee/search?spc.page=1&spc.sf=dc.date.accessioned&spc.sd=DESC&f.has_content_in_original_bundle=true,equals&f.subject=magistrit%C3%B6%C3%B6d,equals",125,114527,exact,api_dspace_rest7,112695,191.5,
repositorio-uchile-cl-discover,Custom: repositorio-uchile-cl-discover,Chile Research Centers,https://repositorio.uchile.cl/discover?filtertype=type&filter_relational_operator=equals&filter=Tesis,500,102175,exact,api_oai_resumption,101562,270.4,
inria-hal-science-search,Custom: inria-hal-science-search,French Research Institutes,https://inria.hal.science/search/index/?q=collCode_s%3AINRIA2&rows=30&sort=submittedDate_s+desc&submitType_s=file&docType_s=ART+OR+COMM+OR+MEM+OR+THESE,1083,65674,exact,hal_api,64461,294.4,
data-gov-uk-search,Custom: data-gov-uk-search,영국완료,https://www.data.gov.uk/search?q=&filters%5Bpublisher%5D=&filters%5Btopic%5D=&filters%5Bformat%5D=PDF&sort=best,488,58487,exact,api_ckan,21693,28.2,
nora-nerc-ac-uk-view,Custom: nora-nerc-ac-uk-view,영국완료,https://nora.nerc.ac.uk/view/division/noc/,596,57936,exact,api_oai_resumption,52104,389.2,
ir-lib-uth-gr-xmlui,Custom: ir-lib-uth-gr-xmlui,Greece Research Centers,https://ir.lib.uth.gr/xmlui/handle/11615/3/discover?filtertype=has_content_in_original_bundle&filter_relational_operator=equals&filter=true,843,55971,exact,api_oai_resumption,55971,195.0,
gov-scot-publications,Custom: gov-scot-publications,영국완료,https://www.gov.scot/publications/,1024,50542,exact,big_api,19101,29.9,
olympias-lib-uoi-gr-jspui,Custom: olympias-lib-uoi-gr-jspui,Greece Research Centers,https://olympias.lib.uoi.gr/jspui/simple-search?query=&sort_by=score&order=desc&rpp=10&etal=0&filtername=type&filterquery=bachelorThesis&filtertype=equals,400,50014,exact,api_oai_resumption,49264,484.0,
energy-gov-search,Custom: energy-gov-search,USA Executive Departments,https://www.energy.gov/search?page=0&f%5B0%5D=bundle_alias%3APage,191,49332,exact,custom_api,45974,27.9,
lenus-ie-browse,Custom: lenus-ie-browse,Irish Research Centers,https://www.lenus.ie/browse/title,168,47138,exact,api_dspace_rest7,40965,69.6,
gov-uk-search,Custom: gov-uk-search,영국완료,https://www.gov.uk/search/research-and-statistics?content_store_document_type=statistics_published&order=updated-newest,862,42435,exact,big_api,28011,48.0,
data-nasa-gov-dataset,Custom: data-nasa-gov-dataset,American Research Institutes,https://data.nasa.gov/dataset/,4474,35964,exact,api_ckan,4855,9.8,
doaj-org-search,Custom: doaj-org-search,Irish Research Centers,https://doaj.org/search/articles?source=%7B%22query%22%3A%7B%22match_all%22%3A%7B%7D%7D%2C%22size%22%3A50%2C%22sort%22%3A%5B%7B%22created_date%22%3A%7B%22order%22%3A%22desc%22%7D%7D%5D%2C%22track_total_hits%22%3Atrue%7D,1417,35582,exact,api_oai_resumption,5349,4.1,
nasa-gov-2025-news-releases,Custom: nasa-gov-2025-news-releases,American Research Institutes,https://www.nasa.gov/2025-news-releases/,236,35278,exact,api_wordpress_posts,0,0.0,
ga-gov-au-data-pubs,Custom: ga-gov-au-data-pubs,호주완료,https://www.ga.gov.au/data-pubs/library/legacy-publications/records/1970s,2243,31979,exact,big_api,31751,326.6,
nemertes-library-upatras-gr-search,Custom: nemertes-library-upatras-gr-search,Greece Research Centers,"https://nemertes.library.upatras.gr/search?bbm.page=6&spc.page=1&spc.sf=dc.date.accessioned&spc.sd=DESC&f.has_content_in_original_bundle=true,equals",500,31267,exact,api_dspace_rest7,29891,101.3,
nemertes-library-upatras-gr-browse,Custom: nemertes-library-upatras-gr-browse,Greece Research Centers,https://nemertes.library.upatras.gr/browse/title?scope=38e1d29e-3f53-4755-868e-a36b75554f81,127,31267,exact,api_dspace_rest7,31267,43.1,
esteri-it-it,Custom: esteri-it-it,Italy Ministries,https://www.esteri.it/it/sala_stampa/archivionotizie/comunicati/,5533,25207,exact,custom_api,0,0.0,
dtic-dimensions-ai-discover,Custom: dtic-dimensions-ai-discover,American Research Institutes,https://dtic.dimensions.ai/discover/publication,500,25000,exact,api_html_count_regex,10650,8.1,
ens-lyon-hal-science-search,Custom: ens-lyon-hal-science-search,French Public Universities,https://ens-lyon.hal.science/search/index/?q=%2A&rows=30&submitType_s=file&docType_s=THESE+OR+COMM+OR+ART+OR+MEM,1343,24750,exact,hal_api,24639,106.1,
repo-lib-duth-gr-jspui,Custom: repo-lib-duth-gr-jspui,Greece Research Centers,https://repo.lib.duth.gr/jspui/,7156,22040,exact,api_oai_resumption,16810,72.0,
ehess-hal-science-search,Custom: ehess-hal-science-search,French Public Universities,https://ehess.hal.science/search/index/?q=%2A&rows=30&submitType_s=file&docType_s=ART+OR+COMM+OR+MEM+OR+THESE,429,21015,exact,hal_api,20623,118.2,
cora-ucc-ie-search,Custom: cora-ucc-ie-search,Irish Research Centers,"https://cora.ucc.ie/search?f.itemtype=Doctoral%20thesis,equals&spc.page=1",439,18130,exact,api_dspace_rest7,7021,123.4,
edx-netl-doe-gov-group,Custom: edx-netl-doe-gov-group,American Research Institutes,https://edx.netl.doe.gov/group/lca-unit-process-library,100,17984,exact,api_ckan,17624,3.2,
repository-naturalis-nl,Custom: repository-naturalis-nl,Dutch Research Centers,https://repository.naturalis.nl/#facet=type:article|dissertation,9681,17309,exact,big_api,17304,60.5,
enpc-hal-science-search,Custom: enpc-hal-science-search,French Public Universities,https://enpc.hal.science/search/index/?q=%2A&rows=30&submitType_s=file&docType_s=ART+OR+THESE+OR+COMM,741,15281,exact,hal_api,15240,35.9,
edoc-rki-de-handle,Custom: edoc-rki-de-handle,GER ResearchCenters(Unfinished),https://edoc.rki.de/handle/176904/2,20,14052,exact,api_oai_resumption,13349,106.0,
researchrepository-ul-ie-search,Custom: researchrepository-ul-ie-search,Irish Research Centers,"https://researchrepository.ul.ie/search?f.itemtype=Article,equals",400,13970,exact,api_dspace_rest7,13656,32.3,
julkaisut-valtioneuvosto-fi-search,Custom: julkaisut-valtioneuvosto-fi-search,핀란드완료,https://julkaisut.valtioneuvosto.fi/search?spc.page=1&spc.sf=dc.date.issued&spc.sd=DESC,293,13781,exact,api_dspace_rest7,13781,27.2,
repository-tno-nl-doclist,Custom: repository-tno-nl-doclist,Dutch Research Centers,"https://repository.tno.nl/DocList?find=ID%20%3E%200,refine_MATREP:CONFERENCE%20PAPER&sort=JVP:DESC:MATREP:DESC",10508,13609,exact,big_api,3370,4.4,
cnam-hal-science-search,Custom: cnam-hal-science-search,French Public Institutions,https://cnam.hal.science/search/index/?q=%2A&rows=30&submitType_s=file&docType_s=ART+OR+COMM+OR+THESE,975,12651,exact,hal_api,12314,68.2,
helios-eie-gr-helios,Custom: helios-eie-gr-helios,Greece Research Centers,https://helios.eie.gr/helios/handle/10442/9/simple-search?filterquery=%CE%86%CF%81%CE%B8%CF%81%CE%BF+%CF%83%CE%B5+%CE%B5%CF%80%CE%B9%CF%83%CF%84%CE%B7%CE%BC%CE%BF%CE%BD%CE%B9%CE%BA%CF%8C+%CF%80%CE%B5%CF%81%CE%B9%CE%BF%CE%B4%CE%B9%CE%BA%CF%8C&filtername=searchFilterTypeQualified&filtertype=equals,500,11234,exact,api_oai_resumption,6920,32.2,
dspace-emu-ee-search,Custom: dspace-emu-ee-search,Estonia Research Centers,"https://dspace.emu.ee/search?spc.page=1&f.has_content_in_original_bundle=true,equals&f.subject=magistrit%C3%B6%C3%B6d,equals",500,10421,exact,api_dspace_rest7,4293,15.0,
federalregister-gov-documents,Custom: federalregister-gov-documents,USA Executive Departments,https://www.federalregister.gov/documents/search?conditions%5Bagencies%5D%5B%5D=health-and-human-services-department&conditions%5Bsearch_type_id%5D=3&conditions%5Bsignificant%5D=1&order=newest,5957,10000,exact,custom_api,9997,4.2,
catalog-data-metro-tokyo-lg-jp-dataset,Custom: catalog-data-metro-tokyo-lg-jp-dataset,일본완료,https://catalog.data.metro.tokyo.lg.jp/dataset/?res_format=PDF,492,9647,exact,api_ckan,9059,95.2,
bfs-admin-ch-bfs,Custom: bfs-admin-ch-bfs,Switzerland Departments,https://www.bfs.admin.ch/bfs/de/home.html,384,8141,exact,custom_api,3180,2.0,
migration-gov-gr-press,Custom: migration-gov-gr-press,Greece Ministries,https://migration.gov.gr/press/deltia-typoy/,1618,7770,exact,api_wordpress_posts,355,0.2,
gov-scot-statistics-and-resea,Custom: gov-scot-statistics-and-resea,영국완료,https://www.gov.scot/statistics-and-research/,353,6001,exact,big_api,4216,4.8,
search-open-canada-ca-opendata,Custom: search-open-canada-ca-opendata,Canada Ministries,https://search.open.canada.ca/opendata/?page=1&sort=metadata_modified+desc&resource_format=PDF&resource_type=dataset,5287,5830,exact,big_api,3878,8.2,
drugsandalcohol-ie-cgi,Custom: drugsandalcohol-ie-cgi,Irish Research Centers,https://www.drugsandalcohol.ie/cgi/search/archive/type?dataset=archive&screen=Search&titlex_merge=ALL&titlex=&subjectx_merge=ALL&subjectx=&q_merge=ALL&q=&type=monograph&satisfyall=ALL&order=-date%2Fbrowse_by%2Ftitle&_action_search=Search,500,5696,lower_bound,count_crawl,4750,17.7,
par-nsf-gov-search,Custom: par-nsf-gov-search,American Research Institutes,https://par.nsf.gov/search/product-type:Dataset,2481,5134,exact,big_api,4532,17.2,
doras-dcu-ie-view,Custom: doras-dcu-ie-view,Irish Research Centers,https://doras.dcu.ie/view/type/article.html,2229,4902,exact,big_api,4623,39.9,
mindev-gov-gr-category,Custom: mindev-gov-gr-category,Greece Ministries,https://www.mindev.gov.gr/category/deltia-tipou/,3514,4756,exact,custom_api,235,0.2,
open-science-canada-ca-communities,Custom: open-science-canada-ca-communities,Canadian Research Centers,https://open-science.canada.ca/communities/307d8eca-9337-48d3-a296-6ea96f5a75c5?page=1&spc.sf=score&spc.sd=DESC&scope=307d8eca-9337-48d3-a296-6ea96f5a75c5&spc.page=1&query=*,272,4400,exact,api_dspace_rest7,4400,10.1,
enscp-hal-science-search,Custom: enscp-hal-science-search,French Public Institutions,https://enscp.hal.science/search/index/?q=%2A&rows=30&submitType_s=file&docType_s=ART+OR+THESE+OR+COMM,3517,3777,exact,hal_api,3590,14.1,
hal-science-ign-ensg,Custom: hal-science-ign-ensg,French Public Institutions,https://hal.science/IGN-ENSG/search/index/?q=%2A&rows=30&submitType_s=file&docType_s=THESE+OR+COMM+OR+ART,3288,3733,exact,hal_api,3681,30.8,
bmv-de-en,Custom: bmv-de-en,독일완료,https://www.bmv.de/EN/Services/Statistics/Mobility-in-Germany/mobility-in-germany.html,11,3584,exact,custom_api,2165,5.3,
wodc-nl-documenten,Custom: wodc-nl-documenten,Dutch Research Centers,https://www.wodc.nl/documenten?type=Jaarverslag,2,3527,exact,custom_api,2130,2.4,
isae-ensma-hal-science-search,Custom: isae-ensma-hal-science-search,French Public Universities,https://isae-ensma.hal.science/search/index/?q=%2A&rows=30&submitType_s=file&docType_s=ART+OR+THESE+OR+COMM,14,3474,exact,hal_api,2098,14.6,
adaptcentre-ie-research,Custom: adaptcentre-ie-research,Irish Research Centers,https://www.adaptcentre.ie/research/publications/?searchwp_keyword&searchwp_author&searchwp_year,206,3402,exact,api_wordpress_publications,0,0.0,
news-fnal-gov-category,Custom: news-fnal-gov-category,American Research Institutes,https://news.fnal.gov/category/newsroom/press-release/,374,3286,exact,api_wordpress_posts,158,0.7,
datos-gob-cl-dataset,Custom: datos-gob-cl-dataset,Chile Research Centers,https://datos.gob.cl/dataset/?q=a+OR+res_name%3Aa+OR+res_description%3Aa&fq=filter%28res_format%3Apdf%29+filter%28license_id%3Acc-nc%29,21,3179,exact,api_ckan,2725,3.1,
research-thea-ie-browse,Custom: research-thea-ie-browse,Irish Research Centers,https://research.thea.ie/browse?type=title,449,3103,exact,api_oai_resumption,3082,0.0,
amu-hal-science-search,Custom: amu-hal-science-search,French Public Universities,https://amu.hal.science/search/index/?q=%2A&rows=30&submitType_s=file&docType_s=REPORT+OR+OTHER,3048,2938,exact,hal_api,2824,12.1,
data-busan-go-kr-bdip,Custom: data-busan-go-kr-bdip,한국완료,https://data.busan.go.kr/bdip/opendata/dataSet.do;jsessionid=6B10E30C8AD71286859FAAF148A85DF8.worker2,2022,2919,lower_bound,count_crawl,0,0.0,
daten-berlin-de-datensaetze,Custom: daten-berlin-de-datensaetze,독일완료,https://daten.berlin.de/datensaetze?res_format=PDF&sort=score+desc%2C+metadata_modified+desc,250,2619,exact,custom_api,126,0.1,
insight-centre-org-press-releases,Custom: insight-centre-org-press-releases,Irish Research Centers,https://www.insight-centre.org/press-releases/,54,2560,exact,custom_api,0,0.0,
avoindata-suomi-fi-data,Custom: avoindata-suomi-fi-data,핀란드완료,https://avoindata.suomi.fi/data/fi/dataset/?res_format=pdf,154,2555,exact,api_ckan,50,0.2,
enac-hal-science-search,Custom: enac-hal-science-search,French Public Universities,https://enac.hal.science/search/index/?q=%2A&rows=30&submitType_s=file&docType_s=COMM+OR+ART+OR+THESE+OR+MEM,549,2395,exact,hal_api,2395,5.8,
kmi-re-kr-web,Custom: kmi-re-kr-web,한국완료,https://www.kmi.re.kr/web/board/list.do?rbsIdx=164,445,2348,exact,custom_api,2237,1.1,
ministeroturismo-gov-it-category,Custom: ministeroturismo-gov-it-category,Italy Ministries,https://www.ministeroturismo.gov.it/category/comunicati-stampa/,1014,2266,exact,custom_api,188,0.8,
defense-gouv-fr-salle-de-presse,Custom: defense-gouv-fr-salle-de-presse,France Ministries,https://www.defense.gouv.fr/salle-de-presse,1980,2263,lower_bound,count_crawl,2191,1.1,
state-gov-press-releases,Custom: state-gov-press-releases,USA Executive Departments,https://www.state.gov/press-releases/,30,2192,exact,api_wordpress_state_press_release,0,0.0,
ird-hal-science-search,Custom: ird-hal-science-search,French Research Institutes,https://ird.hal.science/search/index/?q=%2A&rows=30&submitType_s=file&docType_s=REPORT,1144,2185,exact,hal_api,2164,12.2,
imt-nord-europe-hal-science-search,Custom: imt-nord-europe-hal-science-search,French Public Universities,https://imt-nord-europe.hal.science/search/index/?q=%2A&rows=30&submitType_s=file&docType_s=ART+OR+THESE+OR+COMM,61,2137,exact,hal_api,2137,11.5,
newsreleases-sandia-gov-archives-by-year,Custom: newsreleases-sandia-gov-archives-by-year,American Research Institutes,https://newsreleases.sandia.gov/archives-by-year/,2044,2046,exact,custom_api,0,0.0,
pasteur-fr-en,Custom: pasteur-fr-en,French Research Institutes,https://www.pasteur.fr/en/search-press?field_pst_doc_type=49,314,2036,exact,custom_api,19,0.0,
reports-nlr-nl-collections,Custom: reports-nlr-nl-collections,Dutch Research Centers,https://reports.nlr.nl/collections/9f55048d-9351-4613-bf4d-e48b90ffe9f3,18,1724,exact,api_dspace_rest7,1041,5.1,
ens-hal-science-search,Custom: ens-hal-science-search,French Public Universities,https://ens.hal.science/search/index/?q=%2A&rows=30&submitType_s=file&docType_s=REPORT+OR+OTHER,18340,1693,exact,hal_api,1688,8.0,
jsearch-mwr-gov-cn-irs-c-web,Custom: jsearch-mwr-gov-cn-irs-c-web,중국 완료,http://jsearch.mwr.gov.cn/irs-c-web/search.shtml?code=18703928938&dataTypeId=26264,2499,1685,lower_bound,count_timeout,0,0.0,
stami-no-en,Custom: stami-no-en,Norway Research Centers,https://stami.no/en/publication/?fwp_publikasjontype=academic-article,337,1661,exact,api_wordpress_publication,0,0.0,
cmi-no-publications,Custom: cmi-no-publications,Norway Research Centers,https://www.cmi.no/publications/search?pubtype=journal-articles,346,1657,exact,api_oai_resumption,120,0.1,
issnationallab-org-press-releases,Custom: issnationallab-org-press-releases,American Research Institutes,https://issnationallab.org/press-releases/,561,1586,exact,api_wordpress_posts,0,0.0,
issnationallab-org-about,Custom: issnationallab-org-about,American Research Institutes,https://issnationallab.org/about/annual-quarterly-reports-metrics/,82,1586,exact,api_wordpress_posts,1431,0.9,
meteoswiss-admin-ch-services-and-publica,Custom: meteoswiss-admin-ch-services-and-publica,Switzerland Research Centers,https://www.meteoswiss.admin.ch/services-and-publications/publications.html#order=date-desc&page=1&pageGroup=publication&tenant=mchweb,440,1574,exact,custom_api,1556,6.2,
knowledge-barnardos-ie-browse,Custom: knowledge-barnardos-ie-browse,Irish Research Centers,https://knowledge.barnardos.ie/browse/title,365,1375,exact,api_dspace_rest7,1375,2.8,
nrscotland-gov-uk-publications,Custom: nrscotland-gov-uk-publications,영국완료,https://www.nrscotland.gov.uk/publications/,359,1275,exact,custom_api,845,0.4,
jic-ac-uk-news-events,Custom: jic-ac-uk-news-events,영국완료,https://www.jic.ac.uk/news-events/,1138,1139,exact,api_wordpress_posts,0,0.0,
ehesp-fr-espace-presse,Custom: ehesp-fr-espace-presse,French Public Universities,https://www.ehesp.fr/espace-presse/communiques-de-presse/,127,1088,exact,api_wordpress_posts,1088,0.3,
caissedesdepots-fr-communiques-de-press,Custom: caissedesdepots-fr-communiques-de-press,French Public Institutions,https://www.caissedesdepots.fr/communiques-de-presse,1201,1000,lower_bound,count_crawl,1000,0.3,
fhi-no-en,Custom: fhi-no-en,Norway Research Centers,https://www.fhi.no/en/publ/?lang=en&type=con-32/cat-750&filter=&sort=1&page=1&archive=0,255,1000,exact,custom_api,953,1.8,
education-ni-gov-uk-news,Custom: education-ni-gov-uk-news,영국완료,https://www.education-ni.gov.uk/news,503,950,exact,api_html_count_regex,11,0.0,
canada-ca-en,Custom: canada-ca-en,Canada Ministries,https://www.canada.ca/en/news/advanced-news-search/news-results.html?_=1618957516190&dprtmnt=crownindigenousrelationsandnorthernaffairscanada&start=&end=,948,949,exact,custom_api,0,0.0,
kisdi-re-kr-bbs,Custom: kisdi-re-kr-bbs,한국완료,https://www.kisdi.re.kr/bbs/list.do?key=m2101113055776,502,933,lower_bound,count_timeout,931,0.5,
salute-gov-it-new,Custom: salute-gov-it-new,Italy Ministries,https://www.salute.gov.it/new/it/sezione/comunicati-stampa/,202,890,exact,custom_api,53,0.1,
cea-hal-science-cnrgh,Custom: cea-hal-science-cnrgh,French Research Institutes,https://cea.hal.science/CNRGH/search/index/?q=%2A&rows=30&docType_s=THESE+OR+COMM+OR+ART,759,866,exact,hal_api,550,1.7,
culture-gouv-fr-espace-documentation,Custom: culture-gouv-fr-espace-documentation,France Ministries,https://www.culture.gouv.fr/espace-documentation?resource_type%5B0%5D=50,304,862,exact,api_html_count_regex,788,4.0,
accc-gov-au-about-us,Custom: accc-gov-au-about-us,호주완료,https://www.accc.gov.au/about-us/publications,502,836,exact,api_html_count_regex,788,1.7,
inrae-fr-actualites,Custom: inrae-fr-actualites,French Research Institutes,https://www.inrae.fr/actualites?inrae_prod_created_date_desc%5BrefinementList%5D%5Bfield_system_tags_name%5D%5B0%5D=CP%20National,830,831,lower_bound,count_crawl,0,0.0,
rdr-kuleuven-be-dataverse,Custom: rdr-kuleuven-be-dataverse,벨기에완료,https://rdr.kuleuven.be/dataverse/rdr;jsessionid=a1a143970ce30c708f592f34c638?q=&types=datasets&sort=dateSort&order=desc&page=1,418,824,exact,api_oai_resumption,757,1.4,
hrb-ie-publications,Custom: hrb-ie-publications,Irish Research Centers,https://www.hrb.ie/publications/,187,819,exact,api_wordpress_posts,215,0.5,
krei-re-kr-krei,Custom: krei-re-kr-krei,한국완료,https://www.krei.re.kr/krei/page/53,1450,815,lower_bound,count_timeout,481,0.2,
ecat-ga-gov-au-geonetwork,Custom: ecat-ga-gov-au-geonetwork,호주완료,"https://ecat.ga.gov.au/geonetwork/srv/eng/catalog.search#/search?isTemplate=n&resourceTemporalDateRange=%7B%22range%22:%7B%22resourceTemporalDateRange%22:%7B%22gte%22:null,%22lte%22:null,%22relation%22:%22intersects%22%7D%7D%7D&sortBy=relevance&sortOrder=&from=1&to=30&any=PDF",796,799,lower_bound,count_crawl,786,13.0,
knmi-nl-kennis-en-datacentru,Custom: knmi-nl-kennis-en-datacentru,Dutch Research Centers,https://www.knmi.nl/kennis-en-datacentrum/zoekresultaten?q=&page=1&sort=score&type=data_center_publication&publication_types%5B%5D=knmi_publication&year_from=2016&year_to=2026,388,796,exact,api_html_count_regex,786,3.1,
waltoninstitute-ie-research,Custom: waltoninstitute-ie-research,Irish Research Centers,https://waltoninstitute.ie/research/publications,566,788,exact,custom_api,0,0.0,
dair-dias-ie-cgi,Custom: dair-dias-ie-cgi,Irish Research Centers,https://dair.dias.ie/cgi/search/archive/advanced?screen=Search&dataset=archive&documents_merge=ALL&documents=&title_merge=ALL&title=&creators_name_merge=ALL&creators_name=&abstract_merge=ALL&abstract=&date=&keywords_merge=ALL&keywords=&subjects_merge=ANY&divisions_merge=ANY&type=article&department_merge=ALL&department=&editors_name_merge=ALL&editors_name=&refereed=EITHER&publication_merge=ALL&publication=&satisfyall=ALL&order=-date%2Fcreators_name%2Ftitle&_action_search=Search,500,756,lower_bound,count_crawl,745,1.1,
krihs-re-kr-krihslibraryarticle,Custom: krihs-re-kr-krihslibraryarticle,한국완료,https://www.krihs.re.kr/krihsLibraryArticle/articleList.es?mid=a10103010000&pub_kind=1,744,744,lower_bound,count_crawl,0,0.0,
polytechnique-hal-science-search,Custom: polytechnique-hal-science-search,French Public Universities,https://polytechnique.hal.science/search/index/?q=%2A&rows=30&submitType_s=file&docType_s=OTHER+OR+REPORT,3103,717,exact,hal_api,714,2.8,
enc-hal-science-search,Custom: enc-hal-science-search,French Public Universities,https://enc.hal.science/search/index/?q=%2A&rows=30&submitType_s=file&docType_s=ART+OR+ETABTHESE+OR+COMM+OR+MEM,509,666,exact,hal_api,656,2.6,
go-griffith-ie-browse,Custom: go-griffith-ie-browse,Irish Research Centers,https://go.griffith.ie/browse/title,1111,662,exact,api_dspace_rest7,283,0.8,
differ-nl-publications,Custom: differ-nl-publications,Dutch Research Centers,https://www.differ.nl/publications?author=&year=&type=thesis&combine=,198,642,exact,custom_api,23,0.3,
publichealthscotland-scot-publications,Custom: publichealthscotland-scot-publications,영국완료,https://www.publichealthscotland.scot/publications/,373,626,exact,api_oai_resumption,554,0.4,
mentalhealthcommission-ca-resources,Custom: mentalhealthcommission-ca-resources,Canadian Research Centers,https://mentalhealthcommission.ca/resources/,589,616,exact,custom_api,33,0.1,
iisd-org-press,Custom: iisd-org-press,Canadian Research Centers,https://www.iisd.org/press?article_subtype[10]=10&sort_by=unified_date,342,601,exact,api_html_count_regex,7,0.0,
ukdataservice-ac-uk-2026,Custom: ukdataservice-ac-uk-2026,영국완료,https://ukdataservice.ac.uk/2026/03/20/latest-data-collections-and-new-editions-20-march-2026/,549,560,exact,api_wordpress_posts,0,0.0,
forest-go-kr-kfsweb,Custom: forest-go-kr-kfsweb,한국완료,https://www.forest.go.kr/kfsweb/cop/bbs/selectBoardList.do?bbsId=BBSMSTR_1036&mn=NKFS_04_02_01,931,552,lower_bound,count_timeout,547,1.3,
krihs-re-kr-boardes,Custom: krihs-re-kr-boardes,한국완료,https://www.krihs.re.kr/board.es?mid=a10607000000&bid=0008,600,547,lower_bound,count_timeout,491,1.2,
pnnl-gov-news,Custom: pnnl-gov-news,American Research Institutes,https://www.pnnl.gov/news?news%5B0%5D=type%3A23,322,547,exact,api_html_count_regex,0,0.0,
book-ioj-go-kr-library,Custom: book-ioj-go-kr-library,한국완료,https://book.ioj.go.kr/library/10210/search?materialTypes=bc&categoryTab=true,500,545,lower_bound,count_timeout,545,0.0,
kisdi-re-kr-report,Custom: kisdi-re-kr-report,한국완료,https://www.kisdi.re.kr/report/list.do?key=m2101113025536&arrMasterId=3934550,501,526,lower_bound,count_timeout,526,1.9,
krivet-re-kr,www.krivet.re.kr,한국완료,https://www.krivet.re.kr,1,518,lower_bound,count_timeout,313,1.7,
info-korail-com-info,Custom: info-korail-com-info,한국완료,https://info.korail.com/info/selectBbsNttList.do?bbsNo=199&key=911,565,516,lower_bound,count_timeout,516,0.3,
kihasa-re-kr-news,Custom: kihasa-re-kr-news,한국완료,https://www.kihasa.re.kr/news/press/list,615,514,lower_bound,count_timeout,308,0.3,
kmcc-go-kr-userdo,Custom: kmcc-go-kr-userdo,한국완료,https://www.kmcc.go.kr/user.do?boardId=1030&page=A02060400&dc=K02060400,666,507,lower_bound,count_timeout,403,0.5,
bok-or-kr-portal,Custom: bok-or-kr-portal,한국완료,https://www.bok.or.kr/portal/singl/newsData/list.do?pageIndex=1&targetDepth=&menuNo=201150&syncMenuChekKey=1&depthSubMain=&subMainAt=&searchCnd=1&searchKwd=&depth2=200038&date=&sdate=&edate=&sort=1&pageUnit=10,430,507,lower_bound,count_timeout,494,0.3,
kli-re-kr-kli,Custom: kli-re-kr-kli,한국완료,https://www.kli.re.kr/kli/rschRptpList.es?mid=a10102060000,500,499,lower_bound,count_timeout,485,2.1,
justice-gov-news,Custom: justice-gov-news,USA Executive Departments,https://www.justice.gov/news/press-releases,741,493,lower_bound,count_timeout,0,0.0,
kepco-co-kr-home,Custom: kepco-co-kr-home,한국완료,https://www.kepco.co.kr/home/media/newsroom/pr/boardList.do,400,490,exact,count_crawl,0,0.0,
ftc-go-kr-www,Custom: ftc-go-kr-www,한국완료,"https://www.ftc.go.kr/www/selectBbsNttList.do?bordCd=3&key=12&searchCtgry=01,02",694,489,lower_bound,count_timeout,488,0.2,
kdca-go-kr-kdca,Custom: kdca-go-kr-kdca,한국완료,https://www.kdca.go.kr/kdca/2847/subview.do,846,479,lower_bound,count_timeout,478,1.2,
gri-re-kr-web,Custom: gri-re-kr-web,한국완료,https://www.gri.re.kr/web/contents/resreport.do,516,479,lower_bound,count_timeout,454,0.0,
brsn-net-list,Custom: brsn-net-list,중국 완료,https://www.brsn.net/list/research/index.html,500,478,lower_bound,count_timeout,11,0.0,
efd-admin-ch-en,Custom: efd-admin-ch-en,Switzerland Departments,https://www.efd.admin.ch/en/overview/nsb?sort=dateDecreasing&display=list&organization=601&topic=all&from=2024-08-29&to=2025-08-29,500,471,lower_bound,count_timeout,0,0.0,
mi-se-arkiv,Custom: mi-se-arkiv,스웨덴 완료,https://www.mi.se/arkiv/?type=post,632,469,exact,api_wordpress_posts,99,0.2,
biorbic-com-publications,Custom: biorbic-com-publications,Irish Research Centers,https://biorbic.com/publications/,497,467,exact,count_crawl,4,0.0,
dhs-gov-congressional-approp,Custom: dhs-gov-congressional-approp,USA Executive Departments,https://www.dhs.gov/congressional-appropriations-reports,638,466,lower_bound,count_timeout,466,0.8,
masaf-gov-it-flex,Custom: masaf-gov-it-flex,Italy Ministries,https://www.masaf.gov.it/flex/cm/pages/ServeBLOB.php/L/IT/IDPagina/331,601,465,lower_bound,count_timeout,0,0.0,
kinfa-or-kr-notificationpromotio,Custom: kinfa-or-kr-notificationpromotio,한국완료,https://www.kinfa.or.kr/notificationPromotion/news.do,732,461,lower_bound,count_timeout,363,0.3,
busan-go-kr-nbtnewsbu,Custom: busan-go-kr-nbtnewsbu,한국완료,https://www.busan.go.kr/nbtnewsBU,537,459,lower_bound,count_timeout,458,0.2,
economy-ni-gov-uk-publications,Custom: economy-ni-gov-uk-publications,영국완료,https://www.economy-ni.gov.uk/publications,583,458,lower_bound,count_timeout,406,0.6,
daejeon-go-kr-drh,Custom: daejeon-go-kr-drh,한국완료,https://www.daejeon.go.kr/drh/board/boardNormalList.do?boardId=normal_0189&menuSeq=6825,473,456,lower_bound,count_timeout,0,0.0,
chungnam-go-kr-cnportal,Custom: chungnam-go-kr-cnportal,한국완료,https://www.chungnam.go.kr/cnportal/cnapcPressList/cnapcPress/list.do?menuNo=500498,425,456,lower_bound,count_timeout,0,0.0,
incheon-go-kr-ic010205,Custom: incheon-go-kr-ic010205,한국완료,https://www.incheon.go.kr/IC010205,1328,455,lower_bound,count_timeout,334,0.5,
kipo-go-kr-ko,Custom: kipo-go-kr-ko,한국완료,https://www.kipo.go.kr/ko/kpoBultnMgmt.do?menuCd=SCD0200640&parntMenuCd2=SCD0200281,500,453,lower_bound,count_timeout,446,5.4,
kei-re-kr-eliblistes,Custom: kei-re-kr-eliblistes,한국완료,https://www.kei.re.kr/elibList.es?mid=a10101010000,364,453,lower_bound,count_timeout,442,6.7,
lecese-fr-espace-presse,Custom: lecese-fr-espace-presse,French Public Institutions,https://www.lecese.fr/espace-presse,500,451,lower_bound,count_timeout,416,0.1,
afp-gov-au-news-centre,Custom: afp-gov-au-news-centre,호주완료,https://www.afp.gov.au/news-centre,432,451,lower_bound,count_timeout,7,0.1,
krivet-re-kr-kor,Custom: krivet-re-kr-kor,한국완료,https://www.krivet.re.kr/kor/sub.do?menuSn=12,500,450,lower_bound,count_timeout,0,0.0,
cirad-fr-espace-presse,Custom: cirad-fr-espace-presse,French Research Institutes,https://www.cirad.fr/espace-presse/communiques-de-presse,360,446,exact,api_html_count_regex,0,0.0,
info-daegu-go-kr-newshome,Custom: info-daegu-go-kr-newshome,한국완료,https://info.daegu.go.kr/newshome/mtnmain.php?mtnkey=scatelist&mkey=26,490,443,lower_bound,count_timeout,442,0.5,
english-www-gov-cn-archive,Custom: english-www-gov-cn-archive,중국 완료,https://english.www.gov.cn/archive/statecouncilgazette/,506,437,lower_bound,count_timeout,0,0.0,
defence-govt-nz-publications,Custom: defence-govt-nz-publications,뉴질랜드완료,https://www.defence.govt.nz/publications/doSearch/,431,433,exact,count_crawl,433,0.8,
jeju-go-kr-news,Custom: jeju-go-kr-news,한국완료,https://www.jeju.go.kr/news/bodo/list.htm,1087,432,lower_bound,count_timeout,8,0.1,
gnews-gg-go-kr-briefing,Custom: gnews-gg-go-kr-briefing,한국완료,https://gnews.gg.go.kr/briefing/brief_gongbo.do,500,432,lower_bound,count_timeout,430,0.1,
transformation-gouv-fr-espace-presse,Custom: transformation-gouv-fr-espace-presse,France Ministries,https://www.transformation.gouv.fr/espace-presse?field_type_presse_target_id%5B17%5D=17,211,428,exact,custom_api,428,0.2,
kwdi-re-kr-publications,Custom: kwdi-re-kr-publications,한국완료,https://www.kwdi.re.kr/publications/journal.do,500,423,lower_bound,count_timeout,390,1.3,
fss-or-kr-fss,Custom: fss-or-kr-fss,한국완료,https://www.fss.or.kr/fss/bbs/B0000188/list.do?menuNo=200218,500,420,lower_bound,count_timeout,419,0.2,
koti-re-kr-user,Custom: koti-re-kr-user,한국완료,https://www.koti.re.kr/user/bbs/bassRsrchReprtList.do,373,414,lower_bound,count_timeout,414,3.5,
comwel-or-kr-comwel,Custom: comwel-or-kr-comwel,한국완료,https://www.comwel.or.kr/comwel/noti/pres.jsp,471,409,lower_bound,count_timeout,409,0.0,
gb-go-kr-sub,Custom: gb-go-kr-sub,한국완료,https://gb.go.kr/Sub/open_contents/section/datastat/page.do?mnu_uid=7866&LARGE_CODE=820&MEDIUM_CODE=20&SMALL_CODE=40&SMALL_CODE2=20&mnu_order=3,406,407,exact,count_crawl,359,0.4,
mafra-go-kr-home,Custom: mafra-go-kr-home,한국완료,https://www.mafra.go.kr/home/5109/subview.do,761,401,lower_bound,count_timeout,401,0.1,
kinu-or-kr-main,Custom: kinu-or-kr-main,한국완료,https://www.kinu.or.kr/main/module/report/index.do?nav_code=mai1674786094,432,401,lower_bound,count_timeout,395,0.2,
gi-re-kr-home,Custom: gi-re-kr-home,한국완료,https://www.gi.re.kr/Home/H10000/H10100/pmsReportList,452,398,lower_bound,count_timeout,206,1.6,
ameslab-gov-news,Custom: ameslab-gov-news,American Research Institutes,https://www.ameslab.gov/news,394,396,exact,count_crawl,3,0.0,
kb-se-om-oss,Custom: kb-se-om-oss,스웨덴 완료,https://www.kb.se/om-oss/nyheter.html,80,395,exact,custom_api,25,0.1,
bundeskanzleramt-gv-at-bundeskanzleramt,Custom: bundeskanzleramt-gv-at-bundeskanzleramt,오스트리아완료,https://www.bundeskanzleramt.gv.at/bundeskanzleramt/nachrichten-der-bundesregierung/2021.html,480,389,lower_bound,count_timeout,9,0.0,
energy-gov-management,Custom: energy-gov-management,USA Executive Departments,https://www.energy.gov/management/directives-guidance-and-delegations,388,388,exact,count_crawl,386,0.2,
biblio-naturalsciences-be-rbins-publications,Custom: biblio-naturalsciences-be-rbins-publications,벨기에완료,https://biblio.naturalsciences.be/rbins-publications/,500,387,lower_bound,count_timeout,244,0.8,
ed-gov-about,Custom: ed-gov-about,USA Executive Departments,https://www.ed.gov/about/news/press-release,224,387,exact,api_html_count_regex,171,0.3,
wti-org-research,Custom: wti-org-research,Switzerland Research Centers,https://www.wti.org/research/publications/?q=&type=2&author=&research_project=,303,386,exact,api_html_count_regex,0,0.0,
ecologie-gouv-fr-presse,Custom: ecologie-gouv-fr-presse,France Ministries,https://www.ecologie.gouv.fr/presse,4049,383,lower_bound,count_timeout,39,0.1,
defensa-gob-es-gabinete,Custom: defensa-gob-es-gabinete,Spain Ministries,https://www.defensa.gob.es/gabinete/notasPrensa/,421,383,lower_bound,count_timeout,3,0.0,
babraham-ac-uk-news,Custom: babraham-ac-uk-news,영국완료,https://www.babraham.ac.uk/news/category/news,483,380,lower_bound,count_timeout,6,0.0,
diplomatie-gouv-fr-en,Custom: diplomatie-gouv-fr-en,France Ministries,https://www.diplomatie.gouv.fr/en/press-room/latest-news?amp;amp;amp;page_courante=4&amp;amp;page_courante=3&amp;page_courante=5&page_courante=1#pagination_actus_article,551,379,lower_bound,count_timeout,6,0.0,
kiep-go-kr-galleryes,Custom: kiep-go-kr-galleryes,한국완료,https://www.kiep.go.kr/gallery.es?mid=a10101010000&bid=0001&cg_code=C03%2CC05%2CC02%2CC13%2CC01%2CC19%2CC17%2CC11%2CC20,437,377,lower_bound,count_timeout,220,1.4,
ir-cwi-nl,Custom: ir-cwi-nl,Dutch Research Centers,https://ir.cwi.nl/#facet=type:article|dissertation|masterThesis,592,375,lower_bound,count_timeout,288,1.4,
kna-forest-go-kr-kfsweb,Custom: kna-forest-go-kr-kfsweb,한국완료,https://kna.forest.go.kr/kfsweb/kfi/kfs/kna/application/publication/list.do?mainCd=210103&mn=UKNA_04_10,372,375,exact,count_crawl,371,13.6,
civilprotection-gov-gr-deltia-tupou,Custom: civilprotection-gov-gr-deltia-tupou,Greece Ministries,https://civilprotection.gov.gr/deltia-tupou?filter_content_type%5B%5D=deltio_typoy&field_omilia_value%5B%5D=2&field_omilia_value_op=not,500,374,lower_bound,count_timeout,0,0.0,
ir-arcnl-nl,Custom: ir-arcnl-nl,Dutch Research Centers,https://ir.arcnl.nl/#facet=type:article|dissertation|masterThesis|bachelorThesis,452,373,lower_bound,count_timeout,347,2.7,
academie-sciences-fr-espace-presse,Custom: academie-sciences-fr-espace-presse,French Public Institutions,https://www.academie-sciences.fr/espace-presse,68,370,exact,custom_api,370,0.4,
amolf-nl-publications,Custom: amolf-nl-publications,Dutch Research Centers,https://amolf.nl/publications,512,362,lower_bound,count_timeout,0,0.0,
humanrights-go-kr-base,Custom: humanrights-go-kr-base,한국완료,https://www.humanrights.go.kr/base/board/list?boardManagementNo=20&menuLevel=3&menuNo=120,450,359,lower_bound,count_timeout,358,0.3,
nofima-com-publication,Custom: nofima-com-publication,Norway Research Centers,https://nofima.com/publication/?_sft_bc_tax_pubtype=nofimareports&_sfm_year_published=1980+2027,200,359,exact,api_wordpress_posts,0,0.0,
accc-gov-au-search,Custom: accc-gov-au-search,호주완료,https://www.accc.gov.au/search?query=pdf,454,358,exact,count_crawl,231,1.0,
kedi-re-kr-khome,Custom: kedi-re-kr-khome,한국완료,https://www.kedi.re.kr/khome/main/research/kediBrief.do,519,357,lower_bound,count_timeout,3,0.0,
english-cnipa-gov-cn-col,Custom: english-cnipa-gov-cn-col,중국 완료,https://english.cnipa.gov.cn/col/col2967/index.html,353,353,exact,count_crawl,101,0.5,
kipf-re-kr-bbs,Custom: kipf-re-kr-bbs,한국완료,https://www.kipf.re.kr/bbs/kor_Plaza_PressRelease.do,352,353,exact,count_crawl,351,0.7,
gyeongnam-go-kr-board,Custom: gyeongnam-go-kr-board,한국완료,https://www.gyeongnam.go.kr/board/list.gyeong?boardId=BBS_0000060&menuCd=DOM_000000135002001000&contentsSid=6959&cpath=,190,352,lower_bound,count_timeout,352,0.4,
cre-fr-documents,Custom: cre-fr-documents,French Public Institutions,https://www.cre.fr/documents/rapports-et-etudes.html,27,351,exact,api_html_count_regex,299,0.3,
em-dk-aktuelt,Custom: em-dk-aktuelt,덴마크완료,https://www.em.dk/aktuelt/udgivelser-og-aftaler,350,350,exact,count_crawl,347,0.7,
hea-ie-resources,Custom: hea-ie-resources,Irish Research Centers,https://hea.ie/resources/publications/,221,347,exact,api_wordpress_posts,347,0.9,
research-imt-nord-europe-fr-news,Custom: research-imt-nord-europe-fr-news,French Public Universities,https://research.imt-nord-europe.fr/news/,56,347,exact,api_wordpress_posts,50,0.0,
kcg-go-kr-kcg,Custom: kcg-go-kr-kcg,한국완료,https://www.kcg.go.kr/kcg/na/ntt/selectNttList.do?mi=2799&bbsId=313,624,342,lower_bound,count_timeout,340,0.5,
cdhowe-org-research-insights,Custom: cdhowe-org-research-insights,Canadian Research Centers,https://cdhowe.org/research-insights/,344,337,lower_bound,count_timeout,199,0.1,
hec-hal-science-search,Custom: hec-hal-science-search,French Public Universities,https://hec.hal.science/search/index/?q=%2A&rows=30&submitType_s=file&docType_s=THESE+OR+ART+OR+COMM,313,335,exact,hal_api,331,1.5,
kasa-go-kr-bbs,Custom: kasa-go-kr-bbs,한국완료,https://www.kasa.go.kr/bbs/BBSMSTR_000000000010/list.do,331,331,exact,count_crawl,314,0.5,
gwangju-go-kr-boardlistdo,Custom: gwangju-go-kr-boardlistdo,한국완료,https://www.gwangju.go.kr/boardList.do?boardId=BD_0000000027&pageId=www789,500,329,lower_bound,count_timeout,0,0.0,
agriculture-gouv-fr-recherche-developpem,Custom: agriculture-gouv-fr-recherche-developpem,France Ministries,https://agriculture.gouv.fr/recherche-developpement-et-innovation,472,329,lower_bound,count_timeout,3,0.0,
keei-re-kr-boardes,Custom: keei-re-kr-boardes,한국완료,https://www.keei.re.kr/board.es?mid=a10202020000&bid=0008,452,328,lower_bound,count_timeout,328,1.8,
bmas-de-de,Custom: bmas-de-de,Germany Ministries,https://www.bmas.de/DE/Service/Publikationen/Neue-Publikationen/neue-publikationen.html,454,326,lower_bound,count_timeout,0,0.0,
justitsministeriet-dk-pressemeddelelse,Custom: justitsministeriet-dk-pressemeddelelse,덴마크완료,https://www.justitsministeriet.dk/pressemeddelelse/,346,321,lower_bound,count_timeout,123,0.2,
afd-fr-fr,Custom: afd-fr-fr,French Public Institutions,https://www.afd.fr/fr/publications/liste?words=&type%5B170%5D=170,797,319,lower_bound,count_timeout,287,0.6,
em-lyon-com-en,Custom: em-lyon-com-en,French Public Universities,https://em-lyon.com/en/newsroom,348,318,lower_bound,count_timeout,33,0.0,
esri-ie-publications,Custom: esri-ie-publications,Irish Research Centers,https://www.esri.ie/publications/browse,531,310,lower_bound,count_timeout,186,0.3,
arcom-fr-presse,Custom: arcom-fr-presse,French Public Institutions,https://www.arcom.fr/presse?field_type_de_presse_target_id%5B16%5D=16&field_date_de_decision_value_1=&field_date_de_decision_value=&sort_bef_combine=field_date_de_decision_value_ASC,290,307,exact,api_html_count_regex,282,0.1,
fmn-dk-da,Custom: fmn-dk-da,덴마크완료,https://www.fmn.dk/da/nyheder/,848,306,lower_bound,count_timeout,48,0.0,
klri-re-kr-kor,Custom: klri-re-kr-kor,한국완료,https://www.klri.re.kr/kor/issueData/B/list.do,590,303,lower_bound,count_timeout,109,0.3,
educacionfpydeportes-gob-es-prensahtml,Custom: educacionfpydeportes-gob-es-prensahtml,Spain Ministries,https://www.educacionfpydeportes.gob.es/prensa.html,347,303,lower_bound,count_timeout,5,0.0,
en-nim-ac-cn-taxonomy,Custom: en-nim-ac-cn-taxonomy,중국 완료,https://en.nim.ac.cn/taxonomy/term/170,303,303,exact,count_crawl,0,0.0,
jeonnam-go-kr-m7116,Custom: jeonnam-go-kr-m7116,한국완료,https://www.jeonnam.go.kr/M7116/boardList.do?menuId=jeonnam0202000000,770,300,lower_bound,count_timeout,300,0.1,
lavoro-gov-it-stampa-e-media,Custom: lavoro-gov-it-stampa-e-media,Italy Ministries,https://www.lavoro.gov.it/stampa-e-media/Comunicati/Pagine/Comunicati,340,294,lower_bound,count_timeout,2,0.0,
gnewsonline-it-category,Custom: gnewsonline-it-category,Italy Ministries,https://www.gnewsonline.it/category/comunicati-stampa/,343,287,lower_bound,count_timeout,0,0.0,
ifremer-fr-fr,Custom: ifremer-fr-fr,French Research Institutes,https://www.ifremer.fr/fr/espace-presse,286,287,exact,count_crawl,150,0.1,
earlham-ac-uk-newsroom,Custom: earlham-ac-uk-newsroom,영국완료,https://www.earlham.ac.uk/newsroom,278,283,exact,count_crawl,0,0.0,
cnic-es-en,Custom: cnic-es-en,Spanish Research Centers,https://www.cnic.es/en/scientific-report,419,282,lower_bound,count_timeout,0,0.0,
kice-re-kr-boardcnts,Custom: kice-re-kr-boardcnts,한국완료,https://www.kice.re.kr/boardCnts/list.do?boardID=10024&m=050102&s=kice&searchStr=,500,279,lower_bound,count_timeout,65,0.5,
kwdi-re-kr-plaza,Custom: kwdi-re-kr-plaza,한국완료,https://www.kwdi.re.kr/plaza/bodo.do,819,276,lower_bound,count_timeout,263,0.2,
dst-dk-da,Custom: dst-dk-da,덴마크완료,https://www.dst.dk/da/Statistik/nyheder-analyser-publ/Analyser,408,275,lower_bound,count_timeout,270,0.9,
irsn-fr-actualites,Custom: irsn-fr-actualites,French Research Institutes,https://www.irsn.fr/actualites/communiques-presse,274,274,exact,count_crawl,16,0.0,
bmluk-gv-at-service,Custom: bmluk-gv-at-service,오스트리아완료,https://www.bmluk.gv.at/service/zahlen-fakten-neu/statistik-agrarberichte-gruene-berichte.html,315,272,exact,count_crawl,230,0.2,
auri-re-kr-boardes,Custom: auri-re-kr-boardes,한국완료,https://www.auri.re.kr/board.es?mid=a10401030000&bid=0013,260,267,exact,count_crawl,253,0.7,
hrbopenresearch-org,HRB Open Research,Irish Research Centers,https://hrbopenresearch.org/browse/articles,437,260,lower_bound,count_timeout,0,0.0,
bdap-opendata-rgs-mef-gov-it-catalog,Custom: bdap-opendata-rgs-mef-gov-it-catalog,Italy Ministries,https://bdap-opendata.rgs.mef.gov.it/catalog,360,258,lower_bound,count_timeout,241,0.1,
osr-statisticsauthority-gov-uk-publications-list,Custom: osr-statisticsauthority-gov-uk-publications-list,영국완료,https://osr.statisticsauthority.gov.uk/publications-list/,257,255,exact,api_wordpress_posts,199,0.1,
cpb-nl-en,Custom: cpb-nl-en,Dutch Research Centers,https://www.cpb.nl/en/publications,371,254,lower_bound,count_timeout,249,0.3,
ec-lyon-hal-science-search,Custom: ec-lyon-hal-science-search,French Public Universities,https://ec-lyon.hal.science/search/index/?q=%2A&rows=30&submitType_s=file&docType_s=REPORT+OR+OTHER,222,252,exact,hal_api,247,0.6,
fair-healthdata-be-search,Custom: fair-healthdata-be-search,벨기에완료,https://fair.healthdata.be/search,10,248,exact,custom_api,150,0.0,
gichd-org-publications-resourc,Custom: gichd-org-publications-resourc,Switzerland Research Centers,https://www.gichd.org/publications-resources/publications/,266,245,lower_bound,count_timeout,211,0.9,
audencia-com-lecole,Custom: audencia-com-lecole,French Public Universities,https://www.audencia.com/lecole/newsroom/communiques-de-presse,246,243,exact,count_crawl,6,0.0,
frontiersin-org-articles,Custom: frontiersin-org-articles,American Research Institutes,https://www.frontiersin.org/articles,1230,242,exact,api_html_count_regex,83,0.2,
harcresearch-org-news,Custom: harcresearch-org-news,American Research Institutes,https://harcresearch.org/news/,240,240,exact,count_crawl,34,0.3,
cerema-fr-fr,Custom: cerema-fr-fr,French Research Institutes,https://www.cerema.fr/fr/presse/document,231,240,exact,count_crawl,207,0.2,
nationalacademies-org-publications,Custom: nationalacademies-org-publications,French Research Institutes,https://www.nationalacademies.org/publications/all?unit[]=CSTB,184,236,exact,custom_api,50,0.1,
ejournals-epublishing-ekt-gr-indexphp,Custom: ejournals-epublishing-ekt-gr-indexphp,Greece Research Centers,https://ejournals.epublishing.ekt.gr/index.php/index/journals-catalog,474,235,lower_bound,count_timeout,231,0.8,
acpr-banque-france-fr-fr,Custom: acpr-banque-france-fr-fr,French Public Institutions,https://acpr.banque-france.fr/fr/communiques-de-presse,225,233,exact,count_crawl,230,0.4,
arrow-tudublin-ie-creaart,Custom: arrow-tudublin-ie-creaart,Irish Research Centers,https://arrow.tudublin.ie/creaart/,229,231,exact,custom_api,62,0.1,
fafo-no-en,Custom: fafo-no-en,Norway Research Centers,https://www.fafo.no/en/publications,322,228,lower_bound,count_timeout,186,0.3,
bmbfsfj-bund-de-bmbfsfj,Custom: bmbfsfj-bund-de-bmbfsfj,Germany Ministries,https://www.bmbfsfj.bund.de/bmbfsfj/aktuelles/alle-meldungen,502,226,exact,api_html_count_regex,33,0.0,
secihti-mx-sala-de-prensa,Custom: secihti-mx-sala-de-prensa,Mexico Ministries,https://secihti.mx/sala-de-prensa/,218,226,exact,custom_api,203,0.1,
brgm-fr-fr,Custom: brgm-fr-fr,French Research Institutes,https://www.brgm.fr/fr/actualites?type=Communiqu%C3%A9%20de%20presse,234,223,lower_bound,count_timeout,222,0.3,
artsetmetiers-fr-fr,Custom: artsetmetiers-fr-fr,French Public Universities,https://artsetmetiers.fr/fr/communiques-de-presse,222,223,exact,count_crawl,223,0.1,
data-taltech-ee-search,Custom: data-taltech-ee-search,Estonia Research Centers,https://data.taltech.ee/search?q=&f=access_status%3Aopen&f=file_type%3Apdf&f=resource_type%3Adataset&f=resource_type%3Apublication&f=is_published%3Atrue&l=list&p=1&s=10&sort=newest,92,219,exact,custom_api,133,0.3,
carabinieri-it-in-vostro-aiuto,Custom: carabinieri-it-in-vostro-aiuto,Italy Ministries,https://www.carabinieri.it/in-vostro-aiuto/informazioni/comunicati-stampa,301,218,lower_bound,count_timeout,0,0.0,
ifau-se-press,Custom: ifau-se-press,스웨덴 완료,https://www.ifau.se/Press/Meddelanden/,215,215,exact,count_crawl,0,0.0,
emep-int-mscw,Custom: emep-int-mscw,Norway Research Centers,https://emep.int/mscw/mscw_publications.html,213,215,exact,count_crawl,153,2.3,
cnipa-gov-cn-col,Custom: cnipa-gov-cn-col,중국 완료,https://www.cnipa.gov.cn/col/col88/index.html,213,213,exact,count_crawl,1,0.0,
sodha-be-dataverse,Custom: sodha-be-dataverse,벨기에완료,https://www.sodha.be/dataverse/sodha;jsessionid=a17e84dd70965738edb4862be19d?q=&types=datasets&sort=dateSort&order=desc&page=1,152,211,exact,api_oai_resumption,172,0.9,
kipf-re-kr-kor,Custom: kipf-re-kr-kor,한국완료,https://www.kipf.re.kr/kor/Publication/PolicyResearch/kiPublish/CD3/list.do,601,206,exact,count_crawl,205,2.3,
issnationallab-org-publications,Custom: issnationallab-org-publications,American Research Institutes,https://issnationallab.org/publications/,205,206,exact,api_wordpress_publications,0,0.0,
doi-gov-bpp,Custom: doi-gov-bpp,USA Executive Departments,https://www.doi.gov/bpp/pars,204,204,exact,count_crawl,204,0.2,
lib-cssn-cn-zy,Custom: lib-cssn-cn-zy,중국 완료,http://lib.cssn.cn/zy/dzzy/?column=xueke,204,204,exact,count_crawl,0,0.0,
deltares-nl-en,Custom: deltares-nl-en,Dutch Research Centers,https://www.deltares.nl/en/expertise/publications?languages=Dutch&languages=English&materials=ARTICLE,155,200,exact,api_html_count_regex,0,0.0,
bundesgesundheitsministerium-de-service,Custom: bundesgesundheitsministerium-de-service,독일완료,https://www.bundesgesundheitsministerium.de/service/publikationen/drogen-und-sucht.html,229,199,lower_bound,count_timeout,198,0.3,
sandia-gov-news,Custom: sandia-gov-news,American Research Institutes,https://www.sandia.gov/news/publications/hpc-annual-reports/,101,199,exact,api_wordpress_posts,193,2.5,
gov-wales-publications,Custom: gov-wales-publications,영국완료,https://www.gov.wales/publications,155,192,lower_bound,count_timeout,142,0.1,
github-com-orgs,Custom: github-com-orgs,Dutch Research Centers,https://github.com/orgs/Deltares/repositories,91,190,exact,custom_api,0,0.0,
envt-hal-science-search,Custom: envt-hal-science-search,French Public Universities,https://envt.hal.science/search/index/?q=%2A&rows=30&submitType_s=file&docType_s=OTHER+OR+REPORT,1063,188,exact,hal_api,188,0.6,
data-statistik-gv-at-web,Custom: data-statistik-gv-at-web,오스트리아완료,https://data.statistik.gv.at/web/catalog.jsp#,500,186,lower_bound,count_timeout,0,0.0,
ami-swiss-en,Custom: ami-swiss-en,Switzerland Research Centers,https://www.ami.swiss/en/research/publications.html,558,184,lower_bound,count_timeout,0,0.0,
icp-hal-science-search,Custom: icp-hal-science-search,French Public Institutions,https://icp.hal.science/search/index/?q=%2A&rows=30&submitType_s=file&docType_s=ART+OR+COMM,220,182,exact,hal_api,180,0.2,
rfi-ac-uk-latest,Custom: rfi-ac-uk-latest,영국완료,https://www.rfi.ac.uk/latest/?filter_nonce=7afe782d93&filter=news,142,181,exact,api_wordpress_posts,0,0.0,
nina-no-english,Custom: nina-no-english,Norway Research Centers,https://www.nina.no/english/Publications/NINA-Special-Report,36,180,exact,api_html_count_regex,105,0.4,
gcsp-ch-publications,Custom: gcsp-ch-publications,Switzerland Research Centers,https://www.gcsp.ch/publications?type%5B230%5D=230&type%5B879%5D=879&type%5B600%5D=600&type%5B675%5D=675,176,178,exact,count_crawl,86,0.1,
justice-gouv-fr-documentation,Custom: justice-gouv-fr-documentation,France Ministries,https://www.justice.gouv.fr/documentation/ressources?categories%5B%5D=399&categories%5B%5D=431&items_per_page=100,167,178,exact,api_html_count_regex,156,0.3,
enssib-hal-science-search,Custom: enssib-hal-science-search,French Public Universities,https://enssib.hal.science/search/index/?q=%2A&rows=30&submitType_s=file&docType_s=COMM+OR+ART,12,177,exact,hal_api,107,0.4,
auri-re-kr-publication,Custom: auri-re-kr-publication,한국완료,https://www.auri.re.kr/publication/list.es?mid=a10312000000&publication_type=research,593,176,lower_bound,count_timeout,172,11.7,
cer-rec-gc-ca-en,Custom: cer-rec-gc-ca-en,Canadian Research Centers,https://www.cer-rec.gc.ca/en/about/publications-reports/index.html,175,174,exact,count_crawl,88,0.2,
data-aeronomie-be-dataset,Custom: data-aeronomie-be-dataset,벨기에완료,https://data.aeronomie.be/dataset/?res_format=PDF,33,170,exact,api_ckan,165,0.8,
csem-ch-en,Custom: csem-ch-en,Switzerland Research Centers,https://www.csem.ch/en/press/,168,169,exact,api_html_count_regex,128,0.1,
igualdad-gob-es-comunicacion,Custom: igualdad-gob-es-comunicacion,Spain Ministries,https://www.igualdad.gob.es/comunicacion/sala-de-prensa/,216,166,lower_bound,count_timeout,15,0.0,
kjonnsforskning-no-nb,Custom: kjonnsforskning-no-nb,Norway Research Centers,https://kjonnsforskning.no/nb/tidsskrift-for-kjonnsforskning,100,166,exact,custom_api,0,0.0,
dol-gov-newsroom,Custom: dol-gov-newsroom,USA Executive Departments,https://www.dol.gov/newsroom/releases?agency=All&state=All&topic=All&year=all&page=0,275,165,lower_bound,count_timeout,41,0.0,
dpmc-govt-nz-publications,Custom: dpmc-govt-nz-publications,뉴질랜드완료,https://www.dpmc.govt.nz/publications,571,161,lower_bound,count_timeout,0,0.0,
digital-gob-es-comunicacion,Custom: digital-gob-es-comunicacion,Spain Ministries,https://digital.gob.es/comunicacion,416,159,lower_bound,count_timeout,83,0.0,
icn-hal-science-search,Custom: icn-hal-science-search,French Public Universities,https://icn.hal.science/search/index/?q=%2A&rows=30&submitType_s=file&docType_s=ART+OR+COMM,133,154,exact,hal_api,142,0.1,
libreria-educacion-gob-es-p,Custom: libreria-educacion-gob-es-p,Spain Ministries,https://www.libreria.educacion.gob.es/p/3740_estadisticas/,330,152,lower_bound,count_timeout,136,2.0,
ens-lyon-fr-lecole,Custom: ens-lyon-fr-lecole,French Public Universities,https://www.ens-lyon.fr/lecole/medias-et-presse/communiques-de-presse,154,151,exact,count_crawl,54,0.0,
krihs-re-kr-krihslibraryreport,Custom: krihs-re-kr-krihslibraryreport,한국완료,https://www.krihs.re.kr/krihsLibraryReport/briefList.es?mid=a10103060000&pub_kind=BR_2,168,150,exact,count_crawl,17,0.0,
ifpenergiesnouvelles-fr-tags,Custom: ifpenergiesnouvelles-fr-tags,French Research Institutes,https://www.ifpenergiesnouvelles.fr/tags/communiques-presse,150,150,exact,count_crawl,6,0.0,
bmftr-bund-de-siteglobals,Custom: bmftr-bund-de-siteglobals,독일완료,https://www.bmftr.bund.de/SiteGlobals/Forms/Suche/Publikationssuche/Publikationssuche_Formular.html,197,144,lower_bound,count_timeout,144,0.6,
amf-france-org-fr,Custom: amf-france-org-fr,French Public Institutions,https://www.amf-france.org/fr/actualites-publications/communiques/communiques-de-lamf,157,135,lower_bound,count_timeout,132,0.1,
epa-ie-news-releases,Custom: epa-ie-news-releases,Irish Research Centers,https://www.epa.ie/news-releases/news-releases-2025/,120,128,exact,count_crawl,0,0.0,
cnes-fr-communiques,Custom: cnes-fr-communiques,French Research Institutes,https://cnes.fr/communiques?display_parameters%5Bdisplay_type%5D=0,119,127,exact,api_html_count_regex,98,0.0,
idiap-ch-en,Custom: idiap-ch-en,Switzerland Research Centers,https://www.idiap.ch/en/scientific-research/data#b_start=0,125,125,lower_bound,count_timeout,74,0.0,
juventudeinfancia-gob-es-es,Custom: juventudeinfancia-gob-es-es,Spain Ministries,https://www.juventudeinfancia.gob.es/es/comunicacion/notas-prensa,306,124,lower_bound,count_timeout,11,0.0,
mef-gov-it-ufficio-stampa,Custom: mef-gov-it-ufficio-stampa,Italy Ministries,https://www.mef.gov.it/ufficio-stampa/comunicati/2025/,204,122,exact,api_html_count_regex,116,0.0,
cds-cern-ch-collection,Custom: cds-cern-ch-collection,Switzerland Research Centers,https://cds.cern.ch/collection/Published%20Articles?ln=en,505,121,exact,count_crawl,0,0.0,
economie-fgov-be-nl,Custom: economie-fgov-be-nl,벨기에완료,https://economie.fgov.be/nl/publicaties,138,120,exact,count_crawl,16,0.0,
hi-no-en,Custom: hi-no-en,Norway Research Centers,https://www.hi.no/en/hi/nettrapporter,119,119,exact,count_crawl,118,0.8,
didaktorika-gr-eadd,Custom: didaktorika-gr-eadd,Greece Research Centers,https://www.didaktorika.gr/eadd/simple-search?query=&rpp=100&sort_by=0&order=DESC,118,118,exact,count_crawl,112,0.0,
alrc-gov-au-publications,Custom: alrc-gov-au-publications,호주완료,https://www.alrc.gov.au/publications/final-report/,116,116,exact,count_crawl,89,0.3,
datos-gob-mx-cultura,Custom: datos-gob-mx-cultura,Mexico Ministries,https://datos.gob.mx/dataset/?_groups_limit=0&_organization_limit=0&groups=cultura,114,114,exact,api_ckan,0,0.0,
climateinstitute-ca-newsroom,Custom: climateinstitute-ca-newsroom,Canadian Research Centers,https://climateinstitute.ca/newsroom/news-releases/,110,114,exact,api_wordpress_news,0,0.0,
cancer-fr-presse,Custom: cancer-fr-presse,French Public Institutions,https://www.cancer.fr/presse?press_list%5Bfilters%5D%5Bdate_from%5D=&press_list%5Bfilters%5D%5Bdate_to%5D=&search=,110,111,exact,api_html_count_regex,52,0.1,
datos-gob-mx-presupuesto,Custom: datos-gob-mx-presupuesto,Mexico Ministries,https://datos.gob.mx/dataset/?_groups_limit=0&_organization_limit=0&groups=presupuesto,108,108,exact,api_ckan,0,0.0,
adruk-org-news-publications,Custom: adruk-org-news-publications,영국완료,https://www.adruk.org/news-publications/annual-reports/,210,106,exact,count_crawl,39,0.1,
ifau-se-forskning,Custom: ifau-se-forskning,스웨덴 완료,https://www.ifau.se/Forskning/Publikationer/Dissertation-series/,101,106,exact,count_crawl,106,0.1,
college-de-france-fr-en,Custom: college-de-france-fr-en,French Public Universities,https://www.college-de-france.fr/en/news?f%5B0%5D=type%3A4825,105,105,exact,count_crawl,0,0.0,
miit-gov-cn-zc,Custom: miit-gov-cn-zc,중국 완료,https://www.miit.gov.cn/zc/wjxzfl/xzgfxwj/index.html,104,104,exact,custom_api,16,0.0,
elocus-lib-uoc-gr-search,Custom: elocus-lib-uoc-gr-search,Greece Research Centers,https://elocus.lib.uoc.gr/search/?store_query=1&display_mode=overview&search_help=list&show_form=%27%27&search_type=advanced&search_help=&display_mode=overview&wf_step=init&show_hidden=0&number=10&keep_number=&cclterm1=&cclterm2=&cclterm3=&cclterm4=&cclterm5=&cclterm6=&cclterm7=&cclterm8=%2Fhierarchy%2Fmaterial%2F030&cclterm9=&cclfield1=author&cclfield2=title&cclfield3=subject&cclfield4=datefrom&cclfield5=dateto&cclfield6=&cclfield7=lang&cclfield8=collection&cclfield9=department&cclop1=and&cclop2=and&cclop3=and&cclop4=and&cclop5=&cclop6=and&cclop7=and&cclop8=and&display_help=0&offset=1&search_coll%5Bmetadata%5D=0&search_coll%5Bdlib%5D=1&stored_cclquery=&skin=&rss=0&store_query=1&show_form=&clone_file=&export_method=none&search_coll%5Bdlib%5D=1&cclfield1=author&cclterm1=&cclop1=and&cclfield2=title&cclterm2=&cclop2=and&cclfield3=subject&cclterm3=&cclop3=and&cclfield4=datefrom&cclterm4=&cclop4=and&cclfield5=dateto&cclterm5=&cclop6=and&cclfield7=lang&cclterm7=&cclop7=and&cclfield8=collection&cclterm8=%2Fhierarchy%2Fmaterial%2F010&cclop8=and&cclfield9=department&cclterm9=#,282,103,lower_bound,count_timeout,73,0.3,
kefm-dk-aftaler,Custom: kefm-dk-aftaler,덴마크완료,https://www.kefm.dk/aftaler,101,102,exact,count_crawl,87,0.0,
kostat-go-kr-boardes,Custom: kostat-go-kr-boardes,한국완료,https://www.kostat.go.kr/board.es?mid=a10403010000&bid=1401,100,102,exact,count_crawl,75,0.0,
swisspolar-ch-expeditions,Custom: swisspolar-ch-expeditions,Switzerland Research Centers,https://swisspolar.ch/expeditions/ace/ace-publications/,94,101,exact,custom_api,1,0.0,
gov-ie-en,Custom: gov-ie-en,Ireland Ministries,https://www.gov.ie/en/search/?category=Press%20release&organisation=Department%20of%20the%20Taoiseach,780,100,exact,api_html_count_regex,3,0.0,
rosap-ntl-bts-gov-cbrowse,Custom: rosap-ntl-bts-gov-cbrowse,American Research Institutes,https://rosap.ntl.bts.gov/cbrowse?pid=dot%3A231&parentId=dot%3A231&sm_resource_type%5B%5D=Tech+Report,562,100,exact,api_html_count_regex,100,0.4,
health-ni-gov-uk-news,Custom: health-ni-gov-uk-news,영국완료,https://www.health-ni.gov.uk/news,137,100,exact,count_crawl,0,0.0,
fm-dk-udgivelser,Custom: fm-dk-udgivelser,덴마크완료,https://fm.dk/udgivelser/,100,100,exact,count_crawl,100,0.4,
library-kwrwater-nl-en,Custom: library-kwrwater-nl-en,Dutch Research Centers,https://library.kwrwater.nl/en/publications/filter/?document_type=BTO%20rapport;KWRW%20-Waterwijs%20rapport;Peer%20review%20artikel;Vakblad%20artikel,51,100,exact,api_html_count_regex,0,0.0,
hfml-felix-nl-en,Custom: hfml-felix-nl-en,Dutch Research Centers,https://www.hfml-felix.nl/en/publications/,62,98,exact,api_html_count_regex,0,0.0,
bmleh-de-siteglobals,Custom: bmleh-de-siteglobals,독일완료,https://www.bmleh.de/SiteGlobals/Forms/Suche/DE/GoodPracticessuche/GoodPracticessuche_Formular.html?view=processForm&nn=902,200,97,lower_bound,count_timeout,96,0.0,
meteofrance-fr-actualite,Custom: meteofrance-fr-actualite,French Research Institutes,https://meteofrance.fr/actualite/publications/les-publications-de-meteo-france,94,97,exact,count_crawl,94,0.2,
futureneurocentre-ie-our-research,Custom: futureneurocentre-ie-our-research,Irish Research Centers,https://futureneurocentre.ie/our-research/publications/,455,95,exact,api_wordpress_posts,26,0.1,
business-sweden-com-about-us,Custom: business-sweden-com-about-us,스웨덴 완료,https://www.business-sweden.com/about-us/media/press-releases/,94,94,exact,count_crawl,0,0.0,
mimit-gov-it-it,Custom: mimit-gov-it-it,Italy Ministries,https://www.mimit.gov.it/it/per-i-media/pubblicazioni,92,93,exact,count_crawl,89,0.3,
nei-nih-gov-learn-about-eye-heal,Custom: nei-nih-gov-learn-about-eye-heal,American Research Institutes,https://www.nei.nih.gov/learn-about-eye-health/outreach-resources/outreach-materials,88,93,exact,api_html_count_regex,86,0.2,
fi-se-en,Custom: fi-se-en,스웨덴 완료,https://www.fi.se/en/payments/nyheter-betalningar/,122,92,exact,count_crawl,80,0.0,
illustro-iadt-figshare-com-search,Custom: illustro-iadt-figshare-com-search,Irish Research Centers,https://illustro-iadt.figshare.com/search?itemTypes=8,92,92,exact,count_crawl,92,0.2,
cac-gov-cn-hdfw,Custom: cac-gov-cn-hdfw,중국 완료,https://www.cac.gov.cn/hdfw/jbzx/jbgg/A09380302index_1.htm,89,91,exact,count_crawl,0,0.0,
srnl-gov-newsroom,Custom: srnl-gov-newsroom,American Research Institutes,https://www.srnl.gov/newsroom/news-releases/,88,89,exact,api_wordpress_news-releases,89,0.0,
bmwet-gv-at-services,Custom: bmwet-gv-at-services,오스트리아완료,https://www.bmwet.gv.at/Services/Publikationen.html,89,87,exact,count_crawl,77,0.2,
catalogue-data-govt-nz-dataset,Custom: catalogue-data-govt-nz-dataset,뉴질랜드완료,https://catalogue.data.govt.nz/dataset/?res_format=PDF,85,86,exact,count_crawl,2,0.0,
ethniccommunities-govt-nz-resources,Custom: ethniccommunities-govt-nz-resources,뉴질랜드완료,https://www.ethniccommunities.govt.nz/resources/our-newsletter,85,86,exact,count_crawl,0,0.0,
datos-gob-mx-agricultura,Custom: datos-gob-mx-agricultura,Mexico Ministries,https://datos.gob.mx/dataset/?groups=agricultura,85,85,exact,api_ckan,0,0.0,
cnam-hal-science-ceet,Custom: cnam-hal-science-ceet,French Research Institutes,https://cnam.hal.science/CEET/search/index/?q=%2A&rows=30&submitType_s=file&docType_s=OTHER+OR+REPORT,279,84,exact,hal_api,78,0.1,
indicators-be-nl,Custom: indicators-be-nl,벨기에완료,https://indicators.be/nl/t/SDG/,84,84,exact,count_crawl,0,0.0,
klimaraadet-dk-da,Custom: klimaraadet-dk-da,덴마크완료,https://klimaraadet.dk/da/udgivelser,84,84,exact,count_crawl,1,0.0,
bmds-bund-de-aktuelles,Custom: bmds-bund-de-aktuelles,Germany Ministries,https://bmds.bund.de/aktuelles/pressemitteilungen,79,84,exact,count_crawl,6,0.0,
datos-gob-mx-dataset,Custom: datos-gob-mx-dataset,Mexico Ministries,https://datos.gob.mx/dataset/?_groups_limit=0&groups=ciencia_tecnologia,97,81,exact,api_ckan,0,0.0,
broadbentinstitute-ca-research,Custom: broadbentinstitute-ca-research,Canadian Research Centers,https://broadbentinstitute.ca/research/,81,78,exact,api_wordpress_posts,67,0.1,
ineris-hal-science-search,Custom: ineris-hal-science-search,French Research Institutes,https://ineris.hal.science/search/index/?q=%2A&rows=30&submitType_s=file&docType_s=REPORT,2234,75,exact,hal_api,75,0.1,
apra-gov-au-statistics,Custom: apra-gov-au-statistics,호주완료,https://www.apra.gov.au/statistics,75,75,exact,api_html_count_regex,18,0.0,
datenportal-bmbf-de-portal,Custom: datenportal-bmbf-de-portal,독일완료,https://www.datenportal.bmbf.de/portal/de/bufi.html,75,75,exact,count_crawl,72,0.0,
opendata-dk-search,Custom: opendata-dk-search,덴마크완료,https://www.opendata.dk/search?q=res_format:PDF,70,75,exact,custom_api,74,0.2,
kit-nl-institute,Custom: kit-nl-institute,Dutch Research Centers,https://www.kit.nl/institute/publication/?publication-type=case-study&kit_impact_area=&year=,121,72,exact,api_wordpress_institute_employee,53,0.1,
ign-fr-espace-presse,Custom: ign-fr-espace-presse,French Public Institutions,https://www.ign.fr/espace-presse,67,70,exact,count_crawl,68,0.0,
iucn-org-press-releases,Custom: iucn-org-press-releases,Switzerland Research Centers,https://iucn.org/press-releases?ptype=international,68,69,exact,count_crawl,0,0.0,
hal-science-afd,Custom: hal-science-afd,French Public Institutions,https://hal.science/AFD/search/index/?q=%2A&rows=30&submitType_s=file&docType_s=REPORT+OR+OTHER,59,67,exact,hal_api,67,0.1,
cae-eco-fr-presse-cae-0,Custom: cae-eco-fr-presse-cae-0,French Public Institutions,https://cae-eco.fr/Presse-CAE-0,64,64,exact,count_crawl,60,0.0,
mem-gov-cn-fw,Custom: mem-gov-cn-fw,중국 완료,https://www.mem.gov.cn/fw/yajzjxzxk/zjxzxksxbljg/,62,63,exact,count_crawl,0,0.0,
cancer-fr-catalogue-des-public,Custom: cancer-fr-catalogue-des-public,French Public Institutions,https://www.cancer.fr/catalogue-des-publications?publications_catalog%5Bfilters%5D%5Bsearch_text%5D=&publications_catalog%5Bfilters%5D%5Bcollection%5D%5B%5D=76&search=,12,63,exact,api_html_count_regex,38,0.0,
kma-go-kr-kma,Custom: kma-go-kr-kma,한국완료,https://www.kma.go.kr/kma/news/press_01.jsp?from=2022-10-06&to=2023-10-06&field=subject&text=,86,58,exact,count_crawl,57,0.1,
hatvp-fr-actualites-et-public,Custom: hatvp-fr-actualites-et-public,French Public Institutions,https://www.hatvp.fr/actualites-et-publications/?anchor=communiques&type=communiques#communiques,57,57,exact,count_crawl,27,0.1,
issnationallab-org-research-and-science,Custom: issnationallab-org-research-and-science,American Research Institutes,https://issnationallab.org/research-and-science/research-opportunities-and-results/research-reports/,12,54,exact,api_wordpress_opportunities,33,0.2,
hautconseilclimat-fr-ressources-pedagogiq,Custom: hautconseilclimat-fr-ressources-pedagogiq,French Public Institutions,https://www.hautconseilclimat.fr/ressources-pedagogiques/,234,52,exact,api_wordpress_posts,0,0.0,
asiapacific-ca-media,Custom: asiapacific-ca-media,Canadian Research Centers,https://www.asiapacific.ca/media/press-releases,50,52,exact,count_crawl,0,0.0,
directives-doe-gov-guidance,Custom: directives-doe-gov-guidance,USA Executive Departments,https://www.directives.doe.gov/guidance,260,51,exact,count_crawl,0,0.0,
bmj-gv-at-ministerium,Custom: bmj-gv-at-ministerium,오스트리아완료,https://www.bmj.gv.at/ministerium/aktuelle-meldungen.html,149,51,lower_bound,count_timeout,21,0.0,
centralesupelec-fr-presse,Custom: centralesupelec-fr-presse,French Public Institutions,https://www.centralesupelec.fr/presse/communiques,51,51,exact,count_crawl,51,0.0,
issibern-ch-results,Custom: issibern-ch-results,Switzerland Research Centers,https://www.issibern.ch/results/publications/journal-publications/,495,49,exact,count_crawl,0,0.0,
cstb-fr-communiques-de-press,Custom: cstb-fr-communiques-de-press,French Research Institutes,https://www.cstb.fr/communiques-de-presse,48,48,exact,count_crawl,3,0.0,
kammarkollegiet-se-aktuellt,Custom: kammarkollegiet-se-aktuellt,스웨덴 완료,https://www.kammarkollegiet.se/aktuellt,46,48,exact,count_crawl,0,0.0,
efk-admin-ch-fr,Custom: efk-admin-ch-fr,Switzerland Research Centers,https://www.efk.admin.ch/fr/actualites/?category_name=medienmitteilung,26,46,exact,api_wordpress_posts,46,0.1,
irpp-org-media,Custom: irpp-org-media,Canadian Research Centers,https://irpp.org/media/,487,44,exact,api_wordpress_posts,2,0.0,
irpp-org-about-the-irpp,Custom: irpp-org-about-the-irpp,Canadian Research Centers,https://irpp.org/about-the-irpp/annual-reports/,25,44,exact,api_wordpress_posts,44,0.1,
bmi-gv-at-114,Custom: bmi-gv-at-114,오스트리아완료,https://www.bmi.gv.at/114/start.aspx,76,42,exact,count_crawl,32,0.2,
lne-fr-fr,Custom: lne-fr-fr,French Research Institutes,https://www.lne.fr/fr/communiques-de-presse,40,42,exact,api_html_count_regex,0,0.0,
hhs-gov-guidance,Custom: hhs-gov-guidance,USA Executive Departments,https://www.hhs.gov/guidance/,267,41,lower_bound,count_timeout,0,0.0,
harcresearch-org-research,Custom: harcresearch-org-research,American Research Institutes,https://harcresearch.org/research/#data-downloads,41,41,exact,count_crawl,24,0.2,
canurb-org-publications,Custom: canurb-org-publications,Canadian Research Centers,https://canurb.org/publications/,92,35,exact,api_wordpress_posts,33,0.2,
hcsp-fr-explorecgi,Custom: hcsp-fr-explorecgi,French Public Institutions,https://www.hcsp.fr/Explore.cgi/avisrapports?Annee=&Langue=&Type=c&MC0=0&MC1=,37,32,exact,count_crawl,32,0.0,
banque-france-fr-en,Custom: banque-france-fr-en,French Public Institutions,https://www.banque-france.fr/en/press-release,530,30,exact,count_crawl,29,0.0,
dhs-gov-publication,Custom: dhs-gov-publication,USA Executive Departments,https://www.dhs.gov/publication/annual-report-conferences,29,29,exact,count_crawl,29,0.0,
phfscience-nz-digital-library,Custom: phfscience-nz-digital-library,뉴질랜드완료,https://www.phfscience.nz/digital-library/,501,28,exact,api_html_count_regex,18,0.0,
phfscience-nz-news-publications,Custom: phfscience-nz-news-publications,뉴질랜드완료,https://www.phfscience.nz/news-publications/?researchType%5B0%5D=corporatePublicationItem,32,28,exact,api_html_count_regex,0,0.0,
dia-govt-nz-diawebsitensf,Custom: dia-govt-nz-diawebsitensf,뉴질랜드완료,https://www.dia.govt.nz/diawebsite.nsf/wpg_URL/Resource-material-Corporate-Publications-Annual-Reports?OpenDocument,28,28,exact,count_crawl,11,0.1,
dhs-gov-news-releases,Custom: dhs-gov-news-releases,USA Executive Departments,https://www.dhs.gov/news-releases/press-releases,79,27,lower_bound,count_timeout,0,0.0,
ansto-gov-au-search,Custom: ansto-gov-au-search,호주완료,https://www.ansto.gov.au/search?query=pdf,30,27,exact,count_crawl,7,0.0,
bankofcanada-ca-publications,Custom: bankofcanada-ca-publications,Canadian Research Centers,https://www.bankofcanada.ca/publications/canadian-survey-of-consumer-expectations/,27,27,exact,count_crawl,9,0.0,
datos-gob-mx-seguridad,Custom: datos-gob-mx-seguridad,Mexico Ministries,https://datos.gob.mx/dataset/?_groups_limit=0&_organization_limit=0&groups=seguridad,27,27,exact,api_ckan,0,0.0,
miit-gov-cn-zwgk,Custom: miit-gov-cn-zwgk,중국 완료,https://www.miit.gov.cn/zwgk/zfxxgkzl/zfxxgknb/dftxglj/index.html,26,26,exact,count_crawl,0,0.0,
csic-es-es,Custom: csic-es-es,Spanish Research Centers,https://www.csic.es/es/el-csic/informacion-corporativa/el-csic-en-cifras,25,26,exact,count_crawl,25,0.2,
archives-nationales-culture-gouv-fr-presse,Custom: archives-nationales-culture-gouv-fr-presse,French Public Institutions,https://www.archives-nationales.culture.gouv.fr/presse?title=&field_type_publication_target_id_1%5B32%5D=32&created%5Bvalue%5D=,15,26,exact,custom_api,16,0.0,
centralbank-ie-publication,Custom: centralbank-ie-publication,Irish Research Centers,https://www.centralbank.ie/publication/corporate-reports/annual-reports,26,25,exact,count_crawl,25,0.1,
kirj-ee-archive,Custom: kirj-ee-archive,Estonia Research Centers,https://kirj.ee/archive/?v=38dd815e66db,3619,24,exact,api_wordpress_posts,24,0.0,
cepii-fr-cepii,Custom: cepii-fr-cepii,French Public Institutions,https://www.cepii.fr/CEPII/fr/presse/espace_presse.asp,540,24,exact,count_crawl,1,0.0,
iheid-swisscovery-ch-discovery,Custom: iheid-swisscovery-ch-discovery,Switzerland Research Centers,"https://iheid.swisscovery.ch/discovery/jsearch?query=any,contains,a&tab=jsearch_slot&vid=41SLSP_IID:VU1_CUSTOM&offset=0&journals=any,a",523,24,exact,count_crawl,0,0.0,
geoportal-statistics-gov-uk-search,Custom: geoportal-statistics-gov-uk-search,영국완료,https://geoportal.statistics.gov.uk/search?collection=document&sort=Date%20Updated%7Cmodified%7Cdesc,346,24,exact,api_html_count_regex,20,0.1,
naturalengland-defra-opendata-arcgis-com-search,Custom: naturalengland-defra-opendata-arcgis-com-search,영국완료,https://naturalengland-defra.opendata.arcgis.com/search?collection=dataset,167,24,exact,api_html_count_regex,0,0.0,
cancer-gov-about-nci,Custom: cancer-gov-about-nci,American Research Institutes,https://www.cancer.gov/about-nci/budget/about-budget-proposal,24,24,exact,count_crawl,24,0.1,
justitsministeriet-dk-forskning,Custom: justitsministeriet-dk-forskning,덴마크완료,https://www.justitsministeriet.dk/forskning/forskningsrapporter/,24,24,exact,count_crawl,24,0.1,
espci-hal-science-search,Custom: espci-hal-science-search,French Public Universities,https://espci.hal.science/search/index/?q=%2A&rows=30&submitType_s=file&docType_s=REPORT+OR+OTHER,22,23,exact,hal_api,22,0.1,
cc-nih-gov-research,Custom: cc-nih-gov-research,American Research Institutes,https://www.cc.nih.gov/research/2025,199,22,exact,count_crawl,0,0.0,
en-ird-fr-sections,Custom: en-ird-fr-sections,French Research Institutes,https://en.ird.fr/sections/release-press-office,84,21,exact,api_html_count_regex,11,0.0,
keis-or-kr-keis,Custom: keis-or-kr-keis,한국완료,https://www.keis.or.kr/keis/ko/bbs/124/list.do?searchCl1=1,22,21,exact,count_crawl,21,0.0,
meri-belspo-be-site,Custom: meri-belspo-be-site,벨기에완료,https://meri.belspo.be/site/publications_en.stm?sc=BRISTI,21,21,exact,count_crawl,18,0.0,
icn-artem-com-en,Custom: icn-artem-com-en,French Public Universities,https://www.icn-artem.com/en/press/,6,21,exact,count_crawl,13,0.1,
health-ni-gov-uk-publications,Custom: health-ni-gov-uk-publications,영국완료,https://www.health-ni.gov.uk/publications,503,20,exact,count_crawl,12,0.0,
economy-ni-gov-uk-news,Custom: economy-ni-gov-uk-news,영국완료,https://www.economy-ni.gov.uk/news,500,20,exact,count_crawl,0,0.0,
infrastructure-ni-gov-uk-news,Custom: infrastructure-ni-gov-uk-news,영국완료,https://www.infrastructure-ni.gov.uk/news,420,20,exact,count_crawl,0,0.0,
kommunikasjon-ntb-no-presserom,Custom: kommunikasjon-ntb-no-presserom,Norway Research Centers,https://kommunikasjon.ntb.no/presserom/17848243/vetinst/r?categories=19,116,20,exact,count_crawl,0,0.0,
exteriores-gob-es-en,Custom: exteriores-gob-es-en,Spain Ministries,https://www.exteriores.gob.es/en/ServiciosAlCiudadano/Paginas/Publicaciones-oficiales.aspx,55,20,exact,api_html_count_regex,20,0.1,
mim-gov-it-web,Custom: mim-gov-it-web,Italy Ministries,https://www.mim.gov.it/web/guest/comunicati,41,20,exact,count_crawl,1,0.0,
international-andra-fr-documents-and-visual,Custom: international-andra-fr-documents-and-visual,French Research Institutes,https://international.andra.fr/documents-and-visual-ressources,34,20,exact,api_html_count_regex,20,0.2,
nhlbi-nih-gov-about,Custom: nhlbi-nih-gov-about,American Research Institutes,https://www.nhlbi.nih.gov/about/budget-and-legislative-information,22,20,exact,api_html_count_regex,12,0.0,
bmvg-de-en,Custom: bmvg-de-en,Germany Ministries,https://www.bmvg.de/en/press/all-press-releases,20,20,exact,count_crawl,2,0.0,
bmwsb-bund-de-de,Custom: bmwsb-bund-de-de,독일완료,https://www.bmwsb.bund.de/DE/ministerium/aktuelle-meldungen/aktuelle-meldungen_node.html,20,20,exact,count_crawl,15,0.0,
asn-fr-information,Custom: asn-fr-information,French Public Institutions,https://www.asn.fr/information/publications/rapports-d-expertise,19,19,exact,count_crawl,11,0.3,
iucn-org-about-iucn,Custom: iucn-org-about-iucn,Switzerland Research Centers,https://iucn.org/about-iucn/accountability-and-reporting/annual-reports,19,19,exact,count_crawl,11,0.1,
kamco-or-kr-portal,Custom: kamco-or-kr-portal,한국완료,https://www.kamco.or.kr/portal/bbs/list.do?ptIdx=284&mId=0705010000,19,19,exact,count_crawl,11,0.3,
bfe-admin-ch-bfe,Custom: bfe-admin-ch-bfe,Switzerland Departments,https://www.bfe.admin.ch/bfe/de/home/news-und-medien/publikationen.exturl.html/aHR0cHM6Ly9wdWJkYi5iZmUuYWRtaW4uY2gvZGUvc3VjaGU=.html?keywords=&q=&from=&to=&nr=,1002,18,lower_bound,count_timeout,9,0.0,
mbie-govt-nz-building-and-energy,Custom: mbie-govt-nz-building-and-energy,뉴질랜드완료,https://www.mbie.govt.nz/building-and-energy/energy-and-natural-resources/energy-statistics-and-modelling/energy-statistics/energy-prices,80,18,exact,count_crawl,18,0.0,
bmlv-gv-at-wissen-forschung,Custom: bmlv-gv-at-wissen-forschung,오스트리아완료,https://www.bmlv.gv.at/wissen-forschung/publikationen/doktyp.php?id=23,18,18,exact,count_crawl,11,0.0,
finance-ni-gov-uk-publications,Custom: finance-ni-gov-uk-publications,영국완료,https://www.finance-ni.gov.uk/publications,336,17,exact,count_crawl,16,0.0,
bmwkms-gv-at-themen,Custom: bmwkms-gv-at-themen,오스트리아완료,https://www.bmwkms.gv.at/themen/kunst-und-kultur/service-kunst-und-kultur/publikationen/kunst-und-kulturberichte.html,41,17,exact,count_crawl,17,0.1,
bmleh-de-en,Custom: bmleh-de-en,독일완료,https://www.bmleh.de/EN/ministry/organisation/advisory-boards/AgriculturalPolicyPublications.html,26,16,exact,count_crawl,13,0.0,
datos-gob-mx-secretaria-trabajo,Custom: datos-gob-mx-secretaria-trabajo,Mexico Ministries,https://datos.gob.mx/dataset/?_groups_limit=0&_organization_limit=0&organization=secretaria_trabajo,16,16,exact,api_ckan,10,0.1,
datos-gob-mx-territorio,Custom: datos-gob-mx-territorio,Mexico Ministries,https://datos.gob.mx/dataset/?_groups_limit=0&_organization_limit=0&groups=territorio,16,16,exact,api_ckan,10,0.1,
fibl-org-en,Custom: fibl-org-en,Switzerland Research Centers,https://www.fibl.org/en/info-centre/publications-archive-fibl-en,539,15,lower_bound,count_timeout,5,0.0,
en-moj-gov-cn-lawsandregulationsht,Custom: en-moj-gov-cn-lawsandregulationsht,중국 완료,http://en.moj.gov.cn/lawsandregulations.html,15,15,exact,count_crawl,9,0.1,
mfds-go-kr-brd,Custom: mfds-go-kr-brd,한국완료,https://www.mfds.go.kr/brd/m_99/list.do,461,14,lower_bound,count_timeout,14,0.0,
moh-gov-gr-articles,Custom: moh-gov-gr-articles,Greece Ministries,https://www.moh.gov.gr/articles/ministry/grafeio-typoy/press-releases,5608,12,exact,api_html_count_regex,0,0.0,
bjerknes-uib-no-en,Custom: bjerknes-uib-no-en,Norway Research Centers,https://bjerknes.uib.no/en/publications,214,12,exact,api_html_count_regex,3,0.0,
arn-se-om-arn,Custom: arn-se-om-arn,스웨덴 완료,https://www.arn.se/om-arn/vagledande-beslut/,80,12,exact,count_crawl,12,0.0,
khs-go-kr-cop,Custom: khs-go-kr-cop,한국완료,https://www.khs.go.kr/cop/bbs/selectBoardList.do?bbsId=BBSMSTR_1020&mn=NS_03_07_04,38,12,lower_bound,count_timeout,12,0.0,
home-treasury-gov-about,Custom: home-treasury-gov-about,USA Executive Departments,https://home.treasury.gov/about/budget-financial-reporting-planning-and-performance/agency-financial-report,12,12,exact,count_crawl,7,0.0,
justice-ni-gov-uk-publications,Custom: justice-ni-gov-uk-publications,영국완료,https://www.justice-ni.gov.uk/publications,228,11,exact,count_crawl,10,0.0,
africamuseum-be-en,Custom: africamuseum-be-en,벨기에완료,https://www.africamuseum.be/en/research/news,52,11,lower_bound,count_timeout,0,0.0,
arcnl-nl-publications,Custom: arcnl-nl-publications,Dutch Research Centers,https://arcnl.nl/publications/types/phdthesis,11,11,exact,count_crawl,7,0.0,
home-cern-news,Custom: home-cern-news,Switzerland Research Centers,https://home.cern/news?title=&topic=All&type=40&audience=All&tid_3=&date_from=&date_to=,809,10,exact,count_crawl,0,0.0,
ivo-se-sok,Custom: ivo-se-sok,스웨덴 완료,https://www.ivo.se/sok/?q=%20&s=0&f=1,134,10,exact,count_crawl,10,0.0,
hec-edu-en,Custom: hec-edu-en,French Public Universities,https://www.hec.edu/en/list-press-release,16,10,exact,count_crawl,6,0.0,
eng-mod-gov-cn-2025xb,Custom: eng-mod-gov-cn-2025xb,중국 완료,http://eng.mod.gov.cn/2025xb/M/L_251592/index.html,10,10,exact,count_crawl,6,0.0,
kliimaministeerium-ee-otsing,Custom: kliimaministeerium-ee-otsing,Estonia Ministries,https://kliimaministeerium.ee/otsing?sort_by=created&type=Uudis,10,10,lower_bound,count_timeout,6,0.0,
kicce-re-kr-main,Custom: kicce-re-kr-main,한국완료,https://www.kicce.re.kr/main/board/index.do?menu_idx=95&manage_idx=56,368,9,exact,count_crawl,9,0.0,
hud-govt-nz-documents,Custom: hud-govt-nz-documents,뉴질랜드완료,https://www.hud.govt.nz/documents?q=&sort=&_documenttypes%5B%5D=29,148,9,lower_bound,count_timeout,9,0.0,
boverket-se-en,Custom: boverket-se-en,스웨덴 완료,https://www.boverket.se/en/start/publications/,9,9,exact,count_crawl,5,0.0,
csrc-gov-cn-csrc_en,Custom: csrc-gov-cn-csrc_en,중국 완료,http://www.csrc.gov.cn/csrc_en/c102060/common_list.shtml?channelid=8972fc7f51414c53a6818bed2a3da572,9,9,exact,count_crawl,5,0.0,
datos-gob-mx-secretaria-salud,Custom: datos-gob-mx-secretaria-salud,Mexico Ministries,https://datos.gob.mx/dataset/?_groups_limit=0&_organization_limit=0&organization=secretaria_salud,9,9,exact,api_ckan,5,0.0,
en-nhc-gov-cn-publicationshtml,Custom: en-nhc-gov-cn-publicationshtml,중국 완료,https://en.nhc.gov.cn/publications.html,9,9,exact,count_crawl,5,0.0,
chinatax-gov-cn-chinatax,Custom: chinatax-gov-cn-chinatax,중국 완료,https://www.chinatax.gov.cn/chinatax/n810219/c102025/common_listwyc.html,6,9,exact,count_crawl,5,0.0,
agri-ee-ministeerium-uudised,Custom: agri-ee-ministeerium-uudised,Estonia Ministries,https://www.agri.ee/ministeerium-uudised-kontakt/uuringud,122,8,exact,count_crawl,7,0.0,
bundesfinanzministerium-de-web,Custom: bundesfinanzministerium-de-web,Germany Ministries,https://www.bundesfinanzministerium.de/Web/EN/Press/Press_releases/press_releases.html,112,8,exact,api_html_count_regex,0,0.0,
casseng-cssn-cn-sky_research,Custom: casseng-cssn-cn-sky_research,중국 완료,http://casseng.cssn.cn/sky_research/publications/journals/,8,8,exact,count_crawl,5,0.0,
kipa-re-kr-html,Custom: kipa-re-kr-html,한국완료,https://www.kipa.re.kr/html/kor/cmn/bbs/cmnBbsGenList.do/237,8,7,exact,count_crawl,4,0.0,
jgi-doe-gov-user-science,Custom: jgi-doe-gov-user-science,American Research Institutes,https://jgi.doe.gov/user-science/publications,682,6,exact,api_html_count_regex,1,0.0,
bmz-de-de,Custom: bmz-de-de,Germany Ministries,https://www.bmz.de/de/aktuelles/publikationen,6,6,exact,count_crawl,4,0.0,
emsl-pnnl-gov-science,Custom: emsl-pnnl-gov-science,American Research Institutes,https://www.emsl.pnnl.gov/science/reports,6,6,exact,count_crawl,4,0.0,
iucn-org-resources,Custom: iucn-org-resources,Switzerland Research Centers,https://iucn.org/resources?rstype=1116&thm=All&tpc=All&rgn=All&cntry=All,6,6,exact,count_crawl,4,0.0,
pembina-org-media-releases,Custom: pembina-org-media-releases,Canadian Research Centers,https://www.pembina.org/media-releases,494,5,exact,api_html_count_regex,1,0.0,
garda-ie-en,Custom: garda-ie-en,Irish Research Centers,https://www.garda.ie/en/about-us/publications/research-publications/,94,5,exact,api_html_count_regex,5,0.0,
data-gouv-fr-organizations,Custom: data-gouv-fr-organizations,French Research Institutes,https://www.data.gouv.fr/organizations/cerema/datasets/?page_size=20&page=1,200,4,exact,api_html_count_regex,2,0.0,
ppforum-ca-press-releases,Custom: ppforum-ca-press-releases,Canadian Research Centers,https://ppforum.ca/press-releases/,42,4,exact,api_wordpress_posts,0,0.0,
datos-gob-mx-turismo,Custom: datos-gob-mx-turismo,Mexico Ministries,https://datos.gob.mx/dataset/?_groups_limit=0&groups=turismo,4,4,exact,api_ckan,2,0.0,
cnl-ca-news-publications,Custom: cnl-ca-news-publications,Canadian Research Centers,https://www.cnl.ca/news-publications/canadian-nuclear-review/,137,3,exact,api_wordpress_industry_news_events,3,0.1,
education-govt-nz-search,Custom: education-govt-nz-search,뉴질랜드완료,https://www.education.govt.nz/search?site_search_live%5BhierarchicalMenu%5D%5Bresult.lvl0%5D%5B0%5D=Documents&site_search_live%5BhierarchicalMenu%5D%5Bresult.lvl0%5D%5B1%5D=Corporate%20publication&site_search_live%5BsortBy%5D=date_desc_live,66,3,exact,api_html_count_regex,3,0.0,
bmf-gv-at-ministerium,Custom: bmf-gv-at-ministerium,오스트리아완료,https://www.bmf.gv.at/ministerium/nationale-finanzbildungsstrategie/uebersicht-nationale-finanzbildungsstrategie/downloads.html,36,3,exact,count_crawl,3,0.0,
education-govt-nz-our-work,Custom: education-govt-nz-our-work,뉴질랜드완료,https://www.education.govt.nz/our-work/publications/education-circulars,34,3,exact,api_html_count_regex,0,0.0,
yme-gr-2013-01-31-06-37-23,Custom: yme-gr-2013-01-31-06-37-23,Greece Ministries,https://www.yme.gr/2013-01-31-06-37-23/2013-01-31-07-00-49,3380,2,exact,api_html_count_regex,0,0.0,
forskningsradet-no-om-forskningsradet,Custom: forskningsradet-no-om-forskningsradet,Norway Research Centers,https://www.forskningsradet.no/om-forskningsradet/publikasjoner/,356,2,exact,api_html_count_regex,2,0.0,
bra-se-english,Custom: bra-se-english,스웨덴 완료,https://bra.se/english/publications,306,2,exact,api_html_count_regex,2,0.0,
international-gc-ca-transparency-transpa,Custom: international-gc-ca-transparency-transpa,Canada Ministries,https://www.international.gc.ca/transparency-transparence/information-privacy-information-protection/reports-rapport/index.aspx?lang=eng,22,2,exact,count_crawl,0,0.0,
kfss-forest-go-kr-stat,Custom: kfss-forest-go-kr-stat,한국완료,https://kfss.forest.go.kr/stat/ptl/article/articleList.do?curMenu=9795&bbsId=ptlPdsBase,15,2,exact,api_html_count_regex,1,0.0,
international-canada-ca-en,Custom: international-canada-ca-en,Canada Ministries,https://international.canada.ca/en/global-affairs/corporate/reports/access-information-privacy-reports-global-affairs,14,2,exact,count_crawl,1,0.0,
hud-govt-nz-stats-and-insights,Custom: hud-govt-nz-stats-and-insights,뉴질랜드완료,https://www.hud.govt.nz/stats-and-insights/homelessness-outlook/introducing-the-homelessness-outlook,1334,1,lower_bound,count_timeout,1,0.0,
fmi-ch-research,Custom: fmi-ch-research,Switzerland Research Centers,https://www.fmi.ch/research/publications/,818,1,lower_bound,count_timeout,0,0.0,
irb-usi-ch-publications,Custom: irb-usi-ch-publications,Switzerland Research Centers,https://irb.usi.ch/publications/,558,1,lower_bound,count_timeout,0,0.0,
cedelft-eu-reports,Custom: cedelft-eu-reports,Dutch Research Centers,https://cedelft.eu/reports/,500,1,exact,api_html_count_regex,1,0.0,
cwf-ca-publications,Custom: cwf-ca-publications,Canadian Research Centers,https://cwf.ca/publications/#series=reports@what-now-policy-briefs@partner-publications@what-the-west@fiscal-federalism-policy-network@50th-anniversary,228,1,exact,api_wordpress_posts,0,0.0,
etis-ee-portal,Custom: etis-ee-portal,Estonia Research Centers,https://www.etis.ee/Portal/Publications/Index/?,138,1,lower_bound,count_timeout,0,0.0,
afp-gov-au-search,Custom: afp-gov-au-search,호주완료,https://afp.gov.au/search?keys=pdf&content_type_id=All,49,1,exact,count_crawl,1,0.0,
kommunekredit-com-about-us,Custom: kommunekredit-com-about-us,덴마크완료,https://www.kommunekredit.com/about-us/reports-numbers-and-publications/reports/,24,1,exact,api_html_count_regex,1,0.0,
bfr-bund-de-en,Custom: bfr-bund-de-en,GER ResearchCenters(Unfinished),https://www.bfr.bund.de/en/publications/annual-reports/,23,1,exact,count_crawl,1,0.0,
mfat-govt-nz-en,Custom: mfat-govt-nz-en,뉴질랜드완료,https://www.mfat.govt.nz/en/media-and-resources?categories=cabinet_papers,11,1,lower_bound,count_timeout,1,0.0,
anses-fr-fr,Custom: anses-fr-fr,French Research Institutes,https://www.anses.fr/fr/content/avis-et-rapports-de-lanses-sur-saisine,6091,0,lower_bound,count_timeout,0,0.0,
minrel-gob-cl-minrel,Custom: minrel-gob-cl-minrel,Chile Ministries,https://www.minrel.gob.cl/minrel/sala-de-prensa/p/1,4547,,unmeasured,,,,
pubs-drdc-rddc-gc-ca-basis,Custom: pubs-drdc-rddc-gc-ca-basis,Canadian Research Centers,https://pubs.drdc-rddc.gc.ca/BASIS/pcandid/www/engpub/SDF?KEYWORDS_O=contains+all&KEYWORDS=&TITLE_O=contains+all&TITLE=&AUTHOR=&AUTHOR_O=contains+the+phrase&CA_CODE=&CA_CODE_O=equals&CA_NAME=&CA_NAME_O=contains+the+phrase&CA_RPNUM=&CA_RPNUM_O=equals&REPDATE=&CA_RPNUM_O=equals&PROJNUM=&PROJNUM_O=includes&FORM_C=and&FORM_OB=Repdate&FORM_SO=Descend,4040,,unmeasured,,,,
llnl-gov-news,Custom: llnl-gov-news,American Research Institutes,https://www.llnl.gov/news/lab-report,3537,,unmeasured,,,,zero_parsed
prism-go-kr-homepage,Custom: prism-go-kr-homepage,한국완료,https://www.prism.go.kr/homepage/prtl/totalsearch/list,2900,,unmeasured,,,,
transparency-gov-au-publications,Custom: transparency-gov-au-publications,호주완료,https://www.transparency.gov.au/publications,2694,,unmeasured,,,,
minfin-gov-gr-grafeio-typou,Custom: minfin-gov-gr-grafeio-typou,Greece Ministries,https://minfin.gov.gr/grafeio-typou/anakoinoseis-typou-el/,1797,,unmeasured,,,,
usgs-gov-news,Custom: usgs-gov-news,American Research Institutes,https://www.usgs.gov/news/news-releases/all-news-releases,1549,,unmeasured,,,,
policyalternatives-ca-news-research,Custom: policyalternatives-ca-news-research,Canadian Research Centers,https://www.policyalternatives.ca/news-research/category/news-commentary/,1543,,unmeasured,,,,
eprints-imtlucca-it-cgi,Custom: eprints-imtlucca-it-cgi,Italy Research centers,http://eprints.imtlucca.it/cgi/search/archive/advanced?screen=Search&dataset=archive&documents_merge=ALL&documents=&title_merge=ALL&title=&publication_merge=ALL&publication=&creators_name_merge=ALL&creators_name=&abstract_merge=ALL&abstract=&date=&keywords_merge=ALL&keywords=&subjects_merge=ANY&type=article&type=monograph&type=thesis&department_merge=ALL&department=&editors_name_merge=ALL&editors_name=&ispublished=pub&refereed=EITHER&eprintid=&satisfyall=ALL&order=-date%2Fcreators_name%2Ftitle&_action_search=%EA%B2%80%EC%83%89+,1461,,unmeasured,,,,fetch_fail
data-e-gov-go-jp-data,Custom: data-e-gov-go-jp-data,일본완료,https://data.e-gov.go.jp/data/dataset/?organization=default&res_format=PDF&sort=score+desc%2C+metadata_modified+desc-20,1392,0,exact,api_ckan,0,0.0,
oig-treasury-gov-other-reports-testim,Custom: oig-treasury-gov-other-reports-testim,USA Executive Departments,https://oig.treasury.gov/other-reports-testimonies,1353,,unmeasured,,,,
homeaffairs-gov-au-sitesearch,Custom: homeaffairs-gov-au-sitesearch,호주완료,https://www.homeaffairs.gov.au/sitesearch?k=pdf,1308,,unmeasured,,,,fetch_fail
moe-go-kr-boardcnts,Custom: moe-go-kr-boardcnts,한국완료,https://www.moe.go.kr/boardCnts/listRenew.do?boardID=428&m=041205&s=moe,1250,,unmeasured,,,,
khs-go-kr-newsbbz,Custom: khs-go-kr-newsbbz,한국완료,https://www.khs.go.kr/newsBbz/selectNewsBbzList.do?sectionId=all_sec_1&mn=NS_01_02,1249,0,lower_bound,count_timeout,0,0.0,
presse-economie-gouv-fr,Custom: presse-economie-gouv-fr,France Ministries,https://presse.economie.gouv.fr/?s=+&type=communiques-de-presse,1206,,unmeasured,,,,
mois-go-kr-frt,Custom: mois-go-kr-frt,한국완료,https://www.mois.go.kr/frt/bbs/type001/commonSelectBoardList.do?bbsId=BBSMSTR_000000000013,1148,,unmeasured,,,,
swisstph-ch-en,Custom: swisstph-ch-en,Switzerland Research Centers,https://www.swisstph.ch/en/publications,1087,,unmeasured,,,,
rda-go-kr-board,Custom: rda-go-kr-board,한국완료,https://www.rda.go.kr/board/board.do?mode=list&prgId=day_farmprmninfoEntry,1020,,unmeasured,,,,
ypes-gr-category,Custom: ypes-gr-category,Greece Ministries,https://www.ypes.gr/category/deltia-typoy/,987,,unmeasured,,,,
scourt-go-kr-portal,Custom: scourt-go-kr-portal,한국완료,https://www.scourt.go.kr/portal/news/NewsListAction.work?gubun=6,982,,unmeasured,,,,
dapa-go-kr-dapa,Custom: dapa-go-kr-dapa,한국완료,https://www.dapa.go.kr/dapa/doc/selectDocList.do?menuSeq=3069&bbsSeq=326,970,0,lower_bound,count_timeout,0,0.0,
mohw-go-kr-boardes,Custom: mohw-go-kr-boardes,한국완료,https://www.mohw.go.kr/board.es?mid=a10411010300&bid=0019&cg_code=C02,920,,unmeasured,,,,
mogef-go-kr-nw,Custom: mogef-go-kr-nw,한국완료,https://www.mogef.go.kr/nw/rpd/nw_rpd_s001.do?mid=news405,852,,unmeasured,,,,
repository-library-noaa-gov-view,Custom: repository-library-noaa-gov-view,American Research Institutes,https://repository.library.noaa.gov/view/noaa/72459,812,,unmeasured,,,,
moj-go-kr-moj,Custom: moj-go-kr-moj,한국완료,https://www.moj.go.kr/moj/221/subview.do,793,,unmeasured,,,,
nistdigitalarchives-contentdm-oclc-org-digital,Custom: nistdigitalarchives-contentdm-oclc-org-digital,American Research Institutes,https://nistdigitalarchives.contentdm.oclc.org/digital/collection/p16009coll6/custom/jresbyvol,788,,unmeasured,,,,
gob-mx-semar,gob.mx Archivo de Prensa — Navy,Mexico Ministries,https://www.gob.mx/semar/archivo/prensa,783,,unmeasured,,,,no_crawler
gob-mx-semarnat,gob.mx Archivo de Prensa — Environment and Natural Resources,Mexico Ministries,https://www.gob.mx/semarnat/archivo/prensa,774,,unmeasured,,,,no_crawler
gob-mx-sep,gob.mx Archivo de Prensa — Public Education,Mexico Ministries,https://www.gob.mx/sep/archivo/prensa,774,,unmeasured,,,,no_crawler
gob-mx-sre,gob.mx Archivo de Prensa — Foreign Affairs,Mexico Ministries,https://www.gob.mx/sre/archivo/prensa,774,,unmeasured,,,,no_crawler
gob-mx-sspc,gob.mx Archivo de Prensa — Security and Citizen Protection,Mexico Ministries,https://www.gob.mx/sspc/archivo/prensa,773,,unmeasured,,,,no_crawler
gob-mx-buengobierno,gob.mx Archivo de Prensa — Good governance,Mexico Ministries,https://www.gob.mx/buengobierno/archivo/prensa,771,,unmeasured,,,,no_crawler
gob-mx-salud,gob.mx Archivo de Prensa — Health,Mexico Ministries,https://www.gob.mx/salud/archivo/prensa,765,,unmeasured,,,,no_crawler
gob-mx-sectur,gob.mx Archivo de Prensa — Tourism,Mexico Ministries,https://www.gob.mx/sectur/archivo/prensa,765,,unmeasured,,,,no_crawler
gob-mx-se,gob.mx Archivo de Prensa — Economy,Mexico Ministries,https://www.gob.mx/se/archivo/prensa,762,,unmeasured,,,,no_crawler
gob-mx-shcp,gob.mx Archivo de Prensa — Finance and Public Credit,Mexico Ministries,https://www.gob.mx/shcp/archivo/prensa,762,,unmeasured,,,,no_crawler
gob-mx-defensa,gob.mx Archivo de Prensa — Defense,Mexico Ministries,https://www.gob.mx/defensa/archivo/prensa,756,,unmeasured,,,,no_crawler
gob-mx-sedatu,gob.mx Archivo de Prensa — Territorial development,Mexico Ministries,https://www.gob.mx/sedatu/archivo/prensa,756,,unmeasured,,,,no_crawler
gob-mx-stps,gob.mx Archivo de Prensa — Labor and Social Security,Mexico Ministries,https://www.gob.mx/stps/archivo/prensa,748,,unmeasured,,,,no_crawler
gob-mx-segob,gob.mx Archivo de Prensa — Interior,Mexico Ministries,https://www.gob.mx/segob/archivo/prensa,747,,unmeasured,,,,no_crawler
gob-mx-sict,gob.mx Archivo de Prensa — Communications and Transportation,Mexico Ministries,https://www.gob.mx/sict/archivo/prensa,747,,unmeasured,,,,no_crawler
police-go-kr-user,Custom: police-go-kr-user,한국완료,https://www.police.go.kr/user/bbs/BD_selectBbsList.do?q_bbsCode=1002,747,,unmeasured,,,,
gob-mx-agricultura,gob.mx Archivo de Prensa — Agriculture,Mexico Ministries,https://www.gob.mx/agricultura/archivo/prensa,729,,unmeasured,,,,no_crawler
gob-mx-bienestar,gob.mx Archivo de Prensa — Welfare,Mexico Ministries,https://www.gob.mx/bienestar/archivo/prensa,729,,unmeasured,,,,no_crawler
netl-doe-gov-search-r-d-publicati,Custom: netl-doe-gov-search-r-d-publicati,American Research Institutes,https://netl.doe.gov/search-r-d-publications,729,,unmeasured,,,,
nfra-gov-cn-cn,Custom: nfra-gov-cn-cn,중국 완료,https://www.nfra.gov.cn/cn/view/pages/ItemList.html?itemPId=953&itemId=954&itemUrl=ItemListRightList.html&itemName=%E7%BB%9F%E8%AE%A1%E4%BF%A1%E6%81%AF,726,,unmeasured,,,,
motir-go-kr-kor,Custom: motir-go-kr-kor,한국완료,https://www.motir.go.kr/kor/article/ATCL449580de4,703,,unmeasured,,,,
doc-cerema-fr-default,Custom: doc-cerema-fr-default,French Research Institutes,"https://doc.cerema.fr/Default/search.aspx#/Search/(query:(CloudTerms:!(),ExceptTotalFacet:!t,FacetFilter:'%7B%22_416%22:%22Publications%20scientifiques%20(HAL)%7C%7CEtude%20et%20rapport%22,%22_488%22:%22Oui%22%7D',ForceSearch:!t,HiddenFacetFilter:%7B%7D,InitialSearch:!f,Page:0,PageRange:3,QueryGuid:f6263fa6-ee7c-41d4-856d-2af7c8165659,QueryString:'*:*',ResultSize:10,ScenarioCode:DEFAULT,ScenarioDisplayMode:display-standard,SearchGridFieldsShownOnResultsDTO:!(),SearchLabel:'Tous%20les%20documents',SearchTerms:'*:*',SiteCodeRestriction:'',SortField:!n,SortOrder:0,TemplateParams:(Scenario:'',Scope:Default,Size:!n,Source:'',Support:'',UseCompact:!f),UseSpellChecking:!n),sst:4)",697,,unmeasured,,,,fetch_fail
moef-go-kr-nw,Custom: moef-go-kr-nw,한국완료,https://www.moef.go.kr/nw/nes/nesdta.do?bbsId=MOSFBBS_000000000028&menuNo=4010100,683,,unmeasured,,,,
mindigital-gr-archives,Custom: mindigital-gr-archives,Greece Ministries,https://www.mindigital.gr/archives/category/deltia-typou-anakoinoseis,675,,unmeasured,,,,
kihasa-re-kr-publish,Custom: kihasa-re-kr-publish,한국완료,https://www.kihasa.re.kr/publish/report/all/list,673,,unmeasured,,,,fetch_fail
opm-go-kr-opm,Custom: opm-go-kr-opm,한국완료,https://www.opm.go.kr/opm/info/policies.do,660,,unmeasured,,,,
treasury-gov-au-publication,Custom: treasury-gov-au-publication,호주완료,https://treasury.gov.au/publication,651,,unmeasured,,,,
pbl-nl-en,Custom: pbl-nl-en,Dutch Research Centers,https://www.pbl.nl/en/publications?key=&type%5B26%5D=26&published%5Bmin%5D=&published%5Bmax%5D=,649,,unmeasured,,,,
scaht-org-en,Custom: scaht-org-en,Switzerland Research Centers,https://www.scaht.org/en/research/publications/,641,,unmeasured,,,,
minscfa-gov-gr-grafeio-typou,Custom: minscfa-gov-gr-grafeio-typou,Greece Ministries,https://minscfa.gov.gr/grafeio-typou/deltia-typou/,626,,unmeasured,,,,
mof-go-kr-doc,Custom: mof-go-kr-doc,한국완료,https://www.mof.go.kr/doc/ko/selectDocList.do?menuSeq=971&bbsSeq=10&listUpdtDt=2025-07-03++10%3A00,624,,unmeasured,,,,
santepubliquefrance-fr-presse,Custom: santepubliquefrance-fr-presse,French Public Institutions,https://www.santepubliquefrance.fr/presse,624,,unmeasured,,,,
mma-go-kr-board,Custom: mma-go-kr-board,한국완료,https://www.mma.go.kr/board/boardList.do?gesipan_id=15&mc=mma0000392,616,,unmeasured,,,,
state-gwd-go-kr-portal,Custom: state-gwd-go-kr-portal,한국완료,https://state.gwd.go.kr/portal/briefing/pressRelease/newpressRelease,614,,unmeasured,,,,
mpva-go-kr-mpva,Custom: mpva-go-kr-mpva,한국완료,https://www.mpva.go.kr/mpva/selectBbsNttList.do?bbsNo=16&key=77,590,,unmeasured,,,,
rigsrevisionen-dk-revisionssager,Custom: rigsrevisionen-dk-revisionssager,덴마크완료,https://www.rigsrevisionen.dk/revisionssager,590,,unmeasured,,,,
stepi-re-kr-site,Custom: stepi-re-kr-site,한국완료,https://www.stepi.re.kr/site/stepiko/report/List.do?cateCont=A0202,570,,unmeasured,,,,
nkvts-no-english,Custom: nkvts-no-english,Norway Research Centers,https://www.nkvts.no/english/publications/?pg=1&sd-post_type_label%5B%5D=Reports,562,,unmeasured,,,,
drc-gov-cn-leafaspx,Custom: drc-gov-cn-leafaspx,중국 완료,https://www.drc.gov.cn/Leaf.aspx?leafid=1338,555,,unmeasured,,,,fetch_fail
defense-gov-news,Custom: defense-gov-news,USA Executive Departments,https://www.defense.gov/News/Releases/,546,,unmeasured,,,,zero_parsed
ntp-niehs-nih-gov-publications,Custom: ntp-niehs-nih-gov-publications,American Research Institutes,https://ntp.niehs.nih.gov/publications,536,,unmeasured,,,,
ypergasias-gov-gr-category,Custom: ypergasias-gov-gr-category,Greece Ministries,https://ypergasias.gov.gr/category/anakoinoseis-typou/,531,,unmeasured,,,,
auswaertiges-amt-de-en,Custom: auswaertiges-amt-de-en,독일완료,https://www.auswaertiges-amt.de/en/newsroom/news/609204-609204,526,,unmeasured,,,,fetch_fail
data-biodiversity-be-dataset,Custom: data-biodiversity-be-dataset,벨기에완료,https://data.biodiversity.be/dataset/,524,0,lower_bound,count_timeout,0,0.0,
nisra-gov-uk-publications,Custom: nisra-gov-uk-publications,영국완료,https://www.nisra.gov.uk/publications,522,,unmeasured,,,,
mofa-go-kr-www,Custom: mofa-go-kr-www,한국완료,https://www.mofa.go.kr/www/brd/m_4099/list.do,521,,unmeasured,,,,
nivel-nl-en,Custom: nivel-nl-en,Dutch Research Centers,https://www.nivel.nl/en/publications,520,,unmeasured,,,,
ons-gov-uk-search,Custom: ons-gov-uk-search,영국완료,https://www.ons.gov.uk/search?q=uk+wide&page=1&filter=time_series&filter=datasets&filter=user_requested_data,516,,unmeasured,,,,
who-int-publications,Custom: who-int-publications,Switzerland Research Centers,https://www.who.int/publications/i,511,,unmeasured,,,,
ris-bka-gv-at-ergebniswxe,Custom: ris-bka-gv-at-ergebniswxe,오스트리아완료,https://www.ris.bka.gv.at/Ergebnis.wxe?Abfrage=Landesnormen&Kundmachungsorgan=&Bundesland=Undefined&BundeslandDefault=Undefined&Index=&Titel=&Gesetzesnummer=&VonArtikel=&BisArtikel=&VonParagraf=&BisParagraf=&VonAnlage=&BisAnlage=&Typ=&Kundmachungsnummer=&Unterzeichnungsdatum=&FassungVom=04.08.2025&VonInkrafttretedatum=&BisInkrafttretedatum=&VonAusserkrafttretedatum=&BisAusserkrafttretedatum=&NormabschnittnummerKombination=Und&ImRisSeitVonDatum=&ImRisSeitBisDatum=&ImRisSeit=Undefined&ResultPageSize=100&Suchworte=&Position=1&SkipToDocumentPage=true,507,,unmeasured,,,,
app-mps-gov-cn-gdnps,Custom: app-mps-gov-cn-gdnps,중국 완료,https://app.mps.gov.cn/gdnps/zc/index.jsp,501,,unmeasured,,,,zero_parsed
si-re-kr-bbs,Custom: si-re-kr-bbs,한국완료,https://www.si.re.kr/bbs/list.do?key=2024100166,501,,unmeasured,,,,
uvek-admin-ch-en,Custom: uvek-admin-ch-en,Switzerland Departments,https://www.uvek.admin.ch/en/detec-press-releases,501,,unmeasured,,,,
cigionline-org-publications,Custom: cigionline-org-publications,Canadian Research Centers,https://www.cigionline.org/publications/,500,,unmeasured,,,,fetch_fail
mss-go-kr-site,Custom: mss-go-kr-site,한국완료,https://www.mss.go.kr/site/smba/foffice/ex/statDB/stReportRoList.do?gb=1&nodeId=&roCode=,500,,unmeasured,,,,
ots-at-pressemappe,Custom: ots-at-pressemappe,오스트리아완료,https://www.ots.at/pressemappe/54/bundesministerium-fuer-inneres,500,,unmeasured,,,,
repository-cern-search,Custom: repository-cern-search,Switzerland Research Centers,https://repository.cern/search?q=&f=access_status%3Aopen&f=file_type%3Apdf&l=list&p=1&s=10&sort=newest,500,,unmeasured,,,,
ruomoplus-lib-uom-gr-simple-search,Custom: ruomoplus-lib-uom-gr-simple-search,Greece Research Centers,https://ruomoplus.lib.uom.gr/simple-search?query=&location=publications&sort_by=dc.date.issued_dt&order=desc&rpp=10&crisID=&relationName=&etal=0&filtername=itemtype&filterquery=journal%20article&filtertype=equals,500,,unmeasured,,,,
sejong-go-kr-bbs,Custom: sejong-go-kr-bbs,한국완료,https://www.sejong.go.kr/bbs/R0079/list.do,500,,unmeasured,,,,
wbf-admin-ch-en,Custom: wbf-admin-ch-en,Switzerland Departments,https://www.wbf.admin.ch/en/press-information,500,,unmeasured,,,,
nimh-nih-gov-news,Custom: nimh-nih-gov-news,American Research Institutes,https://www.nimh.nih.gov/news/science-updates,492,,unmeasured,,,,
gov-gr-search,Custom: gov-gr-search,Greece Ministries,https://www.gov.gr/search?SearchSensor=%22%22&SingleRangeSensor=%22%CE%8C%CE%BB%CE%B5%CF%82+%CE%BF%CE%B9+%CF%85%CF%80%CE%B7%CF%81%CE%B5%CF%83%CE%AF%CE%B5%CF%82%22,489,,unmeasured,,,,fetch_fail
bnf-fr-fr,Custom: bnf-fr-fr,French Public Institutions,https://www.bnf.fr/fr/recherche-liste?keyword=&type%5B0%5D=espace_presse&items_per_page=10,488,,unmeasured,,,,fetch_fail
msit-go-kr-bbs,Custom: msit-go-kr-bbs,한국완료,https://www.msit.go.kr/bbs/list.do?sCode=user&mPid=208&mId=307,488,,unmeasured,,,,
skillsdevelopmentscotland-co-uk-publications-statist,Custom: skillsdevelopmentscotland-co-uk-publications-statist,영국완료,https://www.skillsdevelopmentscotland.co.uk/publications-statistics/publications,488,,unmeasured,,,,
datacatalogue-adruk-org-browser,Custom: datacatalogue-adruk-org-browser,영국완료,https://datacatalogue.adruk.org/browser/search?include=dataset::datastandard::terminology::dataclass::dataelement,484,,unmeasured,,,,fetch_fail
pubshop-bmbwf-gv-at-indexphp,Custom: pubshop-bmbwf-gv-at-indexphp,오스트리아완료,https://pubshop.bmbwf.gv.at/index.php?article_id=1,479,,unmeasured,,,,
seco-admin-ch-seco,Custom: seco-admin-ch-seco,Switzerland Departments,https://www.seco.admin.ch/seco/en/home/seco/nsb-news.html?dyn_startDate=01.01.2023,479,,unmeasured,,,,
nist-gov-publications,Custom: nist-gov-publications,American Research Institutes,https://www.nist.gov/publications/search,478,,unmeasured,,,,
sastind-gov-cn-n10086200,Custom: sastind-gov-cn-n10086200,중국 완료,https://www.sastind.gov.cn/n10086200/n10086319/index.html,474,,unmeasured,,,,
mivau-gob-es-el-ministerio,Custom: mivau-gob-es-el-ministerio,Spain Ministries,https://www.mivau.gob.es/el-ministerio/sala-de-prensa,473,,unmeasured,,,,
nin-nl-publications,Custom: nin-nl-publications,Dutch Research Centers,https://nin.nl/publications/,471,,unmeasured,,,,
mod-mil-gr-category,Custom: mod-mil-gr-category,Greece Ministries,https://www.mod.mil.gr/category/anakoinoseis-typoy/,470,,unmeasured,,,,
nrc-re-kr-boardes,Custom: nrc-re-kr-boardes,한국완료,https://www.nrc.re.kr/board.es?mid=a12102000000&bid=0015,470,,unmeasured,,,,
toi-no-publications,Custom: toi-no-publications,Norway Research Centers,https://www.toi.no/publications/category29.html?types=report&area=&author=&searchstring=,470,,unmeasured,,,,
en-iwhr-cn-iwhr-english-new,Custom: en-iwhr-cn-iwhr-english-new,중국 완료,http://en.iwhr.cn/IWHR-English-New/Publications/AnnualReports/A110403index_1.htm,458,,unmeasured,,,,zero_parsed
skm-dk-aktuelt,Custom: skm-dk-aktuelt,덴마크완료,https://skm.dk/aktuelt/publikationer/rapporter,457,,unmeasured,,,,
xxgk-mot-gov-cn-2020,Custom: xxgk-mot-gov-cn-2020,중국 완료,https://xxgk.mot.gov.cn/2020/zhengce/863/868/869/iframe_list_7232.html,456,,unmeasured,,,,
ypen-gov-gr-category,Custom: ypen-gov-gr-category,Greece Ministries,https://ypen.gov.gr/category/anakoinoseis-typou/,454,,unmeasured,,,,
search-nal-usda-gov-discovery,Custom: search-nal-usda-gov-discovery,USA Executive Departments,https://search.nal.usda.gov/discovery/collectionDiscovery?vid=01NAL_INST:MAIN,452,,unmeasured,,,,
nih-gov-press-room,Custom: nih-gov-press-room,American Research Institutes,https://www.nih.gov/press-room,449,,unmeasured,,,,
wef-infor-cl-indexphp,Custom: wef-infor-cl-indexphp,Chile Ministries,https://wef.infor.cl/index.php/publicaciones,448,,unmeasured,,,,
data-mfe-govt-nz-tables,Custom: data-mfe-govt-nz-tables,뉴질랜드완료,https://data.mfe.govt.nz/tables/,435,,unmeasured,,,,fetch_fail
saemangeum-go-kr-sda,Custom: saemangeum-go-kr-sda,한국완료,https://www.saemangeum.go.kr/sda/brd/list.do?key=2009074409621,428,,unmeasured,,,,
provenienzforschung-gv-at-empfehlungen-des-bei,Custom: provenienzforschung-gv-at-empfehlungen-des-bei,오스트리아완료,https://provenienzforschung.gv.at/empfehlungen-des-beirats/beschluesse/beschluesse-alphabetisch/,425,,unmeasured,,,,
publicsafety-gc-ca-cnt,Custom: publicsafety-gc-ca-cnt,Canada Ministries,https://www.publicsafety.gc.ca/cnt/nws/nws-rlss/index-en.aspx,424,,unmeasured,,,,
moe-gov-cn-jyb_xwfb,Custom: moe-gov-cn-jyb_xwfb,중국 완료,http://www.moe.gov.cn/jyb_xwfb/s271/,418,,unmeasured,,,,
nih-gov-news-events,Custom: nih-gov-news-events,American Research Institutes,https://www.nih.gov/news-events/news-releases,409,,unmeasured,,,,
psi-ch-en,Custom: psi-ch-en,Switzerland Research Centers,https://www.psi.ch/en/about/business-report,405,,unmeasured,,,,
minedu-gov-gr-grafeio-typoy-kai-di,Custom: minedu-gov-gr-grafeio-typoy-kai-di,Greece Ministries,https://www.minedu.gov.gr/grafeio-typoy-kai-dimosion-sxeseon/deltia-typoy,404,,unmeasured,,,,zero_parsed
trm-dk-nyheder,Custom: trm-dk-nyheder,덴마크완료,https://www.trm.dk/nyheder,404,,unmeasured,,,,
unidata-gv-at-pages,Custom: unidata-gv-at-pages,오스트리아완료,https://unidata.gv.at/Pages/auswertungen.aspx,404,,unmeasured,,,,
graduateinstitute-ch-library,Custom: graduateinstitute-ch-library,Switzerland Research Centers,https://www.graduateinstitute.ch/library/publications-institute,398,0,lower_bound,count_timeout,0,0.0,
mintour-gov-gr-deltia-typoy,Custom: mintour-gov-gr-deltia-typoy,Greece Ministries,https://mintour.gov.gr/deltia-typoy/,394,,unmeasured,,,,
sib-swiss-community,Custom: sib-swiss-community,Switzerland Research Centers,https://www.sib.swiss/community/publications/scientific-publications-2025,391,,unmeasured,,,,
molit-go-kr-usr,Custom: molit-go-kr-usr,한국완료,https://www.molit.go.kr/USR/NEWS/m_71/lst.jsp,390,,unmeasured,,,,
cso-ie-en,Custom: cso-ie-en,Irish Research Centers,https://www.cso.ie/en/csolatestnews/pressreleases/2025pressreleases/,388,,unmeasured,,,,zero_parsed
statistischebibliothek-de-mir,Custom: statistischebibliothek-de-mir,독일완료,https://www.statistischebibliothek.de/mir/receive/DESerie_mods_00000012?list=all,384,,unmeasured,,,,
miteco-gob-es-es,Custom: miteco-gob-es-es,Spain Ministries,https://www.miteco.gob.es/es/prensa/ultimas-noticias.html,379,,unmeasured,,,,
portaldiplomatico-mne-gov-pt-en,Custom: portaldiplomatico-mne-gov-pt-en,Portugal Ministries,https://portaldiplomatico.mne.gov.pt/en/communication-and-media/press-releases,378,,unmeasured,,,,
eprr-lanl-gov,Custom: eprr-lanl-gov,American Research Institutes,https://eprr.lanl.gov/?f%5BdocType_f%5D%5B%5D=Full+Paper,367,,unmeasured,,,,zero_parsed
nifu-no-en,Custom: nifu-no-en,Norway Research Centers,https://www.nifu.no/en/nifu-alle-publikasjoner/,363,,unmeasured,,,,
edi-admin-ch-de,Custom: edi-admin-ch-de,Switzerland Departments,https://www.edi.admin.ch/de/medienmitteilungen-des-edi,360,,unmeasured,,,,fetch_fail
sm-dk-publikationer,Custom: sm-dk-publikationer,덴마크완료,https://www.sm.dk/publikationer,354,,unmeasured,,,,
nersc-no-en,Custom: nersc-no-en,Norway Research Centers,https://nersc.no/en/publications/,349,,unmeasured,,,,
opengov-seoul-go-kr-research,Custom: opengov-seoul-go-kr-research,한국완료,https://opengov.seoul.go.kr/research/list,344,,unmeasured,,,,
netl-doe-gov-fecm-external-r-and-,Custom: netl-doe-gov-fecm-external-r-and-,American Research Institutes,https://netl.doe.gov/FECM-External-R-and-D-Final-Technical-Reports,343,,unmeasured,,,,
naacc-go-kr-web,Custom: naacc-go-kr-web,한국완료,https://naacc.go.kr/WEB/contents/N3050100000.do,334,,unmeasured,,,,
nichd-nih-gov-newsroom,Custom: nichd-nih-gov-newsroom,American Research Institutes,https://www.nichd.nih.gov/newsroom/news,329,,unmeasured,,,,
nhlbi-nih-gov-resources,Custom: nhlbi-nih-gov-resources,American Research Institutes,https://www.nhlbi.nih.gov/resources,325,,unmeasured,,,,
werk-belgie-be-nl,Custom: werk-belgie-be-nl,벨기에완료,https://werk.belgie.be/nl/nieuws,316,,unmeasured,,,,
environment-govt-nz-acts-and-regulations,Custom: environment-govt-nz-acts-and-regulations,뉴질랜드완료,https://environment.govt.nz/acts-and-regulations/national-planning-standards/,315,,unmeasured,,,,zero_parsed
samr-gov-cn-zw,Custom: samr-gov-cn-zw,중국 완료,https://www.samr.gov.cn/zw/zjwj/zcjd/index.html,315,,unmeasured,,,,
bam-de-navigation,Custom: bam-de-navigation,GER ResearchCenters(Unfinished),https://www.bam.de/Navigation/EN/News/Press-Releases/press-releases.html,308,,unmeasured,,,,zero_parsed
mnd-go-kr-user,Custom: mnd-go-kr-user,한국완료,https://www.mnd.go.kr/user/newsInUserRecord.action?siteId=mnd&handle=I_669&id=mnd_020500000000,304,,unmeasured,,,,
nordlandsforskning-no-en,Custom: nordlandsforskning-no-en,Norway Research Centers,https://www.nordlandsforskning.no/en/publications,304,,unmeasured,,,,
swisspeace-ch-publications,Custom: swisspeace-ch-publications,Switzerland Research Centers,https://www.swisspeace.ch/publications,304,,unmeasured,,,,
presse-curie-fr-section,Custom: presse-curie-fr-section,French Research Institutes,https://presse.curie.fr/section/communiques/?lang=en&_gl=1*g1wgb0*_up*MQ..*_ga*MTY0Mzk4NTg0LjE3NTE5Nzc2Njc.*_ga_3H1QKXKJYY*czE3NTE5Nzc2NjckbzEkZzAkdDE3NTE5Nzc2NjckajYwJGwwJGgw*_ga_G7RMZZ61ZW*czE3NTE5Nzc2NjckbzEkZzAkdDE3NTE5Nzc2NjckajYwJGwwJGgw*_ga_ZZMKJMV6LS*czE3NTE5Nzc2NjckbzEkZzAkdDE3NTE5Nzc2NjckajYwJGwwJGgw,300,,unmeasured,,,,
pps-go-kr-kor,Custom: pps-go-kr-kor,한국완료,https://www.pps.go.kr/kor/bbs/list.do?key=00664,290,,unmeasured,,,,
sfi-ch-en,Custom: sfi-ch-en,Switzerland Research Centers,https://www.sfi.ch/en/publications?d=&a=&c=383&q=,288,,unmeasured,,,,
transportes-gob-es-el-ministerio,Custom: transportes-gob-es-el-ministerio,Spain Ministries,https://www.transportes.gob.es/el-ministerio/sala-de-prensa,288,,unmeasured,,,,
ii-re-kr-base,Custom: ii-re-kr-base,한국완료,https://www.ii.re.kr/base/board/list?boardManagementNo=14&menuLevel=2&menuNo=76,287,0,lower_bound,count_timeout,0,0.0,
nidi-nl-en,Custom: nidi-nl-en,Dutch Research Centers,https://nidi.nl/en/publications/,285,,unmeasured,,,,
telemarksforsking-no-publikasjoner,Custom: telemarksforsking-no-publikasjoner,Norway Research Centers,https://telemarksforsking.no/publikasjoner/tab/?tab=vitenskapelig,280,,unmeasured,,,,
rijksoverheid-nl-documenten,Custom: rijksoverheid-nl-documenten,Netherland Ministries,https://www.rijksoverheid.nl/documenten?trefwoord=&startdatum=&einddatum=&onderdeel=Alle+ministeries&type=Rapport,274,,unmeasured,,,,
gob-mx-mujeres,gob.mx Archivo de Prensa — Women,Mexico Ministries,https://www.gob.mx/mujeres/archivo/prensa,270,,unmeasured,,,,no_crawler
minagric-gr-the-ministry-2,Custom: minagric-gr-the-ministry-2,Greece Ministries,https://minagric.gr/the-ministry-2/grafeiotypou/press-releases-ypaat-current-year,267,,unmeasured,,,,
www6-slac-stanford-edu-news-and-events,Custom: www6-slac-stanford-edu-news-and-events,American Research Institutes,https://www6.slac.stanford.edu/news-and-events/news-center/archive?created=&news_research_area=All&news_type=1,267,,unmeasured,,,,
ministryofjustice-gr,Custom: ministryofjustice-gr,Greece Ministries,https://ministryofjustice.gr/?page_id=598,261,,unmeasured,,,,
eprints-soton-ac-uk-view,Custom: eprints-soton-ac-uk-view,영국완료,https://eprints.soton.ac.uk/view/divisions/5d1c5ba6-6977-4d9d-9afe-fd1820201262/,259,,unmeasured,,,,fetch_fail
moleg-go-kr-boardes,Custom: moleg-go-kr-boardes,한국완료,https://www.moleg.go.kr/board.es?mid=a10404000000&bid=0007,256,,unmeasured,,,,
ninds-nih-gov-news-events,Custom: ninds-nih-gov-news-events,American Research Institutes,https://www.ninds.nih.gov/news-events/news/press-releases,253,,unmeasured,,,,
environment-govt-nz-publications,Custom: environment-govt-nz-publications,뉴질랜드완료,https://environment.govt.nz/publications/?offset=25,249,,unmeasured,,,,fetch_fail
regulation-govt-nz-about-us,Custom: regulation-govt-nz-about-us,뉴질랜드완료,https://www.regulation.govt.nz/about-us/our-publications/?https%3A%2F%2Fwww_regulation_govt_nz%2Fabout-us%2Four-publications%2Fsearch%2F%3Fquery=&order=relevance&publication_type_id%5B110%5D=110&sort_date_from=&sort_date_to=,247,,unmeasured,,,,
scp-nl-publicaties,Custom: scp-nl-publicaties,Dutch Research Centers,https://www.scp.nl/publicaties,243,,unmeasured,,,,
om-mp-be-nl,Custom: om-mp-be-nl,벨기에완료,https://www.om-mp.be/nl/colpg/college-van-procureurs-generaal-jaarverslagen,239,,unmeasured,,,,
noc-ac-uk-publications,Custom: noc-ac-uk-publications,영국완료,https://noc.ac.uk/publications,234,,unmeasured,,,,
ifr-pan-edu-pl-dzialalnosc-naukowa,Custom: ifr-pan-edu-pl-dzialalnosc-naukowa,Polish Research Centers,https://ifr-pan.edu.pl/dzialalnosc-naukowa/publikacje,232,,unmeasured,,,,zero_parsed
publications-idiap-ch-publications,Custom: publications-idiap-ch-publications,Switzerland Research Centers,https://publications.idiap.ch/publications,231,,unmeasured,,,,
spo-go-kr-site,Custom: spo-go-kr-site,한국완료,https://www.spo.go.kr/site/spo/ex/board/List.do?cbIdx=1303,227,,unmeasured,,,,
polytechnique-edu-presse,Custom: polytechnique-edu-presse,French Public Universities,https://www.polytechnique.edu/presse/communiques-et-dossiers-de-presse,226,,unmeasured,,,,
auswaertiges-amt-de-de,Custom: auswaertiges-amt-de-de,Germany Ministries,https://www.auswaertiges-amt.de/de/newsroom/presse/newsroom-archiv,224,,unmeasured,,,,fetch_fail
pbc-gov-cn-en,Custom: pbc-gov-cn-en,중국 완료,https://www.pbc.gov.cn/en/3688247/3688978/3709140/index.html,224,,unmeasured,,,,
insee-fr-fr,Custom: insee-fr-fr,French Public Institutions,https://www.insee.fr/fr/information/2117832?debut=0&region=REG84+REG27+REG53+REG24+REG94+REG44+REG01+REG32+REG11+REG03+REG76+REG52+REG75+REG93+REG06+REG28+REG02+REG04,223,0,lower_bound,count_timeout,0,0.0,
nibio-no-en,Custom: nibio-no-en,Norway Research Centers,https://www.nibio.no/en/publications?filters=1&q=&publicationType%5B%5D=e4b9b2bc-82be-42d1-80f5-f1515ad07e2e,219,,unmeasured,,,,
sozialministerium-gv-at-services,Custom: sozialministerium-gv-at-services,오스트리아완료,https://www.sozialministerium.gv.at/Services/Studien.html,206,,unmeasured,,,,
directives-doe-gov-directives-browse,Custom: directives-doe-gov-directives-browse,USA Executive Departments,https://www.directives.doe.gov/directives-browse,205,,unmeasured,,,,fetch_fail
transportation-gov-newsroom,Custom: transportation-gov-newsroom,USA Executive Departments,https://www.transportation.gov/newsroom/press-releases,205,,unmeasured,,,,
ethz-ch-de,Custom: ethz-ch-de,Switzerland Research Centers,https://ethz.ch/de/news-und-veranstaltungen/medien/medienmitteilungen.html,203,,unmeasured,,,,fetch_fail
nidcd-nih-gov-news,Custom: nidcd-nih-gov-news,American Research Institutes,https://www.nidcd.nih.gov/news/nidcd-news,203,,unmeasured,,,,
benthamscience-com-press-release,Custom: benthamscience-com-press-release,Switzerland Research Centers,https://www.benthamscience.com/press-release,191,,unmeasured,,,,zero_parsed
regjeringen-no-en,Custom: regjeringen-no-en,Norway Ministries,https://www.regjeringen.no/en/find-document/id2000006/?documenttype=dokumenter&ownerid=463&term=,187,,unmeasured,,,,
nps-or-kr-pnsgdnc,Custom: nps-or-kr-pnsgdnc,한국완료,https://www.nps.or.kr/pnsgdnc/nscvrgdata/getOHAE0002M0List.do?menuId=MN24000898,182,,unmeasured,,,,
nec-go-kr-site,Custom: nec-go-kr-site,한국완료,https://www.nec.go.kr/site/nec/ex/bbs/List.do?cbIdx=1090,175,,unmeasured,,,,
sm-ee-otsing,Custom: sm-ee-otsing,Estonia Ministries,https://www.sm.ee/otsing?filters%5Btype%5D=Artikkel&sort=created&page=1,158,,unmeasured,,,,
issibern-ch-outreach,Custom: issibern-ch-outreach,Switzerland Research Centers,https://www.issibern.ch/outreach/news/,157,,unmeasured,,,,error
kicj-re-kr-boardes,Custom: kicj-re-kr-boardes,한국완료,https://www.kicj.re.kr/board.es?mid=a10101000000&bid=0001,154,0,lower_bound,count_timeout,0,0.0,
plan-be-nl,Custom: plan-be-nl,벨기에완료,https://www.plan.be/nl/publicaties,152,,unmeasured,,,,
nypi-re-kr-board,Custom: nypi-re-kr-board,한국완료,https://www.nypi.re.kr/board?menuKey=uCjzEQTnJu&bbsId=BOARD00019,150,,unmeasured,,,,
onera-fr-fr,Custom: onera-fr-fr,French Research Institutes,https://www.onera.fr/fr/presse?page=1,145,,unmeasured,,,,
sante-gouv-fr-ministere,Custom: sante-gouv-fr-ministere,France Ministries,https://sante.gouv.fr/ministere/documentation-et-publications-officielles/rapports/,145,,unmeasured,,,,
ineris-fr-fr,Custom: ineris-fr-fr,French Research Institutes,https://www.ineris.fr/fr/base-documentaire?document%5B0%5D=document_type%3A8,141,0,lower_bound,count_timeout,0,0.0,
sintef-no-en,Custom: sintef-no-en,Norway Research Centers,https://www.sintef.no/en/search/?querytext=*&flow=reports,141,,unmeasured,,,,
mofe-go-kr-id,Custom: mofe-go-kr-id,한국완료,https://mofe.go.kr/id/pdo.do?menuNo=3050000,133,,unmeasured,,,,
tigta-gov-reports,Custom: tigta-gov-reports,USA Executive Departments,https://www.tigta.gov/reports/list,133,,unmeasured,,,,
data-gov-be-nl,Custom: data-gov-be-nl,벨기에완료,https://data.gov.be/nl/datasets?f%5B0%5D=format%3A65,132,,unmeasured,,,,zero_parsed
pmc-gov-au-resources,Custom: pmc-gov-au-resources,호주완료,https://www.pmc.gov.au/resources?f%5B0%5D=db_r_publication_category%3A334,129,,unmeasured,,,,
repository-lboro-ac-uk,Custom: repository-lboro-ac-uk,영국완료,https://repository.lboro.ac.uk/,128,,unmeasured,,,,
socialstyrelsen-se-en,Custom: socialstyrelsen-se-en,스웨덴 완료,https://www.socialstyrelsen.se/en/publications/,127,,unmeasured,,,,
niddk-nih-gov-news,Custom: niddk-nih-gov-news,American Research Institutes,https://www.niddk.nih.gov/news/archive?nt=nr,124,,unmeasured,,,,
nesc-ie-publications,Custom: nesc-ie-publications,Irish Research Centers,https://www.nesc.ie/publications/,121,,unmeasured,,,,
wallonie-be-fr,Custom: wallonie-be-fr,벨기에완료,https://www.wallonie.be/fr/publications,121,,unmeasured,,,,
ncha-gov-cn-col,Custom: ncha-gov-cn-col,중국 완료,http://www.ncha.gov.cn/col/col2423/index.html,117,,unmeasured,,,,
science-astron-nl-science-astron,Custom: science-astron-nl-science-astron,Dutch Research Centers,https://science.astron.nl/science-astron/publications-and-phd-theses/,117,,unmeasured,,,,
met-no-publikasjoner,Custom: met-no-publikasjoner,Norway Research Centers,https://www.met.no/publikasjoner/met-report,116,0,lower_bound,count_timeout,0,0.0,
nps-or-kr-inforls,Custom: nps-or-kr-inforls,한국완료,https://www.nps.or.kr/inforls/publdata/getOHAB0019M0List.do?menuId=MN24000873,115,,unmeasured,,,,
inria-fr-fr,Custom: inria-fr-fr,French Research Institutes,https://www.inria.fr/fr/espace-presse,114,,unmeasured,,,,zero_parsed
va-gov-vetdata,Custom: va-gov-vetdata,USA Executive Departments,https://www.va.gov/vetdata/report.asp,114,,unmeasured,,,,
gsi-ie-en-ie,Custom: gsi-ie-en-ie,Irish Research Centers,https://www.gsi.ie/en-ie/research/Pages/related-publications.aspx,113,,unmeasured,,,,fetch_fail
nfa-go-kr-nfa,Custom: nfa-go-kr-nfa,한국완료,https://www.nfa.go.kr/nfa/releaseinformation/statisticalinformation/main/,112,,unmeasured,,,,
publikationen-bundesregierung-de-pp-de,Custom: publikationen-bundesregierung-de-pp-de,Germany Ministries,https://www.publikationen-bundesregierung.de/pp-de/herausgeber/bundesministerium-fuer-umwelt-klimaschutz-naturschutz-und-nukleare-sicherheit-bmukn-,112,,unmeasured,,,,
vbs-admin-ch-en,Custom: vbs-admin-ch-en,Switzerland Departments,https://www.vbs.admin.ch/en/newnsb?publisherIDs=5&topicIDs=all&newsCategoryIDs=medienmitteilung&sort=dateDecreasing&display=list&start_date=2024-08-29&end_date=2025-08-29,111,,unmeasured,,,,
publicservice-govt-nz-research-and-data,Custom: publicservice-govt-nz-research-and-data,뉴질랜드완료,https://www.publicservice.govt.nz/research-and-data?q=&classification=Datasheet&topics%5B0%5D=193,110,,unmeasured,,,,
stats-govt-nz-indicators,Custom: stats-govt-nz-indicators,뉴질랜드완료,https://www.stats.govt.nz/indicators/,109,,unmeasured,,,,
ncri-ie-en,Custom: ncri-ie-en,Irish Research Centers,https://www.ncri.ie/en/search?keywords=&section=3&sort_bef_combine=relevance_DESC,104,,unmeasured,,,,
difesa-it-il-ministro,Custom: difesa-it-il-ministro,Italy Ministries,https://www.difesa.it/il-ministro/note-stampa/elenco/index.html,101,,unmeasured,,,,fetch_fail
icp-fr-a-propos-de-licp,Custom: icp-fr-a-propos-de-licp,French Public Institutions,https://www.icp.fr/a-propos-de-licp/presse/communiques-de-presse,99,,unmeasured,,,,zero_parsed
netl-doe-gov-energy-analysis,Custom: netl-doe-gov-energy-analysis,American Research Institutes,https://netl.doe.gov/energy-analysis/search?search=TRS,97,,unmeasured,,,,
nia-nih-gov-news,Custom: nia-nih-gov-news,American Research Institutes,https://www.nia.nih.gov/news/news-releases,95,,unmeasured,,,,
politie-be-statistieken,Custom: politie-be-statistieken,벨기에완료,https://www.politie.be/statistieken/nl/morfologie/rapporten,95,,unmeasured,,,,
ungeneva-org-en,Custom: ungeneva-org-en,Switzerland Research Centers,https://www.ungeneva.org/en/news-media/press-release,93,,unmeasured,,,,
ustat-mur-gov-it,Custom: ustat-mur-gov-it,Italy Ministries,https://ustat.mur.gov.it/,92,,unmeasured,,,,
nidcd-nih-gov-order,Custom: nidcd-nih-gov-order,American Research Institutes,https://www.nidcd.nih.gov/order,90,,unmeasured,,,,
bm-dk-soeg,Custom: bm-dk-soeg,덴마크완료,https://bm.dk/soeg/?q=*&ContentTags=Publikation&sort-desc=ManualDate,88,,unmeasured,,,,fetch_fail
nidcr-nih-gov-news-events,Custom: nidcr-nih-gov-news-events,American Research Institutes,https://www.nidcr.nih.gov/news-events/nidcr-news,87,,unmeasured,,,,
stats-govt-nz-publications,Custom: stats-govt-nz-publications,뉴질랜드완료,https://www.stats.govt.nz/publications/?categoryFiltersID=385&filters=Reports,87,,unmeasured,,,,
artsetmetiers-hal-science-search,Custom: artsetmetiers-hal-science-search,French Public Universities,https://artsetmetiers.hal.science/search/index/?q=%2A&rows=30&submitType_s=file&docType_s=ART+OR+COMM+OR+THESE,86,,unmeasured,,,,fetch_fail
niaaa-nih-gov-news-events,Custom: niaaa-nih-gov-news-events,American Research Institutes,https://www.niaaa.nih.gov/news-events/news,80,,unmeasured,,,,
nioo-knaw-nl-en,Custom: nioo-knaw-nl-en,Dutch Research Centers,https://nioo.knaw.nl/en/pressreleases,75,,unmeasured,,,,
pure-mpg-de-search,Custom: pure-mpg-de-search,GER ResearchCenters(Unfinished),https://pure.mpg.de/search,75,,unmeasured,,,,
sib-swiss-training,Custom: sib-swiss-training,Switzerland Research Centers,https://www.sib.swiss/training/training-materials,74,,unmeasured,,,,
simula-no-publications,Custom: simula-no-publications,Norway Research Centers,https://www.simula.no/publications/?status=published&type=journal_article%2Cthesis%2Cproceedings_refereed%2Cmaster_s_thesis%2Cconference_proceedings,73,,unmeasured,,,,
consult-environment-govt-nz-climate,Custom: consult-environment-govt-nz-climate,뉴질랜드완료,https://consult.environment.govt.nz/climate/second-emissions-reduction-plan/,72,0,lower_bound,count_timeout,0,0.0,
nhc-gov-cn-wjw,Custom: nhc-gov-cn-wjw,중국 완료,https://www.nhc.gov.cn/wjw/gfxwjj/list.shtml,71,,unmeasured,,,,
ninds-nih-gov-publications,Custom: ninds-nih-gov-publications,American Research Institutes,https://www.ninds.nih.gov/publications,71,,unmeasured,,,,
stat-inst-se-om-sis,Custom: stat-inst-se-om-sis,스웨덴 완료,https://www.stat-inst.se/om-sis/rapporter-och-slutredovisningar/,69,,unmeasured,,,,
rki-de-de,Custom: rki-de-de,GER ResearchCenters(Unfinished),https://www.rki.de/DE/Aktuelles/Neuigkeiten-und-Presse/Meldungen-PM/meldungen-pressemitteilungen-node.html,66,,unmeasured,,,,
caitec-org-cn-n6,Custom: caitec-org-cn-n6,중국 완료,https://www.caitec.org.cn/n6/sy_zgdwmyxsbg/,62,,unmeasured,,,,fetch_fail
iwhr-com-zgskywwnew,Custom: iwhr-com-zgskywwnew,중국 완료,http://www.iwhr.com/zgskywwnew/ddjs/newskzs/N014809index_1.htm,62,,unmeasured,,,,zero_parsed
publicservice-govt-nz-data,Custom: publicservice-govt-nz-data,뉴질랜드완료,https://www.publicservice.govt.nz/data/public-service-census/delivery/innovation,61,,unmeasured,,,,
consult-environment-govt-nz-resource-management,Custom: consult-environment-govt-nz-resource-management,뉴질랜드완료,https://consult.environment.govt.nz/resource-management/infrastructure-development-primary-sector-nd/,58,0,lower_bound,count_timeout,0,0.0,
consult-environment-govt-nz-waste,Custom: consult-environment-govt-nz-waste,뉴질랜드완료,https://consult.environment.govt.nz/waste/agrichemicals-their-containers-and-farm-plastics/,58,0,lower_bound,count_timeout,0,0.0,
environment-govt-nz-what-you-can-do,Custom: environment-govt-nz-what-you-can-do,뉴질랜드완료,https://environment.govt.nz/what-you-can-do/have-your-say/,58,0,lower_bound,count_timeout,0,0.0,
ulsan-go-kr-u,Custom: ulsan-go-kr-u,한국완료,https://www.ulsan.go.kr/u/rep/bbs/list.ulsan?bbsId=BBS_0000000000000170&mId=001003007001000000,58,,unmeasured,,,,
astron-nl-about,Custom: astron-nl-about,Dutch Research Centers,https://www.astron.nl/about/annual-reports/,57,0,lower_bound,count_timeout,0,0.0,
nccih-nih-gov-news,Custom: nccih-nih-gov-news,American Research Institutes,https://www.nccih.nih.gov/news/press-releases,57,,unmeasured,,,,
neac-gov-cn-seac,Custom: neac-gov-cn-seac,중국 완료,https://www.neac.gov.cn/seac/c103544/common_list.shtml,57,,unmeasured,,,,
pleanala-ie-en-ie,Custom: pleanala-ie-en-ie,Irish Research Centers,https://www.pleanala.ie/en-IE/Publications,54,,unmeasured,,,,
sgu-se-en,Custom: sgu-se-en,스웨덴 완료,https://www.sgu.se/en/about-sgu/news-from-sgu/,54,,unmeasured,,,,
en-ndrc-gov-cn-policies,Custom: en-ndrc-gov-cn-policies,중국 완료,https://en.ndrc.gov.cn/policies/,52,,unmeasured,,,,fetch_fail
data-nist-gov-sdp,Custom: data-nist-gov-sdp,American Research Institutes,https://data.nist.gov/sdp/#/search?q=,50,,unmeasured,,,,fetch_fail
genomecanada-ca-about,Custom: genomecanada-ca-about,Canadian Research Centers,https://genomecanada.ca/about/publications/,50,,unmeasured,,,,zero_parsed
unikorea-go-kr-web,Custom: unikorea-go-kr-web,한국완료,https://www.unikorea.go.kr/web/unikorea/bbs/bbs_0000000000000181,47,,unmeasured,,,,
www2-mrc-lmb-cam-ac-uk-research,Custom: www2-mrc-lmb-cam-ac-uk-research,영국완료,https://www2.mrc-lmb.cam.ac.uk/research/published-research/,47,,unmeasured,,,,
nida-nih-gov-news-events,Custom: nida-nih-gov-news-events,American Research Institutes,https://nida.nih.gov/news-events/news-releases,46,,unmeasured,,,,
ufm-dk-publikationer,Custom: ufm-dk-publikationer,덴마크완료,https://ufm.dk/publikationer,44,,unmeasured,,,,
genome-gov-about-nhgri,Custom: genome-gov-about-nhgri,American Research Institutes,https://www.genome.gov/about-nhgri/Budget-Financial-Information,42,,unmeasured,,,,zero_parsed
nts-go-kr-nts,Custom: nts-go-kr-nts,한국완료,https://www.nts.go.kr/nts/na/ntt/selectNttList.do?mi=2201&bbsId=1028,42,,unmeasured,,,,
bj-admin-ch-bj,Custom: bj-admin-ch-bj,Switzerland Departments,https://www.bj.admin.ch/bj/en/home/aktuell/mm.html?dyn_startDate=01.03.2016&dyn_endDate=01.04.2026,41,,unmeasured,,,,fetch_fail
niehs-nih-gov-newsreleases,Custom: niehs-nih-gov-newsreleases,American Research Institutes,https://www.niehs.nih.gov/newsreleases,40,,unmeasured,,,,
nibib-nih-gov-news-events,Custom: nibib-nih-gov-news-events,American Research Institutes,https://www.nibib.nih.gov/news-events/press-releases,39,,unmeasured,,,,
opendata-centralbank-ie-dataset,Custom: opendata-centralbank-ie-dataset,Irish Research Centers,https://opendata.centralbank.ie/dataset/,38,,unmeasured,,,,
mwr-gov-cn-english,Custom: mwr-gov-cn-english,중국 완료,http://www.mwr.gov.cn/english/MainAchievements/,37,,unmeasured,,,,
presse-cnam-fr-communiques,Custom: presse-cnam-fr-communiques,French Public Institutions,https://presse.cnam.fr/communiques/,36,,unmeasured,,,,
mpi-govt-nz-resources-and-forms,Custom: mpi-govt-nz-resources-and-forms,뉴질랜드완료,https://www.mpi.govt.nz/resources-and-forms/economic-intelligence/market-insights-for-the-primary-sector/,35,,unmeasured,,,,
arcep-fr-actualites,Custom: arcep-fr-actualites,French Public Institutions,https://www.arcep.fr/actualites/actualites-et-communiques/n-page/1.html?tx_news_pi1%5Bfilters%5D%5BtypeContent%5D=5&cHash=d411a099541ff08a38e6142c8162a5f6,34,,unmeasured,,,,zero_parsed
nim-ac-cn-taxonomy,Custom: nim-ac-cn-taxonomy,중국 완료,https://www.nim.ac.cn/taxonomy/term/170,34,,unmeasured,,,,
rcaanc-cirnac-gc-ca-eng,Custom: rcaanc-cirnac-gc-ca-eng,Canada Ministries,https://www.rcaanc-cirnac.gc.ca/eng/1575131323136/1575131374706,33,,unmeasured,,,,
safefood-net-news,Custom: safefood-net-news,Irish Research Centers,https://www.safefood.net/news,31,,unmeasured,,,,
science-libraries-canada-ca-eng,Custom: science-libraries-canada-ca-eng,Canadian Research Centers,https://science-libraries.canada.ca/eng/search/?q=*&fc=ContentType%3AConference+Proceeding&sm=1,31,,unmeasured,,,,
chineseafs-org-ckynewsmgr,Custom: chineseafs-org-ckynewsmgr,중국 완료,https://www.chineseafs.org/ckynewsmgr/newsContentQueryByPage.action?searchKey=enyjbg&queryFlag=1&address=Research%20Reports&retVal=enyjbggdxw&start=0&limit=10,30,,unmeasured,,,,fetch_fail
oka-go-kr-web,Custom: oka-go-kr-web,한국완료,https://www.oka.go.kr/web/board/brdList.do?menu_cd=000018,30,,unmeasured,,,,
openscience-si-naprednoiskanjeaspx,Custom: openscience-si-naprednoiskanjeaspx,Slovenia Research Centers,https://openscience.si/NaprednoIskanje.aspx?q=0:20:211,30,,unmeasured,,,,
nida-nih-gov-research-topics,Custom: nida-nih-gov-research-topics,American Research Institutes,https://nida.nih.gov/research-topics/trends-statistics/infographics,29,,unmeasured,,,,
moe-gov-cn-jyb_sjzl,Custom: moe-gov-cn-jyb_sjzl,중국 완료,http://www.moe.gov.cn/jyb_sjzl/sjzl_fztjgb/,28,,unmeasured,,,,
netl-doe-gov-advsearch,Custom: netl-doe-gov-advsearch,American Research Institutes,https://netl.doe.gov/advsearch?tid=107,28,,unmeasured,,,,
nupi-no-en,Custom: nupi-no-en,Norway Research Centers,https://www.nupi.no/en/publications?pcform%5Bpublications_type%5D=pub_scientific_article&pcform%5Bfield%5D=&pcform%5Bfrom_date_time%5D=&pcform%5Bto_date_time%5D=,28,,unmeasured,,,,
openaire-eu-os-slovenia,Custom: openaire-eu-os-slovenia,Slovenia Research Centers,https://www.openaire.eu/os-slovenia,28,,unmeasured,,,,
nikhef-nl-pub,Custom: nikhef-nl-pub,Dutch Research Centers,https://www.nikhef.nl/pub/services/newbiblio/publications.php,26,,unmeasured,,,,
vlaanderen-be-nieuwsberichten,Custom: vlaanderen-be-nieuwsberichten,벨기에완료,https://www.vlaanderen.be/nieuwsberichten?order_publicationdate=desc,26,,unmeasured,,,,
comptroller-defense-gov-odcfo,Custom: comptroller-defense-gov-odcfo,USA Executive Departments,https://comptroller.defense.gov/ODCFO/afr/,24,,unmeasured,,,,zero_parsed
marine-ie-site-area,Custom: marine-ie-site-area,Irish Research Centers,https://www.marine.ie/site-area/publications/annual-reports,24,,unmeasured,,,,fetch_fail
seer-cancer-gov-report_to_nation,Custom: seer-cancer-gov-report_to_nation,American Research Institutes,https://seer.cancer.gov/report_to_nation/previous.html,24,,unmeasured,,,,
um-dk-om-os,Custom: um-dk-om-os,덴마크완료,https://um.dk/om-os/organisation/oekonomi-og-udbud/oekonomi-maal-og-resultater,24,,unmeasured,,,,
astro-oma-be-en,Custom: astro-oma-be-en,벨기에완료,https://www.astro.oma.be/en/information/publications/annual-reports/,22,,unmeasured,,,,zero_parsed
data-mfe-govt-nz-documents,Custom: data-mfe-govt-nz-documents,뉴질랜드완료,https://data.mfe.govt.nz/documents/,21,,unmeasured,,,,fetch_fail
nigms-nih-gov-news,Custom: nigms-nih-gov-news,American Research Institutes,https://www.nigms.nih.gov/news/releases-and-announcements,21,,unmeasured,,,,
bordbia-ie-about,Custom: bordbia-ie-about,Irish Research Centers,https://www.bordbia.ie/about/governance/annual-reports/,20,,unmeasured,,,,zero_parsed
english-mee-gov-cn-resources,Custom: english-mee-gov-cn-resources,중국 완료,https://english.mee.gov.cn/Resources/Reports/Annual_Report_for_Nuclear_Safety/,20,,unmeasured,,,,fetch_fail
siseministeerium-ee-otsing,Custom: siseministeerium-ee-otsing,Estonia Ministries,https://www.siseministeerium.ee/otsing?filters%5Btype%5D=Artikkel&sort=created&page=1,20,,unmeasured,,,,
mohrss-gov-cn-xxgk2020,Custom: mohrss-gov-cn-xxgk2020,중국 완료,https://www.mohrss.gov.cn/xxgk2020/zfxxgknb/,19,,unmeasured,,,,
ncats-nih-gov-news-events,Custom: ncats-nih-gov-news-events,American Research Institutes,https://ncats.nih.gov/news-events/news,19,,unmeasured,,,,
reseau-canope-fr-espace-presse,Custom: reseau-canope-fr-espace-presse,French Public Institutions,https://www.reseau-canope.fr/espace-presse/nos-dossiers-et-communiques-de-presse.html,19,,unmeasured,,,,
bmimi-gv-at-themen,Custom: bmimi-gv-at-themen,오스트리아완료,https://www.bmimi.gv.at/themen/innovation/publikationen/menschen_qualifikation_gender.html,18,,unmeasured,,,,zero_parsed
moe-gov-cn-jyb_xxgk,Custom: moe-gov-cn-jyb_xxgk,중국 완료,http://www.moe.gov.cn/jyb_xxgk/xxgk/nianbao/jiguan/,18,,unmeasured,,,,
mwr-gov-cn-zwgk,Custom: mwr-gov-cn-zwgk,중국 완료,http://www.mwr.gov.cn/zwgk/gknb/,18,,unmeasured,,,,
vtg-admin-ch-en,Custom: vtg-admin-ch-en,Switzerland Departments,https://www.vtg.admin.ch/en/swiss-peace-supporter-4,18,,unmeasured,,,,
budget-canada-ca-home-accueil-enhtml,Custom: budget-canada-ca-home-accueil-enhtml,Canada Ministries,https://budget.canada.ca/home-accueil-en.html,17,,unmeasured,,,,fetch_fail
msd-govt-nz-about-msd-and-our-wo,Custom: msd-govt-nz-about-msd-and-our-wo,뉴질랜드완료,https://www.msd.govt.nz/about-msd-and-our-work/publications-resources/regulatory-impact-statements/index.html,16,,unmeasured,,,,
mva-gov-cn-gongkai,Custom: mva-gov-cn-gongkai,중국 완료,https://www.mva.gov.cn/gongkai/zfxxgkpt/zfxxgknb/,15,,unmeasured,,,,
nbb-be-en,Custom: nbb-be-en,벨기에완료,https://www.nbb.be/en/statistics/topics/general/statistical-publications,15,,unmeasured,,,,
niams-nih-gov-newsroom,Custom: niams-nih-gov-newsroom,American Research Institutes,https://www.niams.nih.gov/newsroom/press-releases,15,,unmeasured,,,,
baw-de-en,Custom: baw-de-en,GER ResearchCenters(Unfinished),https://www.baw.de/en/publikationen/geschaeftsbericht/geschaeftsbericht.html,14,,unmeasured,,,,zero_parsed
mpi-govt-nz-about-mpi,Custom: mpi-govt-nz-about-mpi,뉴질랜드완료,https://www.mpi.govt.nz/about-mpi/corporate-publications/annual-reports-of-the-ministry-for-primary-industries/,14,,unmeasured,,,,
nei-nih-gov-about,Custom: nei-nih-gov-about,American Research Institutes,https://www.nei.nih.gov/about/budget-and-congress,14,,unmeasured,,,,
search-worldcat-org-ko,Custom: search-worldcat-org-ko,USA Executive Departments,https://search.worldcat.org/ko/search?q=ai&openAccess=true&itemSubType=book-thsis&itemSubTypeModified=book-thsis,14,,unmeasured,,,,
women-govt-nz-library,Custom: women-govt-nz-library,뉴질랜드완료,https://www.women.govt.nz/library,14,,unmeasured,,,,
nimhd-nih-gov-news-events,Custom: nimhd-nih-gov-news-events,American Research Institutes,https://www.nimhd.nih.gov/news-events/all-news/news-releases,13,,unmeasured,,,,
eda-admin-ch-eda,Custom: eda-admin-ch-eda,Switzerland Departments,https://www.eda.admin.ch/eda/en/fdfa/fdfa/aktuell/news.html,12,,unmeasured,,,,fetch_fail
cells-es-en,Custom: cells-es-en,Spanish Research Centers,https://www.cells.es/en/public/corporate-publications,11,,unmeasured,,,,zero_parsed
energy-gov-open-government,Custom: energy-gov-open-government,USA Executive Departments,https://www.energy.gov/open-government,10,,unmeasured,,,,zero_parsed
nnsa-mee-gov-cn-english,Custom: nnsa-mee-gov-cn-english,중국 완료,https://nnsa.mee.gov.cn/english/resources/annual/,10,,unmeasured,,,,
pubs-usgs-gov,pubs.usgs.gov,American Research Institutes,https://pubs.usgs.gov,10,,unmeasured,,,,
state-gov-department-reports,Custom: state-gov-department-reports,USA Executive Departments,https://www.state.gov/department-reports/,10,,unmeasured,,,,
mof-gov-cn-en,Custom: mof-gov-cn-en,중국 완료,http://www.mof.gov.cn/en/reports/,9,,unmeasured,,,,
pbocri-org-cn-lnzy3html,Custom: pbocri-org-cn-lnzy3html,중국 완료,https://www.pbocri.org.cn/lnzy3.html,8,,unmeasured,,,,
ptb-de-cms,Custom: ptb-de-cms,GER ResearchCenters(Unfinished),https://www.ptb.de/cms/presseaktuelles/wissenschaftlich-technische-publikationen/ptb-berichte.html,8,,unmeasured,,,,
bundesumweltministerium-de-en,Custom: bundesumweltministerium-de-en,Germany Ministries,https://www.bundesumweltministerium.de/en/public-information-service/publications,7,,unmeasured,,,,zero_parsed
noc-ac-uk-about-us,Custom: noc-ac-uk-about-us,영국완료,https://noc.ac.uk/about-us/literature-brochures,7,,unmeasured,,,,
nzpri-aut-ac-nz-document-library,Custom: nzpri-aut-ac-nz-document-library,뉴질랜드완료,https://nzpri.aut.ac.nz/document-library,7,,unmeasured,,,,
reglementation-controle-asnr-fr-information,Custom: reglementation-controle-asnr-fr-information,French Public Institutions,https://reglementation-controle.asnr.fr/information/publications/rapports-d-expertise,6,,unmeasured,,,,
nypi-re-kr,www.nypi.re.kr,한국완료,https://www.nypi.re.kr,3,,unmeasured,,,,
opendatacommunities-org-data,Custom: opendatacommunities-org-data,영국완료,https://opendatacommunities.org/data,3,,unmeasured,,,,
transport-govt-nz-documents-and-public,Custom: transport-govt-nz-documents-and-public,뉴질랜드완료,https://www.transport.govt.nz/documents-and-publications/results?Keyword=&TopicID=&DocumentTypeID=133&SortBy=NewestToOldest&action_results=Search,3,,unmeasured,,,,
pbocri-org-cn-xslwhtml,Custom: pbocri-org-cn-xslwhtml,중국 완료,https://www.pbocri.org.cn/xslw.html,2,,unmeasured,,,,
andra-fr-publications,Custom: andra-fr-publications,French Research Institutes,https://www.andra.fr/publications?f%5B0%5D=facet_doc_cat%3A224,1,,unmeasured,,,,zero_parsed
news-admin-ch-en,Custom: news-admin-ch-en,Switzerland Departments,https://www.news.admin.ch/en/newnsb?publisherIDs=all&topicIDs=all&newsCategoryIDs=medienmitteilung&sort=dateDecreasing&display=list&start_date=2024-08-29&end_date=2025-08-29,0,,unmeasured,,,,
