site_id,prev_bucket,verdict,saved,elapsed_s,signal,err,out_tail
accc-gov-au-about-us,,HEALTHY,3,2.5,,,[accc-gov-au-about-us] crawl complete: saved 3/3 
ami-swiss-en,,HEALTHY,3,11.4,,,"cterial Cellulose Janus Membranes for Oil', skipping. [ami-swiss-en] Saved 2/3: Mechanophores for Mechano‐Imaging in Polymeric Materials [ami-swiss-en] Saved 3/3: Force Reveals Hidden Conformations and Dissociation Pathways [ami-swiss-en] Done. Total saved: 3 "
asn-fr-information,,HEALTHY,3,20.0,,,radioprotection en France en 2024 [asn-fr-information] saved 2/3: La sûreté nucléaire et la radioprotection en France en 2023 [asn-fr-information] saved 3/3: La sûreté nucléaire et la radioprotection en France en 2022 [asn-fr-information] Done. Total saved: 3 
bfs-admin-ch-bfs,,HEALTHY,3,39.7,,,saved 1/3: Grenzgängerstatistik im 2. Quartal 2026 [bfs-admin-ch-bfs] saved 2/3: Mortalitätsmonitoring (MOMO): Wöchentliche Aktualisierung [bfs-admin-ch-bfs] saved 3/3: Touristische Beherbergung von Januar bis Juni 2026 [bfs-admin-ch-bfs] done. Total saved: 3 
bmluk-gv-at-service,,HEALTHY,3,4.2,,,e] saved [1]: Notierungen und Auswertungen - Wöchentliche Kursblätter seit [bmluk-gv-at-service] saved [2]: AMA Flächenauswertung [bmluk-gv-at-service] saved [3]: AMA-Marktinformationen - Marktdaten visualisiert [bmluk-gv-at-service] crawl complete: saved 3/3 
bundesfinanzministerium-de-web,,HEALTHY,3,7.1,,,[bundesfinanzministerium-de-web] crawl done: 3 documents saved 
casseng-cssn-cn-sky_research,,HEALTHY,3,1.6,,,[casseng-cssn-cn-sky_research] page 0: saved 3/3 
cirad-fr-espace-presse,,HEALTHY,3,12.3,,,
cpb-nl-en,,HEALTHY,3,7.7,,,[cpb-nl-en] Saved 1/3: CPB Wereldhandelsmonitor May 2026 [cpb-nl-en] Saved 2/3: National Productivity Board 2025 annual report [cpb-nl-en] Saved 3/3: CPB World Trade Monitor April 2026 [cpb-nl-en] Done. Total saved: 3 
data-gov-au-data,,HEALTHY,3,1.7,,,[data-gov-au-data] Saved 1/3: National Formal Rest Areas [data-gov-au-data] Saved 2/3: Harmonised National Roadworks and Road Closures [data-gov-au-data] Saved 3/3: ASIC - Australian Financial Services Licensee Dataset [data-gov-au-data] Done. Total saved: 3 
defensa-gob-es-gabinete,,HEALTHY,3,5.3,,,-gabinete] saved 2/3: El segundo submarino de la serie S-80 continúa superando hitos para llegar a su [defensa-gob-es-gabinete] saved 3/3: Defensa reitera su compromiso con la soberanía tecnológica y la seguridad [defensa-gob-es-gabinete] done. Total saved: 3 
doaj-org-search,,HEALTHY,3,0.7,block:Challenge,,2083bbe6e4: abstract too short (0 chars) [doaj-org-search] Saved 2/3: Challenges and opportunities in predicting coastal total wat [doaj-org-search] Saved 3/3: Contact-aware multi-skill learning framework with hybrid for [doaj-org-search] Done. Total saved: 3 
ecologie-gouv-fr-presse,,HEALTHY,3,5.7,,,r-presse] saved 2/3: Bison futé pour le week-end du vendredi 7 au lundi 10 août 2026 [ecologie-gouv-fr-presse] saved 3/3: France 2030 : le Gouvernement lance un appel à projets pour accélérer le développement d'é [ecologie-gouv-fr-presse] done. Total saved: 3 
elocus-lib-uoc-gr-search,,HEALTHY,3,10.5,,,ssue mimicking phantoms [elocus-lib-uoc-gr-search] Saved 2/3: Assessing the likelihood of cyber attacks infiltration using [elocus-lib-uoc-gr-search] Saved 3/3: Comparative Study of TDE Host galaxies with TDECat [elocus-lib-uoc-gr-search] Done. Total saved: 3 
english-www-gov-cn-archive,,HEALTHY,3,3.0,,,"[english-www-gov-cn-archive] Saved 2/3: State Council Gazette Issue No.20 Serial No.1919 (July 20, 2026) [english-www-gov-cn-archive] Saved 3/3: State Council Gazette Issue No.19 Serial No.1918 (July 10, 2026) [english-www-gov-cn-archive] Done. Total saved: 3 "
esteri-it-it,,HEALTHY,3,5.5,,,"po telefonata con ministro Araghchi, Tajani sente i negozi [esteri-it-it] Saved 2/3: MAECI-ANCE: collaborazione su export e tutela del patrimonio [esteri-it-it] Saved 3/3: Visita consolare al minore Santoiemma a La Valletta [esteri-it-it] Done. Total saved: 3 "
forest-go-kr-kfsweb,,HEALTHY,3,8.2,,,"[forest-go-kr-kfsweb] Saved 1/3: 충주국유림관리소, 폭염 극복을 위해 산불진화차량 동원 도심 살수 지원 [forest-go-kr-kfsweb] Saved 2/3: ‘섬의 날’ 맞아 섬숲의 가치와 자생식물 알린다 [forest-go-kr-kfsweb] Saved 3/3: 동부지방산림청장, “현장에 답 있다” 삼척국유림관리소 첫걸음 [forest-go-kr-kfsweb] Done. Total saved: 3 "
gov-gr-search,,HEALTHY,3,4.8,,, αναπαραγωγής δεσποζόμενου ζώου συντροφιάς [gov-gr-search] saved 2/3: Άδεια εκτέλεσης πλόων επαγγελματικού σκάφους [gov-gr-search] saved 3/3: Άδεια εκτέλεσης πλόων ερασιτεχνικού σκάφους άνω των δέκα μέχρι και δώδεκα μέτρων [gov-gr-search] done. Total saved: 3 
hatvp-fr-actualites-et-public,,HEALTHY,3,8.0,,,lan raisonné du président Jean Maïa [hatvp-fr-actualites-et-public] saved 2: Jean Maïa est nommé président de la Haute Autorité pour la transparenc [hatvp-fr-actualites-et-public] saved 3: Ouverture de l’exercice déclaratif des actions menées pour le compte d 
hrb-ie-publications,,HEALTHY,3,9.3,,,[hrb-ie-publications] Saved 1/3: Drugnet 95 [hrb-ie-publications] Saved 2/3: European Web Survey on Drugs 2024: Irish Results [hrb-ie-publications] Saved 3/3: Effectiveness of oral health promotion programmes [hrb-ie-publications] Done. Total saved: 3 
igualdad-gob-es-comunicacion,,HEALTHY,3,16.5,,,2/3: El Ministerio de Igualdad tiende la mano a Ceuta para la protección de las mujer [igualdad-gob-es-comunicacion] saved 3/3: El Ministerio de Igualdad condena el feminicidio por violencia de género de una [igualdad-gob-es-comunicacion] done. Total saved: 3 
international-andra-fr-documents-and-visual,,HEALTHY,3,16.7,,,he Environmental Impact Assessment conducted for the C [international-andra-fr-documents-and-visual] saved 3/3: Industrial center for the reversible deep geological disposal of radioactive was [international-andra-fr-documents-and-visual] done. Total saved: 3 
issnationallab-org-press-releases,,HEALTHY,3,2.8,,,"[issnationallab-org-press-releases] Total posts: 561, pages: 6 [issnationallab-org-press-releases] Done. Saved 3 press releases. "
justitsministeriet-dk-pressemeddelelse,,HEALTHY,3,8.0,,,rsag [justitsministeriet-dk-pressemeddelelse] Saved 2/3: Kommentar fra justitsminister Nicolai Wammen om grænsekontro [justitsministeriet-dk-pressemeddelelse] Saved 3/3: Vedrørende FE-kommission II [justitsministeriet-dk-pressemeddelelse] Done. Total saved: 3 
khs-go-kr-newsbbz,,HEALTHY,3,3.2,,,"[khs-go-kr-newsbbz] Saved 1/3: 국민과 함께 지키고, 미래와 세계로 나아가는 국가유산 [khs-go-kr-newsbbz] Saved 2/3: 전통 단청 색 만들고 흰개미 탐험하며 문화유산 보존·복원 이... [khs-go-kr-newsbbz] Saved 3/3: (국영문 동시배포) 국립문화유산연구원, 튀르키예에서 4일간 ... [khs-go-kr-newsbbz] Done. Total saved: 3 "
kit-nl-institute,,HEALTHY,3,8.5,,,[kit-nl-institute] crawl complete: saved 3/3 
krei-re-kr-krei,,HEALTHY,3,4.8,,,"[krei-re-kr-krei] saved 1/3: KREI, 농업재해보험, 농가 소득 안정 돕고 연간 7,535억 원 사회적 가치 창출 [krei-re-kr-krei] saved 2/3: KREI, 2034년까지 농업인력 부족 심화…국내 인력 기반 강화해야 [krei-re-kr-krei] saved 3/3: KREI, 식품산업 인력난, 자동화와 근로환경 개선으로 대응해야 [krei-re-kr-krei] Done. Total saved: 3 "
mafra-go-kr-home,,HEALTHY,3,3.9,,,"[mafra-go-kr-home] saved 1/3: 농촌창업 우수기업 민관 협력으로 한 단계 더 도약 [mafra-go-kr-home] saved 2/3: 농식품부, 지속되는 폭염·가뭄에 따라 피해 예방을 위한 총력 대응 [mafra-go-kr-home] saved 3/3: 김종구 농식품부 차관, 폭염 대비 산란계·젖소 농장 점검 [mafra-go-kr-home] done. saved 3 "
mim-gov-it-web,,HEALTHY,3,8.1,,,"a incontra due fratelli palestinesi che hann [mim-gov-it-web] saved 2/3: Intelligenza Artificiale, ok CdM a decreto legislativo: 100 [mim-gov-it-web] saved 3/3: #NoiSiamoLeScuole: Piano Estate, a Milano e ad Aversa il ter [mim-gov-it-web] Done. Total saved: 3 "
moe-gov-cn-jyb_xwfb,,HEALTHY,3,2.3,,, page 1: saved 0/3 [moe-gov-cn-jyb_xwfb] Saved 1/3: 教育部职业教育与成人教育司负责人就2026年《职业教育专业目录》专业增补答记者问 [moe-gov-cn-jyb_xwfb] Saved 2/3: 教育部负责人就《教育发展“十五五”规划》答记者问 [moe-gov-cn-jyb_xwfb] Saved 3/3: 教育部语言文字应用管理司负责人就第八届中华经典诵写讲大赛答记者问 [moe-gov-cn-jyb_xwfb] Done. Total saved: 3 
mpi-govt-nz-about-mpi,,HEALTHY,3,22.4,,,mpi] Saved 1/3: 2023/24 Annual report [mpi-govt-nz-about-mpi] Saved 2/3: 2022/23 Annual Report [mpi-govt-nz-about-mpi] Saved 3/3: 2021/22 Annual report [mpi-govt-nz-about-mpi] Last page reached (got 14 < 16). Done. [mpi-govt-nz-about-mpi] Done. Total saved: 3 
ncri-ie-en,,HEALTHY,3,7.9,,,[ncri-ie-en] page 0: saved 0/3 [ncri-ie-en] crawl complete: saved 3 
nhc-gov-cn-wjw,,HEALTHY,3,111.4,,,"n-wjw] Starting crawl, limit=3 [nhc-gov-cn-wjw] saved 1/3: 关于发布《感染性腹泻诊断标准》等4项法定传染病诊断标准的通告 [nhc-gov-cn-wjw] saved 2/3: 关于发布《航空医疗救护专业人员培训标准》等4项标准的通告 [nhc-gov-cn-wjw] saved 3/3: 关于发布《伽玛照相机、单光子发射断层成像设备（SPECT）质量控制检测标准》等4项标准的通告 [nhc-gov-cn-wjw] Done. Total saved: 3 "
niehs-nih-gov-newsreleases,,HEALTHY,3,1.3,,,"in Younger Women May Be Influenced by Hormone Thera [niehs-nih-gov-newsreleases] Saved 3/3: Microplastics, Algal Blooms, Seafood Safety Are Public Health Concerns [niehs-nih-gov-newsreleases] page 1: saved 3/3 [niehs-nih-gov-newsreleases] Done. Total saved: 3 "
nnsa-mee-gov-cn-english,,HEALTHY,3,5.8,,,eport National Nuclear Safety Administration Th [nnsa-mee-gov-cn-english] Saved 3/3: 2022 Annual Report National Nuclear Safety Administration Th [nnsa-mee-gov-cn-english] Safety cap of 1 pages reached. Stopping. [nnsa-mee-gov-cn-english] Done. Total saved: 3 
oig-treasury-gov-other-reports-testim,,HEALTHY,3,1.6,,,[oig-treasury-gov-other-reports-testim] Starting section: Audit and Evaluation Reports [oig-treasury-gov-other-reports-testim] page 0: saved 3/3 
par-nsf-gov-search,,HEALTHY,3,4.7,,,performance across seven nights [par-nsf-gov-search] Saved 2/3: Inferring and summarizing tumor phylogenies from bulk DNA da [par-nsf-gov-search] Saved 3/3: ENSO advances spring phenology of temperate deciduous shrubs [par-nsf-gov-search] Done. Total saved: 3 
portaldiplomatico-mne-gov-pt-en,,HEALTHY,3,10.2,,,"v-pt-en] Saved 1: Press Release [portaldiplomatico-mne-gov-pt-en] Saved 2: Joint statement from the leaders of the United Kingdom, France, German [portaldiplomatico-mne-gov-pt-en] Saved 3: Joint statement [portaldiplomatico-mne-gov-pt-en] Done. Total saved: 3 "
pubs-usgs-gov,,HEALTHY,3,8.1,,,[pubs-usgs-gov] Page 1: found 25 items [pubs-usgs-gov] Saved 1/3 papers... [pubs-usgs-gov] Saved 2/3 papers... [pubs-usgs-gov] Saved 3/3 papers... [pubs-usgs-gov] Done. Saved 3 papers. 
research-imt-nord-europe-fr-news,,HEALTHY,3,7.4,,, IMT [research-imt-nord-europe-fr-news] Saved 2/3: CERI EE at the Scientific Meeting of CDP AREA [research-imt-nord-europe-fr-news] Saved 3/3: New Edition of the SFIP-IMT Nord Europe Congress dedicated t [research-imt-nord-europe-fr-news] Done. Total saved: 3 
sante-gouv-fr-ministere,,HEALTHY,3,28.3,,,"-ministere] Loading documentation index … [sante-gouv-fr-ministere] Found 9 category URLs [sante-gouv-fr-ministere] listing '#' p1: 11 new, 11 total [sante-gouv-fr-ministere] Collected 11 unique article URLs [sante-gouv-fr-ministere] Done — saved 3 documents. "
sgu-se-en,,HEALTHY,3,10.3,,,able Swedish ore production in 2025 – despite an uncertain [sgu-se-en] Saved 2/3: SGU-funded research provides answers on treating DDT with fu [sgu-se-en] Saved 3/3: Unique 3D models reveal potential for additional ore in Ridd [sgu-se-en] Done. Total saved: 3 
stami-no-en,,HEALTHY,3,10.2,,,oot ganglion transc [stami-no-en] saved 2/3: Germline HLA heterozygosity is associated with decreased lung cancer risk [stami-no-en] saved 3/3: Long-term exposure to ambient air pollution and risk of incident acute myocardia [stami-no-en] Done. Total saved: 3 
trm-dk-nyheder,,HEALTHY,3,7.9,,,lioner kroner ekstra til kollektiv transport i landdistrikterne [trm-dk-nyheder] Saved 2/3: Turismesucces skaber vækst i landdistrikterne [trm-dk-nyheder] Saved 3/3: Tilskud i 2027 til kommuner med vindmøller og solceller [trm-dk-nyheder] Done. Total saved: 3 
waltoninstitute-ie-research,,HEALTHY,3,5.8,,,[waltoninstitute-ie-research] done: saved 3/3 
accc-gov-au-search,,HEALTHY,3,6.3,,,"ch] saved 1/3: ACCC submissions to external consultations [accc-gov-au-search] saved 2/3: AAT, MIRRAT and Qube - s87B undertaking - public version.pdf [accc-gov-au-search] saved 3/3: Communications sector market study [accc-gov-au-search] Done. Total saved: 3 "
amolf-nl-publications,,HEALTHY,3,4.5,,,mine [amolf-nl-publications] Saved 2/3: Large-Area Deterministic Stamping of 2D Materials on Patterned Surface [amolf-nl-publications] Saved 3/3: Reconfigurable Multistate Optical Memory in Mixed Halide Perovskites [amolf-nl-publications] Done. Total saved: 3 
astron-nl-about,,HEALTHY,3,2.3,,,[astron-nl-about] discovered 57 annual reports [astron-nl-about] saved 1/3: ASTRON Annual Report 2013 [astron-nl-about] saved 2/3: ASTRON Annual Report 2012 [astron-nl-about] saved 3/3: ASTRON Annual Report 2011 [astron-nl-about] Done. Total saved: 3 
biblio-naturalsciences-be-rbins-publications,,HEALTHY,3,11.5,,,cations] Saved 2/3: Verspreidingsatlas van de Belgische Miridae (Insecta: Hetero [biblio-naturalsciences-be-rbins-publications] Saved 3/3: Atlas des Miridae de Belgique (Insecta: Heteroptera) [biblio-naturalsciences-be-rbins-publications] Done. Total saved: 3 
bmlv-gv-at-wissen-forschung,,HEALTHY,3,13.1,,,eits- u [bmlv-gv-at-wissen-forschung] Saved 2/3: Tagung des Österreichisch-Französischen Zentrums zur ESVP [bmlv-gv-at-wissen-forschung] Saved 3/3: Das 38. International Peace Institute Vienna Seminar on Peac [bmlv-gv-at-wissen-forschung] Done. Total saved: 3 
bundesgesundheitsministerium-de-service,,HEALTHY,3,16.6,,,[bundesgesundheitsministerium-de-service] crawl complete: saved 3/3 
catalog-data-metro-tokyo-lg-jp-dataset,,HEALTHY,3,1.6,,,a-metro-tokyo-lg-jp-dataset] Saved 1/3: 令和７年度痴漢被害実態把握調査報告 [catalog-data-metro-tokyo-lg-jp-dataset] Saved 2/3: 令和６年度痴漢被害実態把握調査報告 [catalog-data-metro-tokyo-lg-jp-dataset] Saved 3/3: 令和５年度痴漢被害実態把握調査報告 [catalog-data-metro-tokyo-lg-jp-dataset] Done. Total saved: 3 
civilprotection-gov-gr-deltia-tupou,,HEALTHY,3,3.0,,,"ed 2/3: Σε κατάσταση κινητοποίησης Red Code Αττική, Βοιωτία και Εύβοια [civilprotection-gov-gr-deltia-tupou] saved 3/3: Πολύ υψηλός κίνδυνος πυρκαγιάς (κατηγορία κινδύνου 4) για αύριο Πέμπτη 06 Αυγούσ [civilprotection-gov-gr-deltia-tupou] done. Total saved: 3 "
cre-fr-documents,,HEALTHY,3,7.1,block:Cloudflare,,: Données nécessaires au calcul des compléments de rémunératio [cre-fr-documents] Saved 2/3: Bilan du développement des arrêtés tarifaires photovoltaïque [cre-fr-documents] Saved 3/3: Arrêté tarifaire Biométhane injecté [cre-fr-documents] Done. Total saved: 3 
data-gov-uk-search,,HEALTHY,3,14.3,,,[data-gov-uk-search] Done. Total saved: 3 
defense-gouv-fr-salle-de-presse,,HEALTHY,3,3.8,,,"resse] saved 2/3: le ministère des Armées et des Anciens combattants engage une nouvelle [defense-gouv-fr-salle-de-presse] saved 3/3: Agenda prévisionnel d Alice Rufo, du lundi 27 juillet au dimanche 2 ao [defense-gouv-fr-salle-de-presse] done. Total saved: 3 "
doi-gov-bpp,,HEALTHY,3,2.6,,,[doi-gov-bpp] Starting crawl (limit=3) [doi-gov-bpp] Found 8 fiscal-year pages on index [doi-gov-bpp] FY 2027 Budget in Brief: 23 PDF records [doi-gov-bpp] Crawl complete. Saved 3 records. 
economie-fgov-be-nl,,HEALTHY,3,17.5,,,-fgov-be-nl] saved 2/3: Algemene Directie Economische Inspectie - Activiteitenversla [economie-fgov-be-nl] saved 3/3: Sectoraal panorama 2026 - Met betrekking tot het jaar 2025 [economie-fgov-be-nl] page 0: saved 3/3 [economie-fgov-be-nl] Done. Total saved: 3 
em-dk-aktuelt,,HEALTHY,3,31.3,,,"er/2026/jan, saved 0/3 [em-dk-aktuelt] saved [1] Analyse af fødevarepriser [em-dk-aktuelt] saved [2] Bedre og billigere at være bankkunde [em-dk-aktuelt] saved [3] Der kan være penge at spare ved at skifte bank [em-dk-aktuelt] crawl complete: 3 records saved. "
enpc-hal-science-search,,HEALTHY,3,5.7,,,ch] saved 2/3: 1st LIAISE Conference and Determining Evapotranspiration (dET) CrossCut Workshop [enpc-hal-science-search] saved 3/3: Vivre sans cash aujourd’hui. L’expérience des demandeur·euses d’asile en France [enpc-hal-science-search] Done. Total saved: 3 
etera-ee-browse,,HEALTHY,3,8.0,,,[etera-ee-browse] total browse records: 210722 [etera-ee-browse] saved 1/3: Eesti Raudteelane [etera-ee-browse] saved 2/3: Eesti Raudteelane [etera-ee-browse] saved 3/3: Eesti Raudteelane [etera-ee-browse] done. saved: 3 
frontiersin-org-articles,,HEALTHY,3,10.7,,,[frontiersin-org-articles] done: saved 3 items in 1 pages 
gov-ie-en,,HEALTHY,3,7.8,,,ts meeting of the Informal Working Party on Transport as part [gov-ie-en] Saved: Minister O’Brien appoints new chairperson of Dublin Bus [gov-ie-en] Saved: Ministers O’Brien and Canney announce General Scheme of Bill to Streng [gov-ie-en] Done. Total saved: 3 
hautconseilclimat-fr-ressources-pedagogiq,,HEALTHY,3,2.7,,,q] Saved 2/3: 'Politiques et action publique pour un système alimentaire ba' [hautconseilclimat-fr-ressources-pedagogiq] Saved 3/3: 'Représentation schématique des composantes du système alimen' [hautconseilclimat-fr-ressources-pedagogiq] Done. Total saved: 3 
hrbopenresearch-org,,HEALTHY,3,11.3,,,-org] Saved 2/3: Learning healthcare systems and rehabilitation: a scoping re [hrbopenresearch-org] Saved 3/3: Experiences of Augmentative and Alternative Communication us [hrbopenresearch-org] page 1: saved 3 so far [hrbopenresearch-org] Done. Total saved: 3 
iheid-swisscovery-ch-discovery,,HEALTHY,3,4.5,,,[iheid-swisscovery-ch-discovery] Crawl complete: 3 records saved. 
international-canada-ca-en,,HEALTHY,3,10.7,,,ed 2/3: Annual Report to Parliament on the Administration of the Access to Information A [international-canada-ca-en] saved 3/3: Annual Report to Parliament on the Administration of the Access to Information A [international-canada-ca-en] done. Total saved: 3 
issnationallab-org-publications,,HEALTHY,3,2.0,,,"[issnationallab-org-publications] starting crawl, limit=3 [issnationallab-org-publications] crawl complete: saved 3 records "
juventudeinfancia-gob-es-es,,HEALTHY,3,8.4,,,edra [juventudeinfancia-gob-es-es] Saved 2/3: Gobierno y comunidades autónomas pondrán en marcha el Regist [juventudeinfancia-gob-es-es] Saved 3/3: El Gobierno aprueba el reparto de 35 millones de euros a las [juventudeinfancia-gob-es-es] Done. Total saved: 3 
kicce-re-kr-main,,HEALTHY,3,4.2,,,[kicce-re-kr-main] saved [1/3] 2024 영유아 주요 통계 [kicce-re-kr-main] saved [2/3] 2023 영유아 주요 통계 [kicce-re-kr-main] saved [3/3] 2022 영유아 주요 통계 
kjonnsforskning-no-nb,,HEALTHY,3,23.0,,,omsorgsetikk og straff [kjonnsforskning-no-nb] Saved 2/3: Omsorgspraksiser blant småbarnsfedre imidlertidige stillinge [kjonnsforskning-no-nb] Saved 3/3: Tvangsbehandling og subjektivitet: spiseforstyrrelser som ka [kjonnsforskning-no-nb] Done. Total saved: 3 
krihs-re-kr-boardes,,HEALTHY,3,0.8,,,"[krihs-re-kr-boardes] saved 1/3: “6.3 지방선거 공약, ‘개별사업 유치’에서 ‘AI 기반 초광역 균형성장’으로 전환” [krihs-re-kr-boardes] saved 2/3: 도로 산업 육성을 위한 정책적 지원방안 [krihs-re-kr-boardes] saved 3/3: 산업도시의 산업과 도시 간 탈동조화 완화를 위한 정책 대응 방안 [krihs-re-kr-boardes] Done. Total saved: 3 "
marine-ie-site-area,,HEALTHY,3,7.9,,,́il 2025 [marine-ie-site-area] Saved 2/3: Annual Report 2024/Tuarascáil Bhliantúil 2024 (English and Irish/Bilin [marine-ie-site-area] Saved 3/3: Annual Impact Report 2024/Tuarascáil Tionchair Bhliantúil 2024 (Englis [marine-ie-site-area] Done. Total saved: 3 
mimit-gov-it-it,,HEALTHY,3,27.4,,,"censioni e Notizie"" (2026 n. 71) [mimit-gov-it-it] Saved 2: Guida ai servizi ed agli incentivi sulla Proprietà Industriale [mimit-gov-it-it] Saved 3: Relazione sugli interventi di sostegno alle attività economiche e prod [mimit-gov-it-it] Done. Total saved: 3 "
moe-gov-cn-jyb_xxgk,,HEALTHY,3,2.4,,,jiguan/ [moe-gov-cn-jyb_xxgk] Found 18 items on page 1 [moe-gov-cn-jyb_xxgk] Saved 1/3: 教育部2025年政府信息公开工作年度报告 [moe-gov-cn-jyb_xxgk] Saved 2/3: 教育部2024年政府信息公开工作年度报告 [moe-gov-cn-jyb_xxgk] Saved 3/3: 教育部2023年政府信息公开工作年度报告 [moe-gov-cn-jyb_xxgk] Done. Total saved: 3 
mpva-go-kr-mpva,,HEALTHY,3,1.3,,,[mpva-go-kr-mpva] Saved 1/3: 보훈부 노태우 전 대통령 참배 계획 없어 [mpva-go-kr-mpva] Saved 2/3: 보훈부 2026 국제보훈컨퍼런스 워싱턴서 개최... 강윤진 차관 방미 [mpva-go-kr-mpva] Saved 3/3: 6.25전쟁 미국 종군기자 아들 한국 소년 KIM 찾는다 [mpva-go-kr-mpva] Done. Total saved: 3 
neac-gov-cn-seac,,HEALTHY,3,5.4,,,民共和国2025年国民经济和社会发展统计公报 [neac-gov-cn-seac] Saved 2/3: 中华人民共和国2024年国民经济和社会发展统计公报 [neac-gov-cn-seac] Skipping (abstract 0 chars < 50): 克孜勒苏柯尔克孜自治州2021年国 经济和社会发展统计公报 [neac-gov-cn-seac] Saved 3/3: 巴音郭楞蒙古自治州2021年国民经济和社会发展统计公报 [neac-gov-cn-seac] Done. Total saved: 3 
nhlbi-nih-gov-about,,HEALTHY,3,1.4,,,age: 16 items [nhlbi-nih-gov-about] saved 1: FY 2027 Congressional Justification [nhlbi-nih-gov-about] saved 2: FY 2026 Congressional Justification [nhlbi-nih-gov-about] saved 3: FY 2025 Congressional Justification [nhlbi-nih-gov-about] done. Total saved: 3/3 
nifu-no-en,,HEALTHY,3,20.1,,,4 [nifu-no-en] item https://www.nifu.no/rapporter/unknown-value-ukjent-sprakkode-i-tittel-3/ skipped: abstract too short (0 chars) [nifu-no-en] Saved 3/3: Educational Leaders and Autonomy: Technical report – CLASS survey Swed [nifu-no-en] Done. Total saved: 3 
noc-ac-uk-publications,,HEALTHY,3,13.7,,,Responses to Arctic [noc-ac-uk-publications] Saved 2/3: Dissolved oxygen budget in the Levantine Sea: a coupled phys [noc-ac-uk-publications] Saved 3/3: Evaluating SWOT in the Coastal Zone: Comparisons With Tide G [noc-ac-uk-publications] Done. Total saved: 3 
oka-go-kr-web,,HEALTHY,3,1.8,,,"[oka-go-kr-web] saved 1/3: 재외동포청 직제 시행규칙 [oka-go-kr-web] saved 2/3: (외국어법령) 해외위난에 처한 재외동포 지원에 관한 지침 - 러시아어, 영어, 일본어, 중국어 번역 [oka-go-kr-web] saved 3/3: (외국어법령) 사할린동포 영주귀국 및 정착 지원 업무처리 지침 - 러시아어, 영어, 일본어, 중국어 번역 [oka-go-kr-web] done: saved 3 "
pasteur-fr-en,,HEALTHY,3,9.6,,,anisms reveal the secrets of cellular hibern [pasteur-fr-en] saved 2/3: Institut Pasteur Korea and the Institut Pasteur Open a New Chapter in Strategic [pasteur-fr-en] saved 3/3: The universal tempo of animal communication [pasteur-fr-en] done. Total saved: 3 
ppforum-ca-press-releases,,HEALTHY,3,5.2,,,[ppforum-ca-press-releases] page 1: saved 0/3 [ppforum-ca-press-releases] done. saved 3 records. 
pubshop-bmbwf-gv-at-indexphp,,HEALTHY,3,4.3,,,tzt [pubshop-bmbwf-gv-at-indexphp] saved 2/3: #LesenDigital ─ Leseförderung in einem digitalisierten Unterricht [pubshop-bmbwf-gv-at-indexphp] saved 3/3: (Hoch)Begabung im Vorschulalter erkennen und fördern? [pubshop-bmbwf-gv-at-indexphp] done. Total saved: 3 
research-thea-ie-browse,,HEALTHY,3,9.7,,,"tabase performance for use with ‘big da [research-thea-ie-browse] Saved: Residential property tax in Ireland [research-thea-ie-browse] Saved: A study into the implementation of S. I. no. 543 of 2002, ""Emissions o [research-thea-ie-browse] Done. Total saved: 3 "
santepubliquefrance-fr-presse,,HEALTHY,3,9.5,,,se] saved 2/3: 5 764 décès en excès en France durant la période de canicule du 17 juin au 2 juillet [santepubliquefrance-fr-presse] saved 3/3: Santé périnatale en France : 10 années d’évolutions contrastées [santepubliquefrance-fr-presse] done. Total saved: 3 
si-re-kr-bbs,,HEALTHY,3,5.5,,,
state-gov-department-reports,,HEALTHY,3,2.5,,,0 subjects [state-gov-department-reports] Saved 1/3: Worldwide Family Member Employment Overview – Spring 2026 [state-gov-department-reports] Saved 2/3: Kosovo [state-gov-department-reports] Saved 3/3: Italy [state-gov-department-reports] Done. Total saved: 3 
ufm-dk-publikationer,,HEALTHY,3,3.6,,,m kandidatoptag [ufm-dk-publikationer] Saved 2/3: Strategiske prioriteter for forskning og innovation 2026-2029 [ufm-dk-publikationer] Saved 3/3: Undersøgelse af stigningen i antallet af studerende fra Bangladesh og [ufm-dk-publikationer] Done. Total saved: 3 
wbf-admin-ch-en,,HEALTHY,3,1.7,,,[wbf-admin-ch-en] page 0: saved 0/3 [wbf-admin-ch-en] done. Total saved: 3 
acma-gov-au-publications,,HEALTHY,3,3.7,,,R.L (Daily Spins) [acma-gov-au-publications] saved 2/3: Formal warning to Novatrix S.R.L (Lucky Start) [acma-gov-au-publications] saved 3/3: Formal warning to Santeda International B.V. and Santeda International [acma-gov-au-publications] done. Total saved: 3 
amu-hal-science-search,,HEALTHY,3,1.4,,,red and Visible Int [amu-hal-science-search] Saved 2/3: Water deficit stress induces different monoterpene and sesqu [amu-hal-science-search] Saved 3/3: Endogenous neurotrophins are required for the induction of G [amu-hal-science-search] Done. Total saved: 3 
audencia-com-lecole,,HEALTHY,3,3.2,,,om-lecole] saved 2/3: L’Entrepreneuriat pour tous : le podcast qui casse les mythes et lève les freins [audencia-com-lecole] saved 3/3: Audencia renforce les liens entre son MSc « Sustainable Luxury Management » et l [audencia-com-lecole] done. Total saved: 3 
biorbic-com-publications,,HEALTHY,3,6.2,,,[biorbic-com-publications] fetched 587 publication rows from listing page [biorbic-com-publications] done: saved 3/3 
bmvg-de-en,,HEALTHY,3,9.2,,,-en] Saved 1/3: Joint press release German and The Netherlands Ministry of D [bmvg-de-en] Saved 2/3: Peacekeeping Ministerial: New Commitments to Strengthen Peac [bmvg-de-en] Saved 3/3: United Nations Peacekeeping Ministerial [bmvg-de-en] Done. Total saved: 3 
bundeskanzleramt-gv-at-bundeskanzleramt,,HEALTHY,3,9.9,,,"kanzleramt] Saved 2/3: Familienministerin Bauer: Elternberatung wird ab 1. Oktober [bundeskanzleramt-gv-at-bundeskanzleramt] Saved 3/3: Pröll: Wer mit KI interagiert, soll das auf den ersten Blick [bundeskanzleramt-gv-at-bundeskanzleramt] Done. Total saved: 3 "
catalogue-data-govt-nz-dataset,,HEALTHY,3,9.2,block:bot,,nship by Grant applications by date received [catalogue-data-govt-nz-dataset] Saved 2/3: Citizenship by Grant Application Data [catalogue-data-govt-nz-dataset] Saved 3/3: Grants from Gaming Machine Profits [catalogue-data-govt-nz-dataset] Done. Total saved: 3 
climateinstitute-ca-newsroom,,HEALTHY,3,1.8,,,roposed to finance power grid expansion wh [climateinstitute-ca-newsroom] Saved 2/3: FACT SHEET: Climate change and wildfires [climateinstitute-ca-newsroom] Saved 3/3: FACT SHEET: Climate change and flooding [climateinstitute-ca-newsroom] Done. Total saved: 3 
csem-ch-en,,HEALTHY,3,0.3,,,[csem-ch-en] using Prismic endpoint https://csem.cdn.prismic.io/api/v2/documents/search with pageSize=50 [csem-ch-en] done. Total saved: 3 
data-gv-at-datasets,,HEALTHY,3,13.2,,,[data-gv-at-datasets] Done. Total saved: 3 
defense-gov-news,,HEALTHY,3,1.0,block:403,,"tps://www.war.gov/News/Releases/Release/Article/4562446/secretary-of-war-general-officer-announcements-for-aug-3-2026/; not retrying [defense-gov-news] saved 3/3: Secretary of War General Officer Announcements for Aug. 3, 2026 [defense-gov-news] done. saved 3 "
dol-gov-newsroom,,HEALTHY,3,5.5,,,ol-gov-newsroom] saved 2/3: US Department of Labor awards $5.6M to serve eligible individuals in Florida com [dol-gov-newsroom] saved 3/3: US Department of Labor cites Maine hardwood pulp mill more than $700K for exposi [dol-gov-newsroom] done. total saved: 3 
economy-ni-gov-uk-news,,HEALTHY,3,7.5,,,Further Education O [economy-ni-gov-uk-news] Saved 2/3: Minister urges top students to apply as All Ireland Scholars [economy-ni-gov-uk-news] Saved 3/3: Fleadh to deliver lasting economic and tourism boost - Archi [economy-ni-gov-uk-news] Done. Total saved: 3 
em-lyon-com-en,,HEALTHY,3,6.4,,,ed differentiators (2026) [em-lyon-com-en] saved 2/3: Branding or International Marketing: which program fits you? [em-lyon-com-en] saved 3/3: Why emlyon’s MSc in International Hospitality Management stands out in Europe? [em-lyon-com-en] Done. Total saved: 3 
ens-hal-science-search,,HEALTHY,3,2.3,,,"guage wi [ens-hal-science-search] saved 2/3: Sous-structures de Hodge, anneaux de Chow et action de certains automorphismes / [ens-hal-science-search] saved 3/3: Macrosyntactic Segmenters of a French spoken corpus [ens-hal-science-search] Done. Total saved: 3 "
ethz-ch-de,,HEALTHY,3,4.9,,,[ethz-ch-de] Saved 1/3: Pusten statt bluten: Gerät misst Fettverbrennung in der Atem [ethz-ch-de] Saved 2/3: Sieben Professorinnen und Professoren ernannt [ethz-ch-de] Saved 3/3: ETH Zürich eröffnet Campus in Deutschland [ethz-ch-de] Done. Total saved: 3 
fss-or-kr-fss,,HEALTHY,3,2.4,,,"[fss-or-kr-fss] Saved 1/3: 실효성 있는 투자자 보호 체계 마련을 위한 파생결합상품 제도개선 간담회 개최 [fss-or-kr-fss] Saved 2/3: 보이스피싱 의심 금융, 통신, 수사정보, 「ASAP」 통해 본격적으로 공유됩니다. [fss-or-kr-fss] Saved 3/3: 26년 상반기 기업의 직접금융 조달실적 [fss-or-kr-fss] Done. Total saved: 3 "
gov-il-collectors,,HEALTHY,3,2.4,,,: total=568 [gov-il-collectors] saved 1/3 [Agriculture & Rural Development/news] [gov-il-collectors] saved 2/3 [Agriculture & Rural Development/news] [gov-il-collectors] saved 3/3 [Agriculture & Rural Development/news] [gov-il-collectors] done. Total saved: 3 
hcsp-fr-explorecgi,,HEALTHY,3,5.2,,,ublique pour son 5e mandat [hcsp-fr-explorecgi] saved 2/3: Renouvellement des membres du HCSP pour 2026-2030 [hcsp-fr-explorecgi] saved 3/3: Séminaire du HCSP : Santé-environnement : quinze ans de politiques publiques [hcsp-fr-explorecgi] done. Total saved: 3 
hud-govt-nz-documents,,HEALTHY,3,4.7,,,d 1/3: Budget 2025 flexible fund opportunity [hud-govt-nz-documents] Saved 2/3: Landlords Pulse Survey Topline Report October 2025 [hud-govt-nz-documents] Saved 3/3: Renters Pulse Survey Topline Report October 2025 [hud-govt-nz-documents] Done. Total saved: 3 
ii-re-kr-base,,HEALTHY,3,1.4,,,[ii-re-kr-base] saved 1/3: 인천 도시형소공인 환경 개선방안 연구 [ii-re-kr-base] saved 2/3: 수도권 저공해운행지역 지정 및 운영 확대 방안 [ii-re-kr-base] saved 3/3: 군부대이전사업 사업성 제고 방안 연구 [ii-re-kr-base] Done. Total saved: 3 
international-gc-ca-transparency-transpa,,HEALTHY,3,12.7,,,liament on the Administration of the Access to Information A [international-gc-ca-transparency-transpa] saved 3/3: Annual Report to Parliament on the Administration of the Access to Information A [international-gc-ca-transparency-transpa] done. Total saved: 3 
issnationallab-org-research-and-science,,HEALTHY,3,7.8,,,S [issnationallab-org-research-and-science] saved [2]: 20 Years of Student Experiments Using the ISS [issnationallab-org-research-and-science] saved [3]: Additive Manufacturing in Space [issnationallab-org-research-and-science] crawl complete: saved 3 records 
kamco-or-kr-portal,,HEALTHY,3,2.5,,,[kamco-or-kr-portal] Saved 1/3: 2026년 캠코 애뉴얼리포트 [kamco-or-kr-portal] Saved 2/3: 2025년 캠코 애뉴얼리포트 [kamco-or-kr-portal] Saved 3/3: 2024년 캠코 애뉴얼리포트 [kamco-or-kr-portal] Done. Total saved: 3 
kice-re-kr-boardcnts,,HEALTHY,3,0.4,,,"교육과정평가원, 2026년 기초학력 전문교원 전문성 강화 워크숍 개최 [kice-re-kr-boardcnts] Saved [5100863]: 컴퓨터 기반 학업성취도 평가의 채점 체제 개선 방안(연구리포트 9호 발간) 보도자료 [kice-re-kr-boardcnts] Saved [5100862]: 국가교육과정 개정 연구 체제 및 사회적 수용 제고 방안 탐색(정책브리프 통 43호 발간) [kice-re-kr-boardcnts] Done. Total saved: 3 "
kli-re-kr-kli,,HEALTHY,3,2.7,,,[kli-re-kr-kli] Saved 1/3: 2025 KLI 연차보고서 [kli-re-kr-kli] Saved 2/3: 노동판례리뷰 2025 [kli-re-kr-kli] Saved 3/3: 직업 적성 불일치의 다면적 측정과 노동시장 성과 [kli-re-kr-kli] Done. Total saved: 3 
krihs-re-kr-krihslibraryarticle,,HEALTHY,3,0.8,,,e-kr-krihslibraryarticle] saved 1/3: 부동산시장 조사분석 2026년 4월호 (Vol.53) [krihs-re-kr-krihslibraryarticle] saved 2/3: [목차] 2026년 4월호 (Vol.53) [krihs-re-kr-krihslibraryarticle] saved 3/3: [인포그래픽스] K-REMAP 지수로 바라본 부동산시장 [krihs-re-kr-krihslibraryarticle] Done: saved 3 
masaf-gov-it-flex,,HEALTHY,3,4.7,,,"er il Fondo di solidarietà naziona [masaf-gov-it-flex] Saved 2/3: Riso, Lollobrigida: Riunito il tavolo nazionale. Italia prim [masaf-gov-it-flex] Saved 3/3: Agricoltura, Lollobrigida: 1,67 miliardi Pac contro caro pre [masaf-gov-it-flex] Done. Total saved: 3 "
minagric-gr-the-ministry-2,,HEALTHY,3,14.6,,,"ed 2/3: ΥΠΑΑΤ: Αποζημιώσεις 4,2 εκατ. ευρώ για θανατωθέντα ζώα λόγω ευλογιάς και αφθώδου [minagric-gr-the-ministry-2] saved 3/3: ΚΟΙΝΟ ΔΕΛΤΙΟ ΤΥΠΟΥ ΥΠΕΘΟΟ – ΥΠΑΑΤ – ΑΑΔΕ: H Ευρωπαϊκή Επιτροπή επαναφέρει τη δια [minagric-gr-the-ministry-2] done. Total saved: 3 "
moef-go-kr-nw,,HEALTHY,3,1.1,,,[moef-go-kr-nw] saved 1/3: 비상경제본부 회의 겸 경제·구조혁신 관계장관회의 개최 [moef-go-kr-nw] saved 2/3: 제16차 소재부품장비 경쟁력강화위원회 개최 [moef-go-kr-nw] saved 3/3: [보도참고] 조세지출 정비와 관련하여 제기된 주요 의견에 대해 설명드립니다 [moef-go-kr-nw] Done. Total saved: 3 
msd-govt-nz-about-msd-and-our-wo,,HEALTHY,3,12.2,,, Statement: Treatment of Special Benefit cl [msd-govt-nz-about-msd-and-our-wo] Saved 3/3: Regulatory Impact Statement – Legislative changes to increas [msd-govt-nz-about-msd-and-our-wo] page 1: saved 3/3 [msd-govt-nz-about-msd-and-our-wo] Done. Total saved: 3 
nei-nih-gov-about,,HEALTHY,3,1.3,,,[nei-nih-gov-about] saved 1/3: FY2027 Congressional Justification [nei-nih-gov-about] saved 2/3: FY 2026 — Congressional Justification [nei-nih-gov-about] saved 3/3: FY 2025 (PDF 7.6 MB) — Congressional Justification [nei-nih-gov-about] done. Total saved: 3 
nhlbi-nih-gov-resources,,HEALTHY,3,6.0,,, [nhlbi-nih-gov-resources] Saved 1/3: What is Thalassemia? Fact Sheet [nhlbi-nih-gov-resources] Saved 2/3: What is Sickle Cell Trait? Fact Sheet [nhlbi-nih-gov-resources] Saved 3/3: What is Hemophilia? Fact Sheet [nhlbi-nih-gov-resources] Done. Total saved: 3 
nigms-nih-gov-news,,HEALTHY,3,7.2,,,"t [nigms-nih-gov-news] Saved 2/3: Mercedes Rubio to Direct NIGMS Division for Research Capacity Building [nigms-nih-gov-news] Saved 3/3: Shawn Drew Gaillard to Direct the NIGMS Division of Genetics and Molecular, Cell [nigms-nih-gov-news] Done. Total saved: 3 "
nofima-com-publication,,HEALTHY,3,22.9,block:challenge,,[nofima-com-publication] challenge did not clear (attempt 1/2) — https://nofima.com/bc_tax_pubtype/nofimareports/ [nofima-com-publication] crawl complete: saved 3 items across 1 pages 
onera-fr-fr,,HEALTHY,3,10.9,,,"ONERA et le CNRS signent un accord de coopération sur la plateforme [onera-fr-fr] saved 2/3: ELECTRI-FLY : premier projet de recherche IFAR sur les phénomènes élec [onera-fr-fr] saved 3/3: L’ONERA, la Région Occitanie et la Commission européenne inaugurent Py "
pbc-gov-cn-en,,HEALTHY,3,5.1,,,egate Financing to the Real Economy (Stock) (A [pbc-gov-cn-en] Saved 2/3: Report on Aggregate Financing to the Real Economy (Flow) (Au [pbc-gov-cn-en] Saved 3/3: Report on Aggregate Financing to the Real Economy (Stock) (J [pbc-gov-cn-en] Done. Total saved: 3 
pps-go-kr-kor,,HEALTHY,3,0.7,,,[pps-go-kr-kor] Saved 1/3: 조달사업통계 등록 일정 공지 [pps-go-kr-kor] Saved 2/3: '26년 6월 조달사업통계 [pps-go-kr-kor] Saved 3/3: '26년 5월 조달사업통계 [pps-go-kr-kor] Done. Total saved: 3 
pure-mpg-de-search,,HEALTHY,3,1.8,,,d on pH and [pure-mpg-de-search] saved 2/3: The Free OD at the Air/D<sub>2</sub>O Interface is Structurally and Dy [pure-mpg-de-search] saved 3/3: Interbilayer repulsion forces between tension-free lipid bilayers from [pure-mpg-de-search] done. total saved: 3 
researchrepository-ul-ie-search,,HEALTHY,3,7.0,,,"iness: Longitudinal evi [researchrepository-ul-ie-search] saved 3/3: Trends in general practitioner dispensing of thickeners in the NHS England, 2019–24 [researchrepository-ul-ie-search] page 0: saved 3/3 [researchrepository-ul-ie-search] done. Total saved: 3 "
sastind-gov-cn-n10086200,,HEALTHY,3,4.0,,,[sastind-gov-cn-n10086200] curl failed for https://www.sastind.gov.cn/n10086200/n10086319/index.html (attempt 1/3): curl exit 35; retrying in 1s [sastind-gov-cn-n10086200] detected 376 list pages 
sib-swiss-community,,HEALTHY,3,7.0,,,"s and Genomes for Anti-Phyto [sib-swiss-community] saved 2/3: Practical Outcomes From CASP16 for Users in Need of Biomolec [sib-swiss-community] saved 3/3: Triple checkpoint blockade of PD-1, Tim-3, and Lag-3 enhance [sib-swiss-community] Done. Total saved: 3 "
state-gov-press-releases,,HEALTHY,3,1.2,,,"hedule – August 6, 2026 [state-gov-press-releases] Saved 2/3: Norway – 155mm High Explosive (HE) M795 Projectile [state-gov-press-releases] Saved 3/3: U.S. Participation in Special Meeting at the OAS Permanent C [state-gov-press-releases] Done. Total saved: 3 "
ukdataservice-ac-uk-2026,,HEALTHY,3,4.0,,,aunches new guidance resource for data [ukdataservice-ac-uk-2026] Saved 2/3: Two new teaching datasets released for the Quarterly Labour [ukdataservice-ac-uk-2026] Saved 3/3: July 2026 UK Data Service newsletter [ukdataservice-ac-uk-2026] Done. Total saved: 3 
wef-infor-cl-indexphp,,HEALTHY,3,5.7,,,php] discovered 29 publication series [wef-infor-cl-indexphp] saved 1/3: Anuario Forestal - 2025 [wef-infor-cl-indexphp] saved 2/3: Anuario Forestal - 2024 [wef-infor-cl-indexphp] saved 3/3: Anuario Forestal - 2023 [wef-infor-cl-indexphp] done. Total saved: 3 
acpr-banque-france-fr-fr,,HEALTHY,3,10.1,,,mmobilier commercial par les b [acpr-banque-france-fr-fr] Saved 2/3: N° 183 : Le financement de l'habitat en 2025 [acpr-banque-france-fr-fr] Saved 3/3: N° 182 : La situation des grands groupes bancaires français [acpr-banque-france-fr-fr] Done. Total saved: 3 
anr-hal-science-search,,HEALTHY,2,2.6,,,ping doc 3682301: abstract too short (0 chars) [anr-hal-science-search] Skipping doc 4327841: abstract too short (0 chars) [anr-hal-science-search] No new records on page 1 (all skipped or already seen). Stopping. [anr-hal-science-search] Done. Total saved: 2 
auri-re-kr-boardes,,HEALTHY,3,1.5,,,"[auri-re-kr-boardes] saved 1/3: 건축공간연구원 인사(2026년 7월 29일자) [auri-re-kr-boardes] saved 2/3: 건축공간연구원, 국민의 삶과 연계된 건축의 새로운 도약을 위한 국회토론회 개최 [auri-re-kr-boardes] saved 3/3: 인공지능을 활용한 폭염 취약 공간 분석과 대응 방향 [auri-re-kr-boardes] Done. Total saved: 3 "
bj-admin-ch-bj,,HEALTHY,3,1.5,,, rules into force [bj-admin-ch-bj] saved 2/3: Fire in Crans-Montana: Federal Council pledges support to victims and their families [bj-admin-ch-bj] saved 3/3: Support for victims and relatives of the fire in Crans-Montana [bj-admin-ch-bj] done. Total saved: 3 
bmwet-gv-at-services,,HEALTHY,3,13.4,,,nkapit [bmwet-gv-at-services] Saved 2/3: Heimische Wertschöpfungsketten in der Hochtechnologiebranche Pharma / [bmwet-gv-at-services] Saved 3/3: Entwicklung der Produktivität österreichischer Unternehmen von 2008 bi [bmwet-gv-at-services] Done. Total saved: 3 
bundesumweltministerium-de-en,,HEALTHY,3,9.1,,,Treasure not Trash [bundesumweltministerium-de-en] saved 2/3: Federal Action Plan on Nature-based Solution for Climate and Biodiversity [bundesumweltministerium-de-en] saved 3/3: 2021 Nature Awareness Study [bundesumweltministerium-de-en] done. Total saved: 3 
cc-nih-gov-research,,HEALTHY,3,3.3,,,osystem: How Microbe [cc-nih-gov-research] saved 2/3: Systematic Functional Validation of IKAROS Variants From Patients and [cc-nih-gov-research] saved 3/3: Peppers and Poppies: A Perspective on Nociceptors and Pain Control [cc-nih-gov-research] done. saved 3 
cmi-no-publications,,HEALTHY,3,6.8,,,[cmi-no-publications] done: saved 3/3 after 1 pages 
csic-es-es,,HEALTHY,3,4.3,,,[csic-es-es] Saved 1/3: Datos 2025 [csic-es-es] Saved 2/3: Datos 2024 [csic-es-es] Saved 3/3: Datos 2023 [csic-es-es] Done. Total saved: 3 
data-mfe-govt-nz-documents,,HEALTHY,3,8.7,,,"t too short (0 chars). Skipping. [data-mfe-govt-nz-documents] item 11508: abstract too short (0 chars). Skipping. [data-mfe-govt-nz-documents] Saved 3/3: Temperature, Rainfall, Wind, Sunshine and Soil Moisture [data-mfe-govt-nz-documents] Done. Total saved: 3 "
deltares-nl-en,,HEALTHY,3,13.0,,,"bility in the city of New Orleans, southern [deltares-nl-en] saved 2/3: Digital-twin voor twee tijdelijke pompinstallaties [deltares-nl-en] saved 3/3: Case studie Op weg naar water en bodem sturend op Boerderij de Eenzaam [deltares-nl-en] Done. Total saved: 3 "
doras-dcu-ie-view,,HEALTHY,3,25.9,,,us and roles assigned female person [doras-dcu-ie-view] saved 2/3: Iniúchadh ar dhearcthaí múinteoirí iar-bhunscoile tumoideach [doras-dcu-ie-view] saved 3/3: The Interplay between Management Accountants and Data Scient [doras-dcu-ie-view] done. total saved=3 
economy-ni-gov-uk-publications,,HEALTHY,3,5.1,,,"nomy-ni-gov-uk-publications] crawl start, limit=3 [economy-ni-gov-uk-publications] fetching RSS feed… [economy-ni-gov-uk-publications] RSS: 100 items [economy-ni-gov-uk-publications] total unique URLs queued: 100 [economy-ni-gov-uk-publications] done. saved=3 "
emep-int-mscw,,HEALTHY,3,2.2,,,ed 215 publications; limit=3 [emep-int-mscw] Saved 1/3: EMEP Status Report 1/2026 [emep-int-mscw] Saved 2/3: MSC-W Data Note 1/2026 Individual Country Reports (will be a [emep-int-mscw] Saved 3/3: EMEP Status Report 1/2025 [emep-int-mscw] Done. Total saved: 3 
ens-lyon-fr-lecole,,HEALTHY,3,8.6,,,ved 0/3 [ens-lyon-fr-lecole] saved 1/3: node 1581627 [ens-lyon-fr-lecole] saved 2/3: node 1569256 [ens-lyon-fr-lecole] node 1569337: abstract too short (97 chars); skipping [ens-lyon-fr-lecole] saved 3/3: node 1529493 [ens-lyon-fr-lecole] done. Total saved: 3 
etis-ee-portal,,HEALTHY,3,40.5,,,"short/no abstract (0 chars), skipping. [etis-ee-portal] 00be4503-d03f-4dd1-9c51-e5df64347bcd: no DOI, skipping (no abstract source). [etis-ee-portal] Saved 3/3: Sensor Data Co-Pilots: Enabling Human-Centric Pervasive Envi [etis-ee-portal] Done. Total saved: 3 "
ftc-go-kr-www,,HEALTHY,3,1.5,,,[ftc-go-kr-www] Saved 1/3: 기업집단 지정자료 제출의무 위반 관련 고발지침 개정안 행정예고 [ftc-go-kr-www] Saved 2/3: (주)세라잼의 하도급법 위반행위 제재 [ftc-go-kr-www] Saved 3/3: 3개 주요 통신사의 불공정약관 조항 시정 [ftc-go-kr-www] Done. Total saved: 3 
gov-scot-publications,,HEALTHY,3,7.7,,,3: Scottish Income Tax Board Minutes: May 2026 [gov-scot-publications] saved 2/3: Child poverty in the UK and Scotland [gov-scot-publications] saved 3/3: Scottish milk production statistics - 2025 Onwards - Quarter [gov-scot-publications] Done. Total saved: 3 
health-gov-au-publications,,HEALTHY,3,5.6,,,h-gov-au-publications] saved 2/3: Hearing Services Program statistics – Year to date 2025–26 to 30 June [health-gov-au-publications] saved 3/3: BRoSS Participant User Guide – Exceptional Circumstances Requests [health-gov-au-publications] done. Total saved: 3 
hud-govt-nz-stats-and-insights,,HEALTHY,3,2.3,,,patial equilibrium [hud-govt-nz-stats-and-insights] saved 2/3: Budget 2024 and 2025 funded housing delivery dashboard for J [hud-govt-nz-stats-and-insights] saved 3/3: Budget 2025 flexible fund opportunity [hud-govt-nz-stats-and-insights] Done. Total saved: 3 
iisd-org-press,,HEALTHY,3,7.6,,,[iisd-org-press] page 1: saved 0/3 [iisd-org-press] done. saved 3 records. 
ir-arcnl-nl,,HEALTHY,3,8.6,,,[ir-arcnl-nl] Page 1: found 8 items [ir-arcnl-nl] Saved 1/3 papers... [ir-arcnl-nl] Saved 2/3 papers... [ir-arcnl-nl] Saved 3/3 papers... [ir-arcnl-nl] Done. Saved 3 papers. 
iucn-org-about-iucn,,HEALTHY,3,13.2,,,tion of Nature a [iucn-org-about-iucn] saved 2/3: IUCN 2024 : International Union for Conservation of Nature a [iucn-org-about-iucn] saved 3/3: IUCN 2023 : International Union for Conservation of Nature a [iucn-org-about-iucn] Crawl complete. Saved 3 records. 
kammarkollegiet-se-aktuellt,,HEALTHY,3,14.2,,,"[kammarkollegiet-se-aktuellt] Starting crawl, limit=3 [kammarkollegiet-se-aktuellt] Found 48 items in embedded JSON [kammarkollegiet-se-aktuellt] Done. Saved 3/3 items. "
kicj-re-kr-boardes,,HEALTHY,3,17.9,,,[kicj-re-kr-boardes] Saved 1/3: 관계성 범죄의 위험성 평가 모델 및 차별적 대응 체계 마련을 위한 기초 연구 [kicj-re-kr-boardes] Saved 2/3: 수사체계 재정립에 관한 연구 [kicj-re-kr-boardes] Saved 3/3: 변화된 현대사회의 요구에 부합하는 형사법 개정방안 연구(I)-1 : 형법각칙 [kicj-re-kr-boardes] Done. Total saved: 3 
kliimaministeerium-ee-otsing,,BROKEN,0,8.0,parse:parse error,,eerium-ee-otsing] JSON parse error on page 0: Expecting value: line 1 column 1 (char 0) [kliimaministeerium-ee-otsing] total available: 0 [kliimaministeerium-ee-otsing] page 0: empty response; end of results [kliimaministeerium-ee-otsing] Done. Total saved: 0 
krihs-re-kr-krihslibraryreport,,HEALTHY,3,3.0,,, 1/3: 외국 지역발전정책 동향과 시사점: 장소기반정책 접근을 중심으로 [krihs-re-kr-krihslibraryreport] saved 2/3: 일본의 도로사업평가체계 개편사항과 시사점: 일체평가제도를 중심으로 [krihs-re-kr-krihslibraryreport] saved 3/3: 매입형 공공임대주택의 운영 실태와 개선 방안: 서울·경기 지역을 중심으로 [krihs-re-kr-krihslibraryreport] done: saved 3 items 
mbie-govt-nz-building-and-energy,,HEALTHY,3,57.2,,,ergy balances (abstract 653 chars) [mbie-govt-nz-building-and-energy] Saved [2/3]: Coal statistics (abstract 534 chars) [mbie-govt-nz-building-and-energy] Saved [3/3]: Oil statistics (abstract 639 chars) [mbie-govt-nz-building-and-energy] Done. Total saved: 3 
mindev-gov-gr-category,,HEALTHY,3,12.8,,,"κινούν οι αιτήσεις στο vouchers.gov.gr για το Πρόγραμμα «Τουρισμός για όλους 2026-2027» [mindev-gov-gr-category] saved 3/3: Σταύρος Καλαφάτης: «Η Τεχνητή Νοημοσύνη δεν είναι απλώς μια νέα τεχνολογία, είναι μια νέα [mindev-gov-gr-category] done. Total saved: 3 "
mof-go-kr-doc,,HEALTHY,3,4.4,,,"[mof-go-kr-doc] Saved 1/3: (동정) 남재헌 해양수산부 차관, 충남지역 고수온 대응 현장점검 [mof-go-kr-doc] Saved 2/3: (동정) 황종우 해양수산부 장관, 부산 해수욕장 현장점검 실시 [mof-go-kr-doc] Saved 3/3: 해양수산부 신청사, 부산시 동구의 북항 1단계 재개발 부지에 짓는다 [mof-go-kr-doc] Done. Total saved: 3 "
msit-go-kr-bbs,,HEALTHY,3,1.8,,,[msit-go-kr-bbs] Saved 1/3: 2026년도 과학기술정보통신부 연구개발사업 종합시행계획 [msit-go-kr-bbs] Saved 2/3: 2024년도 비파괴검사 실태조사 [msit-go-kr-bbs] Saved 3/3: 2023년도 비파괴검사 실태조사 [msit-go-kr-bbs] Done. Total saved: 3 
nei-nih-gov-learn-about-eye-heal,,HEALTHY,3,5.5,,,Managing Your Medication [nei-nih-gov-learn-about-eye-heal] saved 2: 5 Things to Know About Glaucoma [nei-nih-gov-learn-about-eye-heal] saved 3: 5 Things You Should Know about Diabetic Eye Disease. [nei-nih-gov-learn-about-eye-heal] crawl done: 3 items saved. 
nhmrc-gov-au-publications,,HEALTHY,3,2.2,,,2026 – May 2028 [nhmrc-gov-au-publications] saved 2/3: NHMRC Research Translation Strategy 2026–2030 [nhmrc-gov-au-publications] saved 3/3: NHMRC Embryo Research Licensing Committee Report to Parliament - 1 Sep [nhmrc-gov-au-publications] done. Total saved: 3 
nikhef-nl-pub,,HEALTHY,3,9.0,,,"s) [nikhef-nl-pub] saved 2/3: [ETR_2011-02] MiniHV V2 : a modular, remote controlled high voltage s (2000 chars) [nikhef-nl-pub] saved 3/3: [ETR_2011-01] On-site EMC measurements of the Nikhef Spark Chamber at (2000 chars) [nikhef-nl-pub] Done. Saved 3 total. "
nora-nerc-ac-uk-view,,HEALTHY,3,9.4,,,uk-view] saved 2/3: Ground‐Truthed Fiber‐Optic Sensing Reveals Internal Tide Bores Over Madeira's St [nora-nerc-ac-uk-view] saved 3/3: Low-cost colourimetric biosensing using laser-patterned cellophane-based fluidic [nora-nerc-ac-uk-view] Done. Total saved: 3 
ons-gov-uk-search,,HEALTHY,3,6.4,,,s.gov.uk/peoplepopulationandcommunity/leisureandtourism/datasets/ukresidentsvisitsabroad/2010to2014 [ons-gov-uk-search] skip (abstract 70 < 100 chars): https://www.ons.gov.uk/peoplepopulationandcommunity/leisureandtourism/datasets/ukresidentsvisitsabroad/2014 
pbl-nl-en,,HEALTHY,3,8.6,,,on: Accountability Through Measurable Goals [pbl-nl-en] saved 2/3: Operationalizing the biodiversity Global Review to strengthen CBD effectiveness: [pbl-nl-en] saved 3/3: Industry energy support and its interaction with EU ETS [pbl-nl-en] done. total saved: 3 
presse-cnam-fr-communiques,,HEALTHY,3,14.4,,,[presse-cnam-fr-communiques] page 1: saved 0/3 
rcaanc-cirnac-gc-ca-eng,,HEALTHY,3,8.1,,,
reseau-canope-fr-espace-presse,,HEALTHY,3,4.2,,,[reseau-canope-fr-espace-presse] crawl complete: saved 3 items 
scaht-org-en,,HEALTHY,3,11.9,net:404,, 1 item 3 https://www.scaht.org/en/publications/toxcastlite-a-portable-semantic-evidence-graph-linking-in-vitro-bioactivity-in-vivo-toxicity-and-exposure-use-context/ crossref returned HTTP 404 for https://api.crossref.org/works/10.64898%2F2026.05.16.724895v1 
sib-swiss-training,,HEALTHY,3,2.8,,,[sib-swiss-training] page 0: saved 3/3 
state-gwd-go-kr-portal,,HEALTHY,3,2.2,,,"[state-gwd-go-kr-portal] Saved 1/3: “신청사 건립, 도민 부담 고려해 내실 있게 추진” [state-gwd-go-kr-portal] Saved 2/3: 강원도립대학교, 2026년 하반기 평생교육원 수강생 모집 [state-gwd-go-kr-portal] Saved 3/3: 감탄로드 테마형 여행상품 기획전 및 홍보마케팅 확대 [state-gwd-go-kr-portal] Done. Total saved: 3 "
ulsan-go-kr-u,,HEALTHY,3,2.4,,,[ulsan-go-kr-u] Done. Saved 3 items. 
werk-belgie-be-nl,,HEALTHY,3,5.4,,,rk-belgie-be-nl] saved 2/3: Statistieken over herstructureringen voor de periode januari [werk-belgie-be-nl] saved 3/3: Verlenging en flexibilisering van het mantelzorgverlof vanaf [werk-belgie-be-nl] page 0: saved 3/3 [werk-belgie-be-nl] Done. Total saved: 3 
adaptcentre-ie-research,,HEALTHY,3,10.4,,,aptcentre-ie-research] Saved 2/3: Trustworthy artificial intelligence and organisational trust: a scopin [adaptcentre-ie-research] Saved 3/3: Transdiagnostic compulsivity is associated with reduced reminder setti [adaptcentre-ie-research] Done. Total saved: 3 
ansto-gov-au-search,,HEALTHY,3,9.6,,,h] saved 1/3: User access at the National Deuteration Facility [ansto-gov-au-search] saved 2/3: Per-deuterated linoleic acid-d31: Available now from the NDF [ansto-gov-au-search] saved 3/3: ACNS-NDF Clip Day 2023 [ansto-gov-au-search] crawl complete: 3 saved. 
auri-re-kr-publication,,HEALTHY,3,7.1,,,-re-kr-publication] saved 1/3: 농업유산지구 설정을 위한 기본방향 연구 [auri-re-kr-publication] saved 2/3: 보행환경 종합정비사업의 성과와 과제: 전주시 충경로 사례를 중심으로 [auri-re-kr-publication] saved 3/3: 수요기반의 주거생활공간 실태진단 방안(Ⅱ) - 청년가구 거주적합성 진단 지표 및 지수 개발 [auri-re-kr-publication] Done. Total saved: 3 
bjerknes-uib-no-en,,HEALTHY,3,6.1,,,
bmwkms-gv-at-themen,,HEALTHY,3,2.8,,,themen] saved (1): Innovative Film Austria 21/22 [bmwkms-gv-at-themen] saved (2): Innovative Film Austria 20/21 (nicht barrierefrei) [bmwkms-gv-at-themen] saved (3): Innovative Film Austria 19/20 (nicht barrierefrei) [bmwkms-gv-at-themen] Done. Total saved: 3 
busan-go-kr-nbtnewsbu,,HEALTHY,3,3.8,,,[busan-go-kr-nbtnewsbu] page 1: saved 0/3 [busan-go-kr-nbtnewsbu] Done. Total saved: 3 
cdhowe-org-research-insights,,HEALTHY,3,6.2,,,ion [cdhowe-org-research-insights] Saved 2/3: We need to fix how we charge refugees for health care [cdhowe-org-research-insights] Saved 3/3: Canada Needs a Bigger Grid. Customers Need an Honest Conversation [cdhowe-org-research-insights] Done. Total saved: 3 
cnam-hal-science-ceet,,HEALTHY,3,1.7,,,atrice des fragilités e [cnam-hal-science-ceet] Saved 2/3: State Dependence and Labor Market Transitions in the Europea [cnam-hal-science-ceet] Saved 3/3: Magistrature et avocature face aux algorithmes de « justice [cnam-hal-science-ceet] Done. Total saved: 3 
cso-ie-en,,BROKEN,0,1.7,parse:no items found,,"[cso-ie-en] no items found for year 2026, stopping [cso-ie-en] done: saved 0 documents "
data-mfe-govt-nz-tables,,HEALTHY,3,7.1,,,"esource consent applications 2014-15 to 2024-25 [data-mfe-govt-nz-tables] Saved 2/3: Agricultural and horticultural land use, clean, 2002 - 2019 [data-mfe-govt-nz-tables] Saved 3/3: Daily temperature, 1909 - 2019 [data-mfe-govt-nz-tables] Done. Total saved: 3 "
dfat-gov-au-publications,,HEALTHY,3,3.3,,,ices Package and [dfat-gov-au-publications] saved 2/3: Vietnam Private Sector Development Partnership (VPSDP) Mid-Term Review [dfat-gov-au-publications] saved 3/3: First Nations International Engagement Strategy [dfat-gov-au-publications] done. Total saved: 3 
dpmc-govt-nz-publications,,HEALTHY,3,2.6,,,"m Handbook [dpmc-govt-nz-publications] Saved 2/3: Proactive Release: Titles of Advice to the Prime Minister, a [dpmc-govt-nz-publications] Saved 3/3: CO (26) 3: Climate Implications of Policy Assessment Require [dpmc-govt-nz-publications] Done. Total saved: 3 "
ed-gov-about,,HEALTHY,3,11.9,,,[ed-gov-about] saved 1/3: Infrastructure and Sustainability [ed-gov-about] saved 2/3: School Infrastructure Programs (SIP) [ed-gov-about] saved 3/3: Local Educational Agency Sustainability Rubric [ed-gov-about] done. total saved: 3 
emsl-pnnl-gov-science,,HEALTHY,3,4.2,,,[emsl-pnnl-gov-science] page 0: saved 0/3 
ens-lyon-hal-science-search,,HEALTHY,3,1.7,,,rk to Handle Program Veri [ens-lyon-hal-science-search] Skipping doc 4914195: abstract too short (0 chars) [ens-lyon-hal-science-search] Saved 3/3: Scheduling Series-Parallel Task Graphs to Minimize Peak Memo [ens-lyon-hal-science-search] Done. Total saved: 3 
exteriores-gob-es-en,,HEALTHY,3,3.2,,,[exteriores-gob-es-en] saved 1/3: Foco África 2023 [exteriores-gob-es-en] saved 2/3: Foco África 2023. Versión Portugués [exteriores-gob-es-en] saved 3/3: Focus Africa 2023 [exteriores-gob-es-en] Done. Total saved: 3 
futureneurocentre-ie-our-research,,HEALTHY,3,7.1,block:403,,SF1R inhibition exacerbates gamma oscillation disruption and induces network hy [futureneurocentre-ie-our-research] saved 3/3: Genetic ancestry and monogenic disease risk in the Scottish Traveller founder po [futureneurocentre-ie-our-research] done: saved 3/3 
gov-scot-statistics-and-resea,,HEALTHY,3,5.8,,,[gov-scot-statistics-and-resea] crawl complete: saved 3 documents. 
health-govt-nz-publications,,HEALTHY,3,30.2,block:forbidden,,z-publications] saved 2/3: Māori Years of Life Lost: Estimates from the Global Burden of Disease [health-govt-nz-publications] saved 3/3: Racial Discrimination 2023/24: New Zealand Health Survey Ngā mahi kaik [health-govt-nz-publications] done. Total saved: 3 
humanrights-go-kr-base,,HEALTHY,3,5.3,,,[humanrights-go-kr-base] Saved 1/3: 2026년 3월말 기준 진정사건 처리 현황 [humanrights-go-kr-base] Saved 2/3: 2026년 2월말 기준 진정사건 처리 현황 [humanrights-go-kr-base] Saved 3/3: 2026년 1월말 기준 진정사건 처리 현황 [humanrights-go-kr-base] Done. Total saved: 3 
illustro-iadt-figshare-com-search,,HEALTHY,3,5.8,,,h] saved 2/3: Higher-level educators’ attitudes and approaches to adaptation of asse [illustro-iadt-figshare-com-search] saved 3/3: Voice as Data - A Qualitative Inquiry into the Psychological and Behav [illustro-iadt-figshare-com-search] Done. Total saved: 3 
ir-cwi-nl,,HEALTHY,3,8.4,,,[ir-cwi-nl] Page 0: found 8 items [ir-cwi-nl] Saved 1/3 papers... [ir-cwi-nl] Saved 2/3 papers... [ir-cwi-nl] Saved 3/3 papers... [ir-cwi-nl] Done. Saved 3 papers. 
iucn-org-press-releases,,HEALTHY,3,3.2,,,"cn-org-press-releases] saved 2/3: From desert frog to deep-sea molluscs, remarkable species at risk – IU [iucn-org-press-releases] saved 3/3: Climate-resilient reefs, ancient fish fossils and vast wetlands – IUCN [iucn-org-press-releases] done. total saved: 3 "
kasa-go-kr-bbs,,HEALTHY,3,1.6,,,[kasa-go-kr-bbs] Done. Saved 3 items. 
kiep-go-kr-galleryes,,HEALTHY,3,2.1,,,kr-galleryes] Saved 1/3: 러시아-우크라이나 전쟁 이후 EU 에너지전환 정책의 기조 변화와 경제적 영향 [kiep-go-kr-galleryes] Saved 2/3: 개발도상국 내 직무 역량 강화를 위한 노동시장 분석: 필리핀 사례를 중심으로 [kiep-go-kr-galleryes] Saved 3/3: 미중 무역 전쟁과 다차원적 복합게임: 중국의 대미 전략을 중심으로 [kiep-go-kr-galleryes] Done. Total saved: 3 
klimaraadet-dk-da,,HEALTHY,3,5.7,,,
krivet-re-kr,,HEALTHY,3,6.3,,,[krivet-re-kr] Page 1: found 10 items [krivet-re-kr] Saved 1/3 papers... [krivet-re-kr] Saved 2/3 papers... [krivet-re-kr] Saved 3/3 papers... [krivet-re-kr] Done. Saved 3 papers. 
mef-gov-it-ufficio-stampa,,HEALTHY,3,15.2,block:BOT,,"3: A luglio saldo con avanzo provvisorio di 13,4 miliardi [mef-gov-it-ufficio-stampa] Saved 2/3: Titoli di Stato: Emissione Medio Lungo Termine e modifiche c [mef-gov-it-ufficio-stampa] Saved 3/3: Emissioni BOT [mef-gov-it-ufficio-stampa] Done. Total saved: 3 "
mindigital-gr-archives,,HEALTHY,3,4.0,,,πουργείο Ψηφιακής Διακυβέρνησης και Τεχνητής Νοημοσύνης παρουσιάζει για πρώτη φορά του [mindigital-gr-archives] saved 3/3: Το gov.gr και το gov.gr messenger θέτουν σε λειτουργία μια προσωποποιημένη και ενιαία εμπε [mindigital-gr-archives] done. Total saved: 3 
mof-gov-cn-en,,HEALTHY,3,5.8,,,n] saved #1: REPORT ON THE IMPLEMENTATION OF CHINA’S FISCAL POLICY IN 2025 [mof-gov-cn-en] saved #2: REPORT ON THE IMPLEMENTATION OF CHINA’S FISCAL POLICY IN THE FIRST HAL [mof-gov-cn-en] saved #3: REPORT ON THE IMPLEMENTATION OF CHINA’S FISCAL POLICY IN 2024 
mss-go-kr-site,,HEALTHY,3,2.0,,,[mss-go-kr-site] item reSeq=2211 skipped: abstract too short (0 chars) [mss-go-kr-site] Saved 1/3: 2026년 6월 산업활동동향 [mss-go-kr-site] Saved 2/3: 2026년 8월 중소기업경기전망 [mss-go-kr-site] Saved 3/3: 2026년 6월 월간 수출입 현황 [mss-go-kr-site] Done. Total saved: 3 
nemertes-library-upatras-gr-browse,,HEALTHY,3,8.3,,,[nemertes-library-upatras-gr-browse] page 0: saved 0/3 [nemertes-library-upatras-gr-browse] done: saved 3 papers across 2 page(s) 
nia-nih-gov-news,,HEALTHY,3,6.9,,,change some brain cells more than others [nia-nih-gov-news] saved 2/3: Alzheimer’s disease may damage the brain in two phases [nia-nih-gov-news] saved 3/3: Older American Indians may experience higher levels of cognitive impai [nia-nih-gov-news] done: saved 3 
nim-ac-cn-taxonomy,,HEALTHY,3,3.1,,,[nim-ac-cn-taxonomy] fetching list page: https://www.nim.ac.cn/taxonomy/term/170 [nim-ac-cn-taxonomy] found 34 papers on list page [nim-ac-cn-taxonomy] page 0: saved 3/3 [nim-ac-cn-taxonomy] page 0: no next page (single-page site); stopping 
nordlandsforskning-no-en,,HEALTHY,3,2.6,,,"ommuner: Om praksiser, ambisjoner og møte med o [nordlandsforskning-no-en] saved 3/3: The spread of manosphere ideology to a Norwegian audience through ironic spectat [nordlandsforskning-no-en] page 2: saved 3/3 [nordlandsforskning-no-en] done. total saved: 3 "
open-science-canada-ca-communities,,HEALTHY,3,21.8,,,inidase reassortment and oseltamivir resistance in clade 2.3.4.4b A(H5N1) viruses ci [open-science-canada-ca-communities] saved 3/3: Phtalates dans certains aliments – du 1er avril 2012 au 31 mars 2018 [open-science-canada-ca-communities] done. Total saved: 3 
pbocri-org-cn-xslwhtml,,HEALTHY,2,5.0,,,"38eb670d24b1f966b: abstract too short (22 chars), skipping [pbocri-org-cn-xslwhtml] WP 39e741ae038e204a188988fc793c6cb5: abstract too short (21 chars), skipping [pbocri-org-cn-xslwhtml] No more pages after page 2. [pbocri-org-cn-xslwhtml] Done. Total saved: 2 "
presse-curie-fr-section,,HEALTHY,3,15.7,,,ction] saved 2: Comment certaines cellules du micro-environnement tumoral construisent un rempar [presse-curie-fr-section] saved 3: La Fondation Bettencourt Schueller et l'Institut Curie dévoilent des travaux amb [presse-curie-fr-section] done. Total saved: 3 
rda-go-kr-board,,HEALTHY,3,1.8,,,"[rda-go-kr-board] Saved 1/3: 폭염·가뭄 지속…과수원 생육 관리 강화해야 [rda-go-kr-board] Saved 2/3: 양돈산업 이끌 ‘국가대표 씨돼지’ 아홉 마리 선발 [rda-go-kr-board] Saved 3/3: 겉보기 같은 대장균, ‘유전자 지문’으로 세밀하게 가린다 [rda-go-kr-board] Done. Total saved: 3 "
rfi-ac-uk-latest,,HEALTHY,3,3.2,,,[rfi-ac-uk-latest] done. Total saved: 3 
science-astron-nl-science-astron,,HEALTHY,3,1.8,,,tar-form [science-astron-nl-science-astron] saved 2/3: hugovk/top-pypi-packages: Release 2026.08 [science-astron-nl-science-astron] saved 3/3: Exploring Coronal Holes Through K-Band Radio Observations (1 [science-astron-nl-science-astron] Done. Total saved: 3 
simula-no-publications,,HEALTHY,3,5.4,,,a477-c2b9e83372c9 skipped: abstract too short (0 chars). [simula-no-publications] Saved 2/3: Norske mobilnett i 2025 [simula-no-publications] Saved 3/3: Tracing Data Packet Paths over the Internet using Traceroute [simula-no-publications] Done. Total saved: 3 
statistischebibliothek-de-mir,,HEALTHY,3,22.6,,,"iothek-de-mir] page 0: saved 0/3 (SOLR numFound=1476) [statistischebibliothek-de-mir] saved 1/3: 2026,03 [statistischebibliothek-de-mir] saved 2/3: 2026,02 [statistischebibliothek-de-mir] saved 3/3: 2026,01 [statistischebibliothek-de-mir] done. Total saved: 3 "
um-dk-om-os,,HEALTHY,3,4.8,,,s årsrapport 2024 — https://um.dk/media/zynfzpd0/udenrigsministeriet-aarsrapport-2024.pdf [um-dk-om-os] saved [3] Udenrigsministeriets årsrapport 2023 — https://um.dk/media/hpuj05ls/udenrigsministeriet-aarsrapport-2023.pdf [um-dk-om-os] done — saved 3 records 
who-int-publications,,HEALTHY,3,8.2,,,"ummary [who-int-publications] saved 2/3: Nineteenth Meeting of the WHO South-East Asia Regional Certification C [who-int-publications] saved 3/3: Paediatric drug optimization for sickle cell disease: meeting report, [who-int-publications] Done. Total saved: 3 "
adruk-org-news-publications,,HEALTHY,3,14.4,,,-publications] Saved 2/3: Should we stay or should we go? Firms’ decisions on how to supply serv [adruk-org-news-publications] Saved 3/3: New evidence highlights ethnic inequalities in place of death in Engla [adruk-org-news-publications] Done. Total saved: 3 
app-mps-gov-cn-gdnps,,HEALTHY,3,3.4,,,ed 1/3: 公安机关人民警察证使用管理规定 [app-mps-gov-cn-gdnps] Saved 2/3: 公安部2025年度推进法治政府建设工作情况 [app-mps-gov-cn-gdnps] item 10433678 abstract too short (20 chars). Skipping. [app-mps-gov-cn-gdnps] Saved 3/3: 公安部政府信息公开工作年度报告（2025年度） [app-mps-gov-cn-gdnps] Done. Total saved: 3 
auswaertiges-amt-de-de,,HEALTHY,3,8.2,,,[auswaertiges-amt-de-de] saved 2/3: Interview von Außenminister Johann Wadephul mit den Blättern des Redak [auswaertiges-amt-de-de] saved 3/3: Rede von Außenminister Johann Wadephul an der Universität Witwatersran [auswaertiges-amt-de-de] Done. Total saved: 3 
bm-dk-soeg,,HEALTHY,3,7.1,,,"ications on server: 88 [bm-dk-soeg] Saved 1: Kvantitativ analyse af tilgangen til førtidspensionsområdet [bm-dk-soeg] Saved 2: Status på arbejdsmarkedet, oktober 2025 [bm-dk-soeg] Saved 3: Status på arbejdsmarkedet, juni 2025 [bm-dk-soeg] Done. Total saved: 3 "
bmwsb-bund-de-de,,HEALTHY,3,14.1,,,chung und Fortentwicklung des Wohngeldgesetze [bmwsb-bund-de-de] saved 2/3: Entwurf eines Gesetzes zur Modernisierung des Städtebau- und Raumordnungsrechts [bmwsb-bund-de-de] saved 3/3: Novelle des Wärmeplanungsgesetzes [bmwsb-bund-de-de] done. Total saved: 3 
business-sweden-com-about-us,,HEALTHY,3,3.4,,,den–Saudi forum [business-sweden-com-about-us] Saved 2/3: Sweden launches its first national pavilion at VivaTech 2026 [business-sweden-com-about-us] Saved 3/3: Continued confidence despite global turbulence [business-sweden-com-about-us] Done. Total saved: 3 
cds-cern-ch-collection,,HEALTHY,3,7.5,,,"[cds-cern-ch-collection] saved 2/3: Effects of inlet temperature and pressure in sCO2 heat transfer in a 1 [cds-cern-ch-collection] saved 3/3: Sustainable sandwich panels from upcycled aluminium cans, galvanised s [cds-cern-ch-collection] Done. Total saved: 3 "
cnam-hal-science-search,,HEALTHY,3,2.1,,,"h] saved 2/3: Beyond Reachability: Regulatory-Driven Vulnerability Triage for Production Binar [cnam-hal-science-search] saved 3/3: Éclairages – Les sorties de prison des mineurs. Contraintes, ressources et aspir [cnam-hal-science-search] Done. Total saved: 3 "
csrc-gov-cn-csrc_en,,HEALTHY,3,66.3,net:Empty response,,otal records: 9 [csrc-gov-cn-csrc_en] Saved 1/3: The 1st CSRC IAC Bulletin of 2024 [csrc-gov-cn-csrc_en] Saved 2/3: The 8th CSRC IAC Bulletin of 2023 [csrc-gov-cn-csrc_en] Saved 3/3: The 7th CSRC IAC bulletin of 2023 [csrc-gov-cn-csrc_en] Done. Total saved: 3 
data-nasa-gov-dataset,,HEALTHY,3,3.6,,,[data-nasa-gov-dataset] crawl complete: saved=3/3 
dhs-gov-congressional-approp,,HEALTHY,3,74.5,,,y [dhs-gov-congressional-approp] Saved 2/3: Departmental Management and Operations (DMO – OCFO – Monthly [dhs-gov-congressional-approp] Saved 3/3: Departmental Management and Operations (DMO – OCFO – Monthly [dhs-gov-congressional-approp] Done. Total saved: 3 
drc-gov-cn-leafaspx,,HEALTHY,3,8.7,,,spx] item 2909706 skipped: short abstract (0 chars) [drc-gov-cn-leafaspx] item 2909311 skipped: short abstract (10 chars) [drc-gov-cn-leafaspx] item 2909246 skipped: short abstract (0 chars) [drc-gov-cn-leafaspx] item 2909245 skipped: short abstract (0 chars) 
eda-admin-ch-eda,,HEALTHY,3,6.0,,,here today?” (fr) [eda-admin-ch-eda] saved 2/3: “Switzerland does not fall from the sky. It must be nurtured.” (de/fr) [eda-admin-ch-eda] saved 3/3: Federal Councillor Ignazio Cassis to visit Azerbaijan and Turkmenistan [eda-admin-ch-eda] done. Total saved: 3 
en-ird-fr-sections,,HEALTHY,3,15.4,,,"Priorities for Securing the Futu [en-ird-fr-sections] saved 2/3: Official visit to Thailand of IRD Deputy Director, Gilles Pecassou [en-ird-fr-sections] saved 3/3: Launch of the ePOP 2025 international contest - UNOC3 [en-ird-fr-sections] Done. Total saved: 3 "
enscp-hal-science-search,,HEALTHY,3,1.2,,,onductors for [enscp-hal-science-search] Saved 2/3: Infrared dichroism of gold nanorods controlled using a magne [enscp-hal-science-search] Saved 3/3: Zinc and cobalt complexes based on tripodal ligands: synthes [enscp-hal-science-search] Done. Total saved: 3 
fafo-no-en,,HEALTHY,3,13.7,,, saved 1/3: Ungdomskriminalitet i et integreringsperspektiv [fafo-no-en] saved 2/3: Living Conditions of Vulnerable Palestinian Refugees in Jord [fafo-no-en] saved 3/3: Tillitsvalgtpanelet. Oppsummering av resultater fra 2025 [fafo-no-en] Done. Total saved: 3 
ga-gov-au-data-pubs,,HEALTHY,3,5.5,,,"e gauges [ga-gov-au-data-pubs] saved 2/3: Exploring for the Future — Groundwater hydrochemistry data release: Ea [ga-gov-au-data-pubs] saved 3/3: Rock-Eval pyrolysis data from wells of the Canning Basin, Australia: D [ga-gov-au-data-pubs] done. Total saved: 3 "
gov-uk-search,,HEALTHY,3,5.3,,,3 ← /government/publications/pesticide-residues-in-food-quarterly-monitoring-results-for-2025 [gov-uk-search] saved 3/3 ← /government/publications/business-implementation-study-using-sustainable-aviation-fuels-saf-in-ghana [gov-uk-search] Done. Total saved: 3 
health-ni-gov-uk-news,,HEALTHY,3,5.6,,,[health-ni-gov-uk-news] page 0: saved 0/3 [health-ni-gov-uk-news] Done: 3 items saved. 
icn-artem-com-en,,HEALTHY,3,15.2,,,d 1/3: Why Earn an RNCP Qualification? [icn-artem-com-en] saved 2/3: Everything You Need to Know About the Executive MBA Intake: [icn-artem-com-en] saved 3/3: Professional Coach: Choose the Right Modules for Your Career [icn-artem-com-en] Done. Total saved: 3 
imt-nord-europe-hal-science-search,,HEALTHY,3,2.0,,,Experiment with lexically-bound extension methods for a dynamic language [imt-nord-europe-hal-science-search] saved 3/3: Évaluation de l’innocuité des systèmes de Traitement d’Air par PhotocatalysE pro [imt-nord-europe-hal-science-search] Done. Total saved: 3 
ir-lib-uth-gr-xmlui,,HEALTHY,3,20.7,,,[ir-lib-uth-gr-xmlui] done: saved 3/3 
iucn-org-resources,,HEALTHY,3,5.9,,,fadhi Bahari Yetu Grant Summary [iucn-org-resources] saved 2/3: MARPLASTICCs South Africa National Plastic Pollution Hotspot [iucn-org-resources] saved 3/3: MARPLASTICCs Thailand National Plastic Pollution Hotspotting [iucn-org-resources] done. Total saved: 3 
kb-se-om-oss,,HEALTHY,3,6.3,,,[kb-se-om-oss] Saved 1/3: Nytt uppdrag om svensk-judiskt kulturarv [kb-se-om-oss] Saved 2/3: Nu öppnar vår utställning om Pippi Långstrump [kb-se-om-oss] Saved 3/3: Mer av Östgöten i Svenska tidningar [kb-se-om-oss] Done. Total saved: 3 
kihasa-re-kr-news,,HEALTHY,3,0.9,,,"[kihasa-re-kr-news] Saved 1/3: 지역 인구 감소에 따른 보육 공백, 아동의 보육서비스 접근권 문제로 다뤄야 [kihasa-re-kr-news] Saved 2/3: 『보건복지포럼』7월호 발간 [kihasa-re-kr-news] Saved 3/3: 한국보건사회연구원_한양인구문제연구원 업무협약(MOU) 체결 [kihasa-re-kr-news] Done. Total saved: 3 "
klri-re-kr-kor,,HEALTHY,3,5.1,,,ri-re-kr-kor] saved 1/3: 제헌헌법 제정의 헌정사적 의의 - ‘우리들 대한국민’의 숙의를 통한 ‘헌법의 시간’ - [klri-re-kr-kor] saved 2/3: 제헌절 법교육 계기수업의 사례와 방법 [klri-re-kr-kor] saved 3/3: 추적가능성 데이터와 순환경제 법제의 전환: EU 디지털제품여권(DPP) 이후 재생원료 시장·Digital E [klri-re-kr-kor] Crawl complete. Total saved: 3 
krivet-re-kr-kor,,HEALTHY,3,0.6,,,3 [krivet-re-kr-kor] Saved 1/3: 여성 관리자의 직장만족도 변화 양상에 대한 잠재전이분석: 조직문화의 영향 [krivet-re-kr-kor] Saved 2/3: 직업상담사의 AI 활용 경험에 대한 질적 연구 [krivet-re-kr-kor] Saved 3/3: 과학기술분야 조직의 임파워링 리더십이 창의·혁신행동에 미치는 영향: 사회적 네트워크 및 지식공유의 매개효과와 [krivet-re-kr-kor] Done. Total saved: 3 
mem-gov-cn-fw,,HEALTHY,3,2.1,,,-gov-cn-fw] Total pages: 5 [mem-gov-cn-fw] page 0: saved 0/3 [mem-gov-cn-fw] Saved 1/3: 2026年7月第一批应急管理部行政许可事项办结情况公示 [mem-gov-cn-fw] Saved 2/3: 2026年6月第一批应急管理部行政许可事项办结情况公示 [mem-gov-cn-fw] Saved 3/3: 2026年5月应急管理部行政许可事项办结情况公示 [mem-gov-cn-fw] Done. Total saved: 3 
minedu-gov-gr-grafeio-typoy-kai-di,,HEALTHY,3,9.8,,,rafeio-typoy-kai-di] Saved 2/3: 03-08-26 Σοφία Ζαχαράκη από τη Ρούσσα Έβρου: «Μας ενώνει η Ε [minedu-gov-gr-grafeio-typoy-kai-di] Saved 3/3: 30-07-26 Το Πάντειο Πανεπιστήμιο αλλάζει με σχέδιο: Νέα παρέ [minedu-gov-gr-grafeio-typoy-kai-di] Done. Total saved: 3 
mofa-go-kr-www,,HEALTHY,3,2.6,,,[mofa-go-kr-www] Saved 1/3: 제9차 한-호주 전략대화(8.6.) 개최 결과 [mofa-go-kr-www] Saved 2/3: 2026년 제1차 한·중앙아시아 정상회의 준비위원회 제2차 회의 개최 [mofa-go-kr-www] Saved 3/3: 일본 2026년 방위백서에 대한 외교부 대변인 논평 [mofa-go-kr-www] Done. Total saved: 3 
mva-gov-cn-gongkai,,HEALTHY,3,9.2,,,[mva-gov-cn-gongkai] page 0: saved 0/3 [mva-gov-cn-gongkai] Done. Total saved: 3 
nemertes-library-upatras-gr-search,,HEALTHY,3,20.8,,,θμιση της ελληνικής εκδοχής της κλίμακας Parenting Stress Index [nemertes-library-upatras-gr-search] saved 3/3: Design of ultra-high-capacity optical networks employing space- and frequency-division mul [nemertes-library-upatras-gr-search] done. total saved=3 
niaaa-nih-gov-news-events,,HEALTHY,3,5.7,,,"/3: In Memoriam: Aaron M. White, Ph.D. [niaaa-nih-gov-news-events] saved 2/3: April is Alcohol Awareness Month [niaaa-nih-gov-news-events] saved 3/3: Sober-Curious Young Americans May Be Changing the Conversati [niaaa-nih-gov-news-events] done. total saved: 3 "
nimh-nih-gov-news,,HEALTHY,3,9.7,,,Tools for Measuring Mental Health Outcomes [nimh-nih-gov-news] Saved 2/3: How the Brain Creates New Memories While Maintaining Old One [nimh-nih-gov-news] Saved 3/3: Predictive Models Show Promise in Preventing Suicide [nimh-nih-gov-news] Done. Total saved: 3 
nps-or-kr-inforls,,HEALTHY,3,1.5,,,[nps-or-kr-inforls] page 1: saved 0/3 [nps-or-kr-inforls] Saved 1/3: 2026년 4월 기준 국민연금 통계 [nps-or-kr-inforls] Saved 2/3: 2026년 3월 기준 국민연금 통계 [nps-or-kr-inforls] Saved 3/3: 2026년 2월 기준 국민연금 통계 [nps-or-kr-inforls] Done. Total saved: 3 
openaccess-inaf-it,,INCONCLUSIVE,0,0.0,,,[openaccess-inaf-it] wall-clock budget nearly exhausted; exiting cleanly [openaccess-inaf-it] done. Total saved: 0 
pembina-org-media-releases,,HEALTHY,3,4.0,,,ected Ca [pembina-org-media-releases] Saved 2/3: New U.S. tariffs prove Canada needs a strong vehicle emissio [pembina-org-media-releases] Saved 3/3: New Pathways MOU relies on more taxpayer dollars for carbon [pembina-org-media-releases] Done. Total saved: 3 
presse-economie-gouv-fr,,HEALTHY,3,10.6,,,"://presse.economie.gouv.fr/situation-mensuelle-budgetaire-au-30-juin-2026/: abstract too short (0 chars), skipping [presse-economie-gouv-fr] Saved 3/3: NAR – Déplacement de David Amiel en Guyane du lundi 3 au mer [presse-economie-gouv-fr] Done. Total saved: 3 "
rdr-kuleuven-be-dataverse,,HEALTHY,3,11.9,,,
rigsrevisionen-dk-revisionssager,,HEALTHY,3,5.1,,,er] saved 2/3: Beretning om Forsvarsministeriets styring af facility management II [rigsrevisionen-dk-revisionssager] saved 3/3: Beretning om Transportministeriets styring af facility management i staten [rigsrevisionen-dk-revisionssager] Done. Total saved: 3 
science-libraries-canada-ca-eng,,HEALTHY,3,13.0,,,view/object/?id=fcb35bbb-67f5-47cc-9b22-c7b89f4d8ff7 [science-libraries-canada-ca-eng] skip (no/short abstract): https://nrc-publications.canada.ca/eng/view/object/?id=bc1259a5-bba1-4902-a316-6b01f43af6d3 [science-libraries-canada-ca-eng] done: saved 3 papers 
sintef-no-en,,HEALTHY,3,12.0,,,nd emission cuts: Can we reverse the climate clock? [sintef-no-en] Saved 2/3: Advancing Integrated Energy System Modelling: Research Gaps [sintef-no-en] Saved 3/3: Beregnet utslipp av lakselus som tilfredsstiller miljømålet [sintef-no-en] Done. Total saved: 3 
stats-govt-nz-indicators,,HEALTHY,3,21.0,,,cc419cb185a7a2ec8e9d2c [stats-govt-nz-indicators] saved 1/3: Transgender and non-binary [stats-govt-nz-indicators] saved 2/3: Rainbow/LGBTIQ plus [stats-govt-nz-indicators] saved 3/3: Institutional trust: police [stats-govt-nz-indicators] done. Total saved: 3 
ungeneva-org-en,,HEALTHY,3,7.8,,,es-sixty-second-regular-session-after [ungeneva-org-en] saved 2/3: senior-oversight-leaders-discuss-role-and-evolution-independent [ungeneva-org-en] saved 3/3: le-conseil-des-droits-de-lhomme-tiendra-sa-soixante-deuxieme [ungeneva-org-en] Done. Total saved: 3 
wodc-nl-documenten,,HEALTHY,2,54.9,,,[wodc-nl-documenten] saved 1/3: Over jaarverslagen en wetsevaluatie [wodc-nl-documenten] saved 2/3: Jaarverslag kinderrechters 1984 [wodc-nl-documenten] page 5: next page absent; done. [wodc-nl-documenten] Done. Total saved: 2 
afd-fr-fr,,HEALTHY,3,8.8,,,ment-de-cap]: Afrique du Sud : Vers un changement de cap ? [afd-fr-fr] Saved [panorama-semestriel-2026-2-economie-internationale-vous-avez-dit-resilience]: PANORAMA SEMESTRIEL 2026 #2 Économie internationale : Vous avez dit «R [afd-fr-fr] Done. Total saved: 3 
apra-gov-au-statistics,,HEALTHY,3,6.2,,,
auswaertiges-amt-de-en,,HEALTHY,3,5.3,,,"[auswaertiges-amt-de-en] saved 2/3: Alert to Countries, Companies, and Other Entities Regarding North Kore [auswaertiges-amt-de-en] saved 3/3: Interview with Foreign Minister Johann Wadephul in the print outlets o [auswaertiges-amt-de-en] Done. Total saved: 3 "
bmas-de-de,,HEALTHY,3,7.1,,,ed 1/3: Arbeitsmarkt zeigte sich im Jahr 2019 robust [bmas-de-de] saved 2/3: Arbeitsmarkt im September 2020 [bmas-de-de] saved 3/3: Bundeskabinett beschließt Sozialversicherungsrechengrößen 2016 [bmas-de-de] Fetching page 2 … [bmas-de-de] Done. Total saved: 3 
bmz-de-de,,HEALTHY,3,33.4,,,4 chars) [bmz-de-de] item 258402 skipped: abstract too short (0 chars) [bmz-de-de] item 246168 skipped: abstract too short (81 chars) [bmz-de-de] saved 3/3: 17. Entwicklungspolitischer Bericht der Bundesregierung (Kurzfassung) [bmz-de-de] done. Total saved: 3 
cac-gov-cn-hdfw,,HEALTHY,3,3.2,,,[cac-gov-cn-hdfw] Total records reported: 91 [cac-gov-cn-hdfw] Saved 1: 中央网信办举报中心上半年转交处置仿冒假冒网站759个 [cac-gov-cn-hdfw] Saved 2: 中央网信办举报中心开设“涉AI应用乱象举报专区” [cac-gov-cn-hdfw] Saved 3: 中央网信办举报中心公布网络举报指南 [cac-gov-cn-hdfw] Done. Total saved: 3 
cea-hal-science-cnrgh,,HEALTHY,3,1.4,,,hylation at the global [cea-hal-science-cnrgh] Saved 2/3: Contribution de l'épigénétique dans l'expression phénotypiqu [cea-hal-science-cnrgh] Saved 3/3: Genetic and functional evaluation of MITF as a candidate gen [cea-hal-science-cnrgh] Done. Total saved: 3 
cnes-fr-communiques,,HEALTHY,3,5.8,,,"nt rendez-vous au C’Space [cnes-fr-communiques] saved: Assises du NewSpace 2026 : plusieurs temps forts pour le CNES [cnes-fr-communiques] saved: Sirius Space opèrera depuis le Centre spatial guyanais, sur l’Ensemble [cnes-fr-communiques] Done. Total saved: 3 "
cstb-fr-communiques-de-press,,HEALTHY,3,7.2,,,"[cstb-fr-communiques-de-press] saved: Développer la réparation durable dans bâtiment [cstb-fr-communiques-de-press] saved: Transition énergétique du parc tertiaire [cstb-fr-communiques-de-press] saved: Direction Santé, Ambiances et Mobilités "
data-nist-gov-sdp,,HEALTHY,3,26.9,,," ""Intrinsic dimensionality of Hounsfield unit measurements: [data-nist-gov-sdp] Saved 2/3: SHREC'12 Track: Sketch-Based 3D Shape Retrieval [data-nist-gov-sdp] Saved 3/3: NIST SAMATE Software Assurance Reference Dataset [data-nist-gov-sdp] Done. Total saved: 3 "
dhs-gov-news-releases,,HEALTHY,3,2.0,,,"ets Border Patrol Agen [dhs-gov-news-releases] Saved 2/3: DEPORTED: DHS Deports More Criminal Illegal Aliens, Includin [dhs-gov-news-releases] Saved 3/3: WORST OF THE WORST: ICE Arrests Murderers, Pedophiles, Sexua [dhs-gov-news-releases] Done. Total saved: 3 "
drugsandalcohol-ie-cgi,,HEALTHY,3,4.8,,,(GRAI) annual repor [drugsandalcohol-ie-cgi] saved 2/3: Rapid Action Drug Alerts and Response (RADAR) quarterly repo [drugsandalcohol-ie-cgi] saved 3/3: The depiction of under 25s in alcohol and gambling ads onlin [drugsandalcohol-ie-cgi] Done. Total saved: 3 
edi-admin-ch-de,,HEALTHY,3,4.3,,,[edi-admin-ch-de] Saved 1/3: «Lex Netflix»: Investitionen in das Schweizer Filmschaffen s [edi-admin-ch-de] Saved 2/3: Tierseuchen früh erkennen: Was die Überwachung 2025 zeigt [edi-admin-ch-de] Saved 3/3: BAG-Bulletin [edi-admin-ch-de] Done. Total saved: 3 
en-moj-gov-cn-lawsandregulationsht,,HEALTHY,3,1.4,,,-lawsandregulationsht] saved 2/3: The Law of the People’s Republic of China on Foreign State Immunity [en-moj-gov-cn-lawsandregulationsht] saved 3/3: Foreign Trade Law of the People’s Republic of China [en-moj-gov-cn-lawsandregulationsht] Done. Total saved: 3 
enssib-hal-science-search,,HEALTHY,2,2.3,,,es expérimentations des outils OSC a [enssib-hal-science-search] Saved 2/3: Rapport de Prospection Thématique archéologique La porte des [enssib-hal-science-search] No more documents at page 1 (start=30). Done. [enssib-hal-science-search] Done. Total saved: 2 
fair-healthdata-be-search,,HEALTHY,3,6.0,,,oratoryTestResultMPX : resources [fair-healthdata-be-search] Saved 2/3: National Surveillance Healthcare Associated Infections: Deno [fair-healthdata-be-search] Saved 3/3: Creutzfeldt-Jakob disease surveillance [fair-healthdata-be-search] Done. Total saved: 3 
gb-go-kr-sub,,HEALTHY,3,2.6,,,[gb-go-kr-sub] page 1: saved 0/3 [gb-go-kr-sub] Saved 1/3: 2026년 2분기 경상북도 주민등록인구통계 [gb-go-kr-sub] Saved 2/3: 2026년 6월 경상북도 경기종합지수(2026년 4월 통계 기준) [gb-go-kr-sub] Saved 3/3: 2026년 5월 경상북도 주민등록인구(내국인) [gb-go-kr-sub] Done. Total saved: 3 
gov-wales-publications,,HEALTHY,3,10.1,,,"ations] saved 2/3: The Stopping Up of Highways (Hall Drive, North Cornelly, Bridgend) Order 202- [gov-wales-publications] saved 3/3: The A5 trunk road (Menai suspension bridge, Gwynedd and Anglesey) (temporary pro [gov-wales-publications] done. Total saved: 3 "
health-ni-gov-uk-publications,,HEALTHY,3,2.4,,,26 [health-ni-gov-uk-publications] Saved 2/3: Hospital statistics: inpatient and day case activity 2025/26 [health-ni-gov-uk-publications] Saved 3/3: Making Life Better - Key Indicators Progress Update 2026 [health-ni-gov-uk-publications] Done. Total saved: 3 
icn-hal-science-search,,HEALTHY,3,1.2,,,l Responses to Orga [icn-hal-science-search] Saved 2/3: Perceived influence structures of resilience capabilities in [icn-hal-science-search] Saved 3/3: The determinants of cleaner energy innovations of the world’ [icn-hal-science-search] Done. Total saved: 3 
incheon-go-kr-ic010205,,HEALTHY,3,2.6,,,"[incheon-go-kr-ic010205] saved 1/3: 청라호수도서관, 장애인 독서문화 프로그램 공모 2년 연속 선정 [incheon-go-kr-ic010205] saved 2/3: 인천시 정무부시장, 폭염 대비 현장 점검… 시민 안전 최우선 [incheon-go-kr-ic010205] saved 3/3: 인천시·고용노동부, 맨홀 질식사고 추방 공동선언 [incheon-go-kr-ic010205] Done. Total saved: 3 "
irb-usi-ch-publications,,HEALTHY,3,3.3,,,[irb-usi-ch-publications] done. Total saved: 3 
ivo-se-sok,,HEALTHY,3,10.1,,,[ivo-se-sok] list endpoint: https://www.ivo.se/sok/ AJAX JSON [ivo-se-sok] detail endpoint: publication HTML pages linked from search results [ivo-se-sok] page 1: saved 0/3 
kcg-go-kr-kcg,,HEALTHY,3,6.5,,,[kcg-go-kr-kcg] done: saved=3 
kihasa-re-kr-publish,,HEALTHY,3,1.0,,,[kihasa-re-kr-publish] Saved 1/3: 건강수명 추이 분석 및 정책과제 도출 연구 [kihasa-re-kr-publish] Saved 2/3: 2025년 희귀질환 실태조사 운영 [kihasa-re-kr-publish] Saved 3/3: 제5차 협동조합 기본계획 수립 용역 [kihasa-re-kr-publish] Done. Total saved: 3 
kma-go-kr-kma,,HEALTHY,3,2.2,,,"o-kr-kma] page 1: saved 0/3 [kma-go-kr-kma] Saved 1/3: 데이터로 읽어낸 날씨, 미래를 여는 아이디어가 되다 [kma-go-kr-kma] Saved 2/3: 위험기상 쫓는 미래 기상과학자 100인, 수도권 하늘 아래 모인다! [kma-go-kr-kma] Saved 3/3: 바람을 읽는 기술, 5년간의 한반도 바람을 1km 해상도, 10분 간격으로 재현하다 [kma-go-kr-kma] Done. Total saved: 3 "
kwdi-re-kr-plaza,,HEALTHY,3,4.5,,,"r-plaza] Saved 1/3: 유연한 근무환경, 여성의 경력유지에 기여. 유럽 주요국 비교와 국내 분석에서 ‘육아휴직 이후 유연근무’ [kwdi-re-kr-plaza] Saved 2/3: 「인구전략기본법」 전환 계기로, 인구정책에 성평등 원칙 반영해야 [kwdi-re-kr-plaza] Saved 3/3: HPV(사람유두종바이러스) 예방접종, 2030세대 건강권 관점에서 확대 논의 필요 [kwdi-re-kr-plaza] Done. Total saved: 3 "
mentalhealthcommission-ca-resources,,HEALTHY,3,41.8,,, [mentalhealthcommission-ca-resources] Saved 2/3: Unlocking the Potential: Integrated Mental Health in Primary Care [mentalhealthcommission-ca-resources] Saved 3/3: Suicide Prevention in the Workplace [mentalhealthcommission-ca-resources] Done. Total saved: 3 
ministeroturismo-gov-it-category,,HEALTHY,3,4.2,net:500,,steroturismo-gov-it-category] Saved 2/3: “Cammino di Francesco – Il Cammino della Luce”: lo spot isti [ministeroturismo-gov-it-category] Saved 3/3: Nasce “Il Cammino di Francesco – Il Cammino della Luce” [ministeroturismo-gov-it-category] Done. Total saved: 3 
mofe-go-kr-id,,HEALTHY,3,0.9,,,[mofe-go-kr-id] Saved 1/3: 한국장애인고용공단_개인정보 업무위탁 현황 [mofe-go-kr-id] Saved 2/3: 인천광역시 미추홀구_일자리지원센터 [mofe-go-kr-id] Saved 3/3: 전북특별자치도_임금별 근로여건만족도 사회조사 [mofe-go-kr-id] Done. Total saved: 3 
mwr-gov-cn-english,,HEALTHY,3,0.6,,,rmulation of flood mitigation planning [mwr-gov-cn-english] Saved 2/3: Specification for load design of hydraulic structures [mwr-gov-cn-english] Saved 3/3: Design specification for ground treatment of hydraulic struc [mwr-gov-cn-english] Done. Total saved: 3 
nersc-no-en,,HEALTHY,3,11.0,,,ed 2/3: Application and Evaluation of a Novel Python-Based Ensemble Data Assimilation Fr [nersc-no-en] item 10463945 skipped: abstract too short (0 chars) [nersc-no-en] saved 3/3: Ocean Decade Citizen Science Data Sharing Guideline [nersc-no-en] done. saved 3 
niams-nih-gov-newsroom,,HEALTHY,3,4.4,,,isease of excess bon [niams-nih-gov-newsroom] Saved 2/3: NIH-supported research survey to examine impact of COVID-19 [niams-nih-gov-newsroom] Saved 3/3: NIH-funded study to recruit thousands of participants to rev [niams-nih-gov-newsroom] Done. Total saved: 3 
nimhd-nih-gov-news-events,,HEALTHY,3,17.9,,,"s] listing p0: +1 new URLs [nimhd-nih-gov-news-events] listing page 1 (playwright)… [nimhd-nih-gov-news-events] page 1: 0 new URLs, stopping pagination [nimhd-nih-gov-news-events] total unique URLs collected: 14 [nimhd-nih-gov-news-events] done: saved 3 items "
nps-or-kr-pnsgdnc,,HEALTHY,3,1.4,,,"dnc] saved 1/3: [보도자료] 기초연금을 알기쉽게 인공지능 활용하여 홍보, 국민참여 콘텐츠 공모전 개최 [nps-or-kr-pnsgdnc] saved 2/3: [보도자료] 국민연금, 전북은행과 함께 미래세대 연금·금융 이해 돕는다 [nps-or-kr-pnsgdnc] saved 3/3: [보도자료] 국민연금공단, 실리콘밸리 대표 벤처캐피털과 투자협력에 관한 양해각서(MOU) 체결 [nps-or-kr-pnsgdnc] Done. Total saved: 3 "
openaire-eu-os-slovenia,,HEALTHY,3,20.4,net:empty response,,u-os-slovenia] saved 1/3: Slovenia: 1. Overview [openaire-eu-os-slovenia] saved 2/3: Slovenia: 2. Research Funding Organisations [openaire-eu-os-slovenia] saved 3/3: Slovenia: 3. Research Performing Organisations [openaire-eu-os-slovenia] done. Total saved: 3 
pergamos-lib-uoa-gr-search,,HEALTHY,3,3.1,,,α ελληνικά λαϊκά παραμύθια ως μέσο για τη διδακτική προ [pergamos-lib-uoa-gr-search] saved 3/3: Τεχνικές Μηχανικής Μάθησης για την Έρευνα της Ποιότητας των Υδάτων [pergamos-lib-uoa-gr-search] page 0: saved 3/3 [pergamos-lib-uoa-gr-search] done. Total saved: 3 
prism-go-kr-homepage,,HEALTHY,3,0.3,,,[prism-go-kr-homepage] page 0: saved 0/3 [prism-go-kr-homepage] 1/3: 국가예방접종 피해보상제도 개선을 위한 기초 연구 [prism-go-kr-homepage] 2/3: 국가예방접종 이상반응 능동감시 체계 마련 연구 [prism-go-kr-homepage] 3/3: 국립소록도병원 기능개선 및 발전방안 연구 [prism-go-kr-homepage] Done. Total saved: 3 
reglementation-controle-asnr-fr-information,,HEALTHY,3,15.0,,,"ion-controle-asnr-fr-information] saved 3/3: Rapport de l’ASN sur les évaluations complémentaires de sûreté (ECS) [reglementation-controle-asnr-fr-information] No next page after page 1, done. [reglementation-controle-asnr-fr-information] Done. Total saved: 3 "
rijksoverheid-nl-documenten,,HEALTHY,3,2.2,,,025) - Terms of Refere [rijksoverheid-nl-documenten] Saved 2/3: Algemeen Ambtsbericht Somalië (maart 2025) - algemeen-ambtsb [rijksoverheid-nl-documenten] Saved 3/3: Algemeen Ambtsbericht Somalië (maart 2025) [rijksoverheid-nl-documenten] Done. Total saved: 3 
scourt-go-kr-portal,,HEALTHY,3,0.7,,,"[scourt-go-kr-portal] Saved 1/3: 대법관후보추천위원회 개최 [scourt-go-kr-portal] Saved 2/3: 법원도서관, 2026 부산 세계도서관정보대회(WLIC) 참가 [scourt-go-kr-portal] Saved 3/3: 대법원 선고 2026도7265 정치자금법위반 등 사건에 관한 보도자료 [scourt-go-kr-portal] Done. Total saved: 3 "
siseministeerium-ee-otsing,,BROKEN,0,2.0,parse:parse error,,ministeerium-ee-otsing] JSON parse error on page 0: Expecting value: line 1 column 1 (char 0) [siseministeerium-ee-otsing] total available: 0 [siseministeerium-ee-otsing] page 0: empty response; end of results [siseministeerium-ee-otsing] Done. Total saved: 0 
stepi-re-kr-site,,HEALTHY,3,2.5,,,
unidata-gv-at-pages,,HEALTHY,3,5.1,,,[unidata-gv-at-pages] page 1: saved 0/3 [unidata-gv-at-pages] Done. Total saved: 3 
women-govt-nz-library,,HEALTHY,3,6.1,,,[women-govt-nz-library] page 0: saved 0/3 [women-govt-nz-library] crawl complete: 3 saved 
afp-gov-au-news-centre,,HEALTHY,3,1.9,,,ved next of ki [afp-gov-au-news-centre] saved 2/3: NSW man sentenced over online threats to federal parliamentarian [afp-gov-au-news-centre] saved 3/3: Sydney man charged after allegedly trafficking wife out of Australia [afp-gov-au-news-centre] done: saved 3 
arcep-fr-actualites,,HEALTHY,3,23.1,,, - édition 2026 (16 juillet 2026) [arcep-fr-actualites] Saved 2/3: L'Arcep et les marchés régulés (juillet 2026) [arcep-fr-actualites] Saved 3/3: La régulation de l'Arcep au service des territoires connectés - Editio [arcep-fr-actualites] Done. Total saved: 3 
avoindata-suomi-fi-data,,HEALTHY,3,4.1,,,[avoindata-suomi-fi-data] page 0: saved 3/3 [avoindata-suomi-fi-data] Done. 3 records saved. 
bmbfsfj-bund-de-bmbfsfj,,HEALTHY,3,7.6,,,bfsfj] saved 1/3: Michael Brand besucht Auschwitz-Birkenau [bmbfsfj-bund-de-bmbfsfj] saved 2/3: Ausbeutung bekämpfen und Betroffene schützen [bmbfsfj-bund-de-bmbfsfj] saved 3/3: Rechtsanspruch auf Ganztag startet [bmbfsfj-bund-de-bmbfsfj] Done. Total saved: 3 
bnf-fr-fr,,HEALTHY,3,7.6,,,"[bnf-fr-fr] page 1: saved 0/3 [bnf-fr-fr] Done: saved 3 records (limit=3, pages=2). "
cae-eco-fr-presse-cae-0,,HEALTHY,3,9.6,,,"mmuniqu [cae-eco-fr-presse-cae-0] item communique-de-presse-2024-2025-le-cae-fait-le-bilan abstract <50 chars, skipping. [cae-eco-fr-presse-cae-0] saved 3: Mesurer l'efficacité de l'assurance chômage | communiqué de [cae-eco-fr-presse-cae-0] page 0: saved 3/3 "
cedelft-eu-reports,,HEALTHY,3,7.5,,,maps [cedelft-eu-reports] Saved 1/3: ECMT study on transport pricing* [cedelft-eu-reports] Saved 2/3: The nuclear landscape* [cedelft-eu-reports] Saved 3/3: The ‘Prevention in Pursuit of Sustainable Business’ programm [cedelft-eu-reports] Done. Total saved: 3 
cnic-es-en,,HEALTHY,3,12.8,,,identify a protein essential for pr [cnic-es-en] Saved 2/3: Circulation: Largest genetic and MRI study carried out to date rules o [cnic-es-en] Saved 3/3: JACC: CardioOncology: Study questions the value of intensive cardiac s [cnic-es-en] Done. Total saved: 3 
culture-gouv-fr-espace-documentation,,HEALTHY,3,8.3,,,[culture-gouv-fr-espace-documentation] page 1: saved 0/3 
data-statistik-gv-at-web,,HEALTHY,3,9.6,,,[data-statistik-gv-at-web] Done. Total saved: 3 
dhs-gov-publication,,HEALTHY,3,48.2,,,"[dhs-gov-publication] Saved 1/3: FY 2025 List of Conferences Over $100,000 [dhs-gov-publication] Saved 2/3: FY 2025 Conference General Report [dhs-gov-publication] Saved 3/3: FY 2024 List of Conferences Over $100,000 [dhs-gov-publication] Done. Total saved: 3 "
dspace-emu-ee-search,,HEALTHY,3,6.9,,,"d treatment outcomes in horses examined at the eq [dspace-emu-ee-search] saved 3/3: Diagnosis, treatment and response in alpacas (Vicugna pacos) with mange managed by the Est [dspace-emu-ee-search] page 0: saved 3/3 [dspace-emu-ee-search] done. Total saved: 3 "
edoc-rki-de-handle,,HEALTHY,3,33.3,,,"1.21 skipped: abstract too short (0 chars) [edoc-rki-de-handle] item 1.22 skipped: abstract too short (0 chars) [edoc-rki-de-handle] saved 3/3: Hinweise zu Erkennung, Diagnostik und Therapie von Patienten mit COVID-19 [edoc-rki-de-handle] done. Total saved: 3 "
en-nhc-gov-cn-publicationshtml,,HEALTHY,3,2.5,,,ishes white paper on fight against COVID-19 (full [en-nhc-gov-cn-publicationshtml] Saved 3/3: Diagnosis and Treatment Protocol for COVID-19 (Trial Version [en-nhc-gov-cn-publicationshtml] page 1: saved 3/3 [en-nhc-gov-cn-publicationshtml] Done. Total saved: 3 
environment-govt-nz-acts-and-regulations,,HEALTHY,3,94.9,,,lations] Saved 2/3: Call for the Provision of Data (Production of Clay Bricks an [environment-govt-nz-acts-and-regulations] Saved 3/3: Call for the Provision of Data (Production of Gelatine) Noti [environment-govt-nz-acts-and-regulations] Done. Total saved: 3 
federalregister-gov-documents,,HEALTHY,3,1.1,,, To Fund Fundacion M [federalregister-gov-documents] Skipping 2026-15787: abstract too short (0 chars) [federalregister-gov-documents] Saved 3/3: Healthcare Advisory Committee (HAC); Announcement of the HAC [federalregister-gov-documents] Done. Total saved: 3 
gcsp-ch-publications,,HEALTHY,3,4.5,,,ilitary Domain: Multilateralism at a Crossroad [gcsp-ch-publications] Saved 2/3: The Oil Market Is Much More Vulnerable Than Trump Believes [gcsp-ch-publications] Saved 3/3: How to Win the Defense Innovation Contest [gcsp-ch-publications] Done. Total saved: 3 
government-se-publications,,HEALTHY,3,51.2,block:forbidden,,"//www.government.se/articles/2025/03/preventive-accessible-and-knowledge-based-social-services/: 403_forbidden [government-se-publications] saved 3/3: Preventive, accessible and knowledge-based social services [government-se-publications] done. Total saved: 3 "
hec-edu-en,,HEALTHY,3,13.3,parse:view_dom_id,,US companies dominate the 2025 HEC Paris – DowJones Grow [hec-edu-en] Saved 2/3: Sanofi and HEC Paris Launch the Sanofi MBA Life Sciences Sch [hec-edu-en] Saved 3/3: Parent CEOs More Likely to Accept Lower Pay Following Media [hec-edu-en] Done. Total saved: 3 
icp-fr-a-propos-de-licp,,HEALTHY,3,4.4,,,[icp-fr-a-propos-de-licp] crawl complete: 3 saved 
indicators-be-nl,,HEALTHY,3,9.0,,,ators-be-nl] page 1: saved 0/3 [indicators-be-nl] saved 1/3: Risico op armoede of sociale uitsluiting (i01) [indicators-be-nl] saved 2/3: Kinderarmoede (i02) [indicators-be-nl] saved 3/3: Zeer lage werkintensiteit (i03) [indicators-be-nl] Done. Total saved: 3 
ird-hal-science-search,,HEALTHY,3,3.9,,,"lection CATI-CITISES [ird-hal-science-search] Saved 2/3: Dette sénégalaise : Sortir de l’impasse par la crédibilité, [ird-hal-science-search] Saved 3/3: Senegal’s Debt: Breaking the Deadlock Through Credibility, L [ird-hal-science-search] Done. Total saved: 3 "
jeju-go-kr-news,,HEALTHY,3,2.8,,,
kdca-go-kr-kdca,,HEALTHY,3,1.9,,,"dca] Saved 1/3: (관계부처합동)온열질환 사망자 10명 중 6명 초고령층 80세 이상 집중 보호 추진(8.6.목) [kdca-go-kr-kdca] Saved 2/3: [8.5.석간] 뇌졸중 초기 ‘3번의 교육’이 삶을 바꾼다 우울감 낮추고 삶의 질, 직장 복귀율 높여 [kdca-go-kr-kdca] Saved 3/3: 내 증상을 말해요! 읽기 쉬운 온열질환 예방과 대처(8.4.화) [kdca-go-kr-kdca] Done. Total saved: 3 "
kinfa-or-kr-notificationpromotio,,HEALTHY,3,2.1,,,"nfa-or-kr-notificationpromotio] Saved 2/3: 동아일보 '26.7.27일 「[단독] 취약층 10만명 대출 미소금융, 장기 연체 구제대상서 빠져」에 대한 설 [kinfa-or-kr-notificationpromotio] Saved 3/3: [사람 살리는 금융] 더 이상 불법사금융에 내몰리지 않도록 '사람 살리는 금융'이 지키겠습니다. [kinfa-or-kr-notificationpromotio] Done. Total saved: 3 "
kmcc-go-kr-userdo,,HEALTHY,3,4.5,,,"[kmcc-go-kr-userdo] Saved 1/3: 방송영상 데이터 117만 건, 국민에 개방 [kmcc-go-kr-userdo] Saved 2/3: “‘2026 방송대상’ 국민심사단 지원하세요“ [kmcc-go-kr-userdo] Saved 3/3: 지역방송에도 인공지능 기술 입힌다 [kmcc-go-kr-userdo] Done. Total saved: 3 "
kwdi-re-kr-publications,,HEALTHY,3,4.3,,,92-0825 (Online)｜ISSN 3092-0809 (P [kwdi-re-kr-publications] Saved 2/3: [2026년 봄호 제80호] 기획특집1: 날씬함이라는 성취 - 한국의 성별화된 약물 오남용과 성인지적 정책 [kwdi-re-kr-publications] Saved 3/3: [2026년 봄호 제80호] 기획특집2: 임신중지의 보건의료체계 내 통합 방안 [kwdi-re-kr-publications] Done. Total saved: 3 
meri-belspo-be-site,,HEALTHY,3,10.4,,,ders [meri-belspo-be-site] item 2: extracting abstract from RS_11 EN.pdf [meri-belspo-be-site] item 2: PDF abstract 170 chars [meri-belspo-be-site] saved 3: No. 11: Collective research centres: a study on R&D and tech [meri-belspo-be-site] Done: 3 items saved 
ministryofjustice-gr,,HEALTHY,3,8.3,,,η [ministryofjustice-gr] saved 2/3: Οι νέες ρυθμίσεις κατά του trafficking παρουσιάστηκαν στο Υπουργικό Συμβούλιο απ [ministryofjustice-gr] saved 3/3: Απελευθέρωση για χιλιάδες ακίνητα με κτηματολογική διαμεσολάβηση [ministryofjustice-gr] done. Total saved: 3 
mogef-go-kr-nw,,HEALTHY,3,6.6,,,[mogef-go-kr-nw] Done. Total saved: 3 
mwr-gov-cn-zwgk,,HEALTHY,3,1.7,,,[mwr-gov-cn-zwgk] crawl complete: saved 3/3 
nesc-ie-publications,,HEALTHY,3,5.9,,,al Cohesion: Report of the Young Adult Workshop [nesc-ie-publications] Saved 2/3: Social Cohesion: European Case Studies [nesc-ie-publications] Saved 3/3: Artificial Intelligence in Service of Society: Navigating Ou [nesc-ie-publications] Done. Total saved: 3 
nibib-nih-gov-news-events,,HEALTHY,3,5.7,block:challenge,,-long challenge to develo [nibib-nih-gov-news-events] Saved 2/3: NIH prize challenge recognizes undergraduate biomedical engi [nibib-nih-gov-news-events] Saved 3/3: Home Test to Treat program extends nationwide [nibib-nih-gov-news-events] Done. Total saved: 3 
nin-nl-publications,,HEALTHY,3,4.3,,,le sclerosis pathophysiology [nin-nl-publications] Saved 2/3: Selective GPR17 antagonism enhances structural and functiona [nin-nl-publications] Saved 3/3: Advancing Cerebro-cerebellar Network Imaging with Ultra-high [nin-nl-publications] Done. Total saved: 3 
nrc-re-kr-boardes,,HEALTHY,3,3.9,,,ping. [nrc-re-kr-boardes] Saved 1/3: [NRC 보도자료] NRC 국가미래전략연구위 자문위원회 제1차 전체회의 개최 [nrc-re-kr-boardes] Saved 2/3: [NRC 보도자료] NRC – 개인정보위 공동「찾아가는 가명정보 활용 현장 간담회」개최 [nrc-re-kr-boardes] Saved 3/3: [NRC 보도자료] 민생회복 소비쿠폰 세미나 개최 [nrc-re-kr-boardes] Done. Total saved: 3 
opendata-centralbank-ie-dataset,,HEALTHY,3,6.9,,,[opendata-centralbank-ie-dataset] Done: saved 3 documents. 
phfscience-nz-news-publications,,HEALTHY,3,1.0,,,"[phfscience-nz-news-publications] Total records: 41, pages: 1 [phfscience-nz-news-publications] Reached last Algolia page (0), stopping. [phfscience-nz-news-publications] Crawl complete: saved 3/3 records. "
psi-ch-en,,HEALTHY,3,6.5,,,[psi-ch-en] Saved 1/3: Neutrons don’t disappear into the mirror world [psi-ch-en] Saved 2/3: Combating cancer growth [psi-ch-en] Saved 3/3: Fertiliser from the neighbourhood [psi-ch-en] Done. Total saved: 3 
regulation-govt-nz-about-us,,HEALTHY,3,5.4,,, Cabinet paper EXP 24 SUB 0061 Improving Regulatory Policy Ma [regulation-govt-nz-about-us] Saved 2/3: MFR2024 021 Weekly Report 3 May [regulation-govt-nz-about-us] Saved 3/3: MFR2024 030 Weekly Report 10 May [regulation-govt-nz-about-us] Done. Total saved: 3 
ris-bka-gv-at-ergebniswxe,,HEALTHY,3,8.9,,,[ris-bka-gv-at-ergebniswxe] Done. Total saved: 3 
scp-nl-publicaties,,HEALTHY,3,6.0,,,ed 1/3: Op zoek naar verbinding: perspectieven op het combineren van betaald w [scp-nl-publicaties] saved 2/3: Burgerperspectieven 2026 Bericht 2 De stemming [scp-nl-publicaties] saved 3/3: Klimaat en Samenleving 2026 [scp-nl-publicaties] Done. Total saved: 3 
skillsdevelopmentscotland-co-uk-publications-statist,,HEALTHY,3,2.6,,,omen in STEM Report update': abstract too short (0 chars) [skillsdevelopmentscotland-co-uk-publications-statist] skip 'Detailed strategy map': abstract too short (62 chars) [skillsdevelopmentscotland-co-uk-publications-statist] crawl complete: saved 3 records 
swisspeace-ch-publications,,HEALTHY,3,5.7,,,"peace-ch-publications] saved 2/3: Regulating Housing, Land, and Property Rights in Transitional Syria: Addressing the Legacy [swisspeace-ch-publications] saved 3/3: Enhancing Mediation: Lessons from Mozambique [swisspeace-ch-publications] done. Total saved: 3 "
unikorea-go-kr-web,,HEALTHY,3,6.6,,,[unikorea-go-kr-web] Saved 1/3: 2026년 7월 뉴스레터 [unikorea-go-kr-web] Saved 2/3: 2026년 6월 뉴스레터 [unikorea-go-kr-web] Saved 3/3: 2026년 5월 뉴스레터 [unikorea-go-kr-web] Done. Total saved: 3 
wti-org-research,,HEALTHY,3,5.4,,, technical non-tariff measures: evidence [wti-org-research] Saved 2/3: Trade agreements and the design of democracy-related provisions (TRADE [wti-org-research] Saved 3/3: Market Access Uncertainty and Trade in Services [wti-org-research] Done. Total saved: 3 
afp-gov-au-search,,HEALTHY,1,9.2,,,[afp-gov-au-search] page 0: saved 0/3 [afp-gov-au-search] saved 1/3: Espionage and foreign interference [afp-gov-au-search] page 1: no results. Done. [afp-gov-au-search] Done. Total saved: 1 
archives-nationales-culture-gouv-fr-presse,,HEALTHY,3,9.8,,,"sse] Saved 2/3: Communiqué de presse "" A votre santé ! Un siècle de campagne [archives-nationales-culture-gouv-fr-presse] Saved 3/3: Communiqué de presse "" Paris Match confie aux Archives natio [archives-nationales-culture-gouv-fr-presse] Done. Total saved: 3 "
babraham-ac-uk-news,,HEALTHY,3,7.5,,,[babraham-ac-uk-news] page 0: saved 0/3 [babraham-ac-uk-news] crawl complete: saved 3 items across 1 pages 
bmds-bund-de-aktuelles,,HEALTHY,3,10.7,,,1/3: Agentic AI Hub: Start der 2. Bewerbungsrunde [bmds-bund-de-aktuelles] Saved 2/3: Neues KI-Gesetz tritt in Kraft [bmds-bund-de-aktuelles] Saved 3/3: Offene Daten stärken: Start für einen neuen strategischen Ra [bmds-bund-de-aktuelles] Done. Total saved: 3 
bok-or-kr-portal,,HEALTHY,3,1.0,,,[bok-or-kr-portal] Saved 1/3: 2026년 6월 국제수지(잠정) [bok-or-kr-portal] Saved 2/3: 2026년 7월말 외환보유액 [bok-or-kr-portal] Saved 3/3: 금융통화위원회 의사록(2026년 제13차)(2026.7.16) [bok-or-kr-portal] Done. Total saved: 3 
caissedesdepots-fr-communiques-de-press,,HEALTHY,3,2.1,,,-de-press] Saved 2/3: Epargne réglementée : collecte mensuelle en juin 2026 du Liv [caissedesdepots-fr-communiques-de-press] Saved 3/3: Mon compte formation : Le Ministère du travail renouvelle sa [caissedesdepots-fr-communiques-de-press] Done. Total saved: 3 
centralbank-ie-publication,,HEALTHY,3,2.5,,,025-202 [centralbank-ie-publication] saved 2/3: Annual Report 2024 and Annual Performance Statement 2024-202 [centralbank-ie-publication] saved 3/3: Annual Report 2023 and Annual Performance Statement 2023-202 [centralbank-ie-publication] Done. Total saved: 3 
cnipa-gov-cn-col,,HEALTHY,3,4.9,,,[cnipa-gov-cn-col] Total pages: 3 (cap: 200) [cnipa-gov-cn-col] Saved 1: 2026年6月各省（区、市）专利侵权纠纷行政裁决案件数据统计 [cnipa-gov-cn-col] Saved 2: 2026年5月各省（区、市）专利侵权纠纷行政裁决案件数据统计 [cnipa-gov-cn-col] Saved 3: 2026年4月各省（区、市）专利侵权纠纷行政裁决案件数据统计 [cnipa-gov-cn-col] Done. saved=3 
cwf-ca-publications,,HEALTHY,3,4.9,,, largely spar [cwf-ca-publications] saved 2/3: Increasing Safety Performance in the Construction Industry Through Active Compet [cwf-ca-publications] saved 3/3: From Forests to Housing: Modern methods of construction [cwf-ca-publications] done. Total saved: 3 
data-taltech-ee-search,,HEALTHY,3,2.9,,,"onal Cyber Resilience in the Age of AI [data-taltech-ee-search] saved 2/3: Calculation Files for the Master's Thesis [data-taltech-ee-search] saved 3/3: Human natural information system : What goes on inside the "" [data-taltech-ee-search] Done. Total saved: 3 "
dia-govt-nz-diawebsitensf,,HEALTHY,3,3.5,,, Report - Pūrongo ā-Tau [dia-govt-nz-diawebsitensf] Saved 2/3: 2023/2024 Internal Affairs Annual Report - Pūrongo ā-Tau [dia-govt-nz-diawebsitensf] Saved 3/3: Pūrongo ā-Tau - Internal Affairs Annual Report 2023 [dia-govt-nz-diawebsitensf] Done. Total saved: 3 
dspace-ut-ee-search,,HEALTHY,3,20.8,,,t im baltischen Jahrbuch „Heimatstimmen“ (1904-1912) [dspace-ut-ee-search] saved 3/3: Über Frieden mitdenken und mitsprechen können: Unterrichtsmaterialien für das kulturbezoge [dspace-ut-ee-search] page 0: saved 3/3 [dspace-ut-ee-search] done. Total saved: 3 
educacionfpydeportes-gob-es-prensahtml,,HEALTHY,3,22.5,,,[educacionfpydeportes-gob-es-prensahtml] list: 2190 articles found [educacionfpydeportes-gob-es-prensahtml] done: saved 3 documents 
en-nim-ac-cn-taxonomy,,HEALTHY,3,2.2,,,[en-nim-ac-cn-taxonomy] page 0: saved 3/3 
environment-govt-nz-publications,,HEALTHY,3,40.2,,,[environment-govt-nz-publications] Querying CDX API for publication URLs… [environment-govt-nz-publications] CDX: 1996 unique publication URLs [environment-govt-nz-publications] Done. Saved 3 publications. 
fhi-no-en,,HEALTHY,3,2.9,,,tching: 259 [fhi-no-en] saved 1/3: Cancer in Norway 2025 [fhi-no-en] saved 2/3: Centre for Fertility and Health - Annual Report 2025 [fhi-no-en] saved 3/3: Epidemiological modelling and health economic evaluation of vaccinatio [fhi-no-en] done. total saved: 3 
genome-gov-about-nhgri,,HEALTHY,3,12.6,,,gri] Saved 2/3: NHGRI FY 2024 Justification of Estimates for Congressional Appropriations Commit [genome-gov-about-nhgri] Saved 3/3: NHGRI FY 2023 Justification of Estimates for Congressional Appropriations Commit [genome-gov-about-nhgri] Done. Total saved: 3 
graduateinstitute-ch-library,,HEALTHY,3,22.7,,,"/3: ""Humanity washed ashore"": can migrants and refugees constitute a collective civi [graduateinstitute-ch-library] saved 3/3: ""More"" or ""better"" institutionalization? lessons from Latin American institution [graduateinstitute-ch-library] Done. Total saved: 3 "
hec-hal-science-search,,HEALTHY,3,4.8,,,e Role of Existin [hec-hal-science-search] saved 2/3: Essays in Private Markets / Essais sur les marchés privés [hec-hal-science-search] saved 3/3: Howard Becker à Cerisy ou les mondes de l’art comme façon de voir [hec-hal-science-search] done. total saved: 3 
icp-hal-science-search,,HEALTHY,3,1.9,,,2056514: abstract too short (0 chars) [icp-hal-science-search] Saved 2/3: La triple malédiction dynastique française au dix-neuvième s [icp-hal-science-search] Saved 3/3: Le général Espinasse. Notice biographique. [icp-hal-science-search] Done. Total saved: 3 
ineris-hal-science-search,,HEALTHY,3,1.3,,,to the rec [ineris-hal-science-search] Saved 2/3: Self-diffusiophoresis of Janus particles in near-critical mi [ineris-hal-science-search] Saved 3/3: Assessment of four calculation methods proposed by the EC fo [ineris-hal-science-search] Done. Total saved: 3 
iris-unitn-it,,HEALTHY,3,4.3,,, 1/3: Dallo status di cittadino ai diritti di cittadinanza [iris-unitn-it] saved 2/3: Conversational Agent for Health Coaching [iris-unitn-it] saved 3/3: 3D Digital Models for a Widespread Museum: The Renon's “Bauernhöfe” [iris-unitn-it] done. Total saved: 3 
jgi-doe-gov-user-science,,HEALTHY,3,2.1,,,oe-gov-user-science] saved 2/3: A Single Genomic Region Controls Primocane Fruiting in Tetraploid Blac [jgi-doe-gov-user-science] saved 3/3: Methane-fed microbial communities enriched from field-grown rice suppo [jgi-doe-gov-user-science] Done. Total saved: 3 
kedi-re-kr-khome,,HEALTHY,3,5.8,,,[kedi-re-kr-khome] saved 1/3: 국립대학법인 평가체제 전환에 따른 서울대학교 임팩트 평가 모델 개발 연구(CRR2026-08) [kedi-re-kr-khome] saved 2/3: 학교복합시설 정책 중장기 발전 방안 연구(CRR2026-06) [kedi-re-kr-khome] saved 3/3: 학교복합시설 규모 산정 방안 연구(CRR2026-05) [kedi-re-kr-khome] done. total saved: 3 
kinu-or-kr-main,,HEALTHY,3,3.6,,,[kinu-or-kr-main] crawl complete: saved 3 items across 1 pages. 
kmi-re-kr-web,,HEALTHY,3,3.5,,,"[kmi-re-kr-web] saved 1/3: 한국해양수산개발원, 수산기자재산업법 시행 앞두고 국회토론회 개최 [kmi-re-kr-web] saved 2/3: 한국해양수산개발원, 국제항만협회와 ‘국제 항만 포럼’ 개최 [kmi-re-kr-web] saved 3/3: 한국해양수산개발원-인천대학교, 국가균형성장을 위한 수도권 해양수산 협력 맞손 [kmi-re-kr-web] done. total saved: 3 "
lavoro-gov-it-stampa-e-media,,HEALTHY,3,8.1,,,"lavoro-gov-it-stampa-e-media] Saved 2: Protocollo d’intesa tra il Ministero e CSVnet ETS per promuovere citt [lavoro-gov-it-stampa-e-media] Saved 3: Scritte contro Meloni a Bologna, Calderone: ""Sono indegne"" [lavoro-gov-it-stampa-e-media] Done. Total saved: 3 "
meteofrance-fr-actualite,,HEALTHY,3,3.2,,, saved 2/3: Juin 2026 : le mois de juin le plus chaud jamais enregistré avec une canicule hi [meteofrance-fr-actualite] saved 3/3: Mai 2026 : épisode de forte chaleur précoce et inédit après une succession de pe [meteofrance-fr-actualite] done. Total saved: 3 
minrel-gob-cl-minrel,,HEALTHY,3,2.9,,,l-gob-cl-minrel] saved 2/3: Ministro Pérez Mackenna visita consulado de Chile en Sao Paulo [minrel-gob-cl-minrel] saved 3/3: Canciller realiza saludo protocolar al gobernador y al alcalde de São Paulo en su visita a [minrel-gob-cl-minrel] done. Total saved: 3 
moh-gov-gr-articles,,HEALTHY,3,10.8,,,": «Το είπαμε, το κάναμε»: Μόνιμη εθνική πολιτική το πρόγραμμα «ΠΡΟΛΑΜΒΑΝΩ» έως το 2030 με κά [moh-gov-gr-articles] saved 3/3: Συνάντηση της πολιτικής ηγεσίας του Υπουργείου Υγείας με τη διοίκηση του ΕΚΠΑ για το Γ.Ν.Α [moh-gov-gr-articles] done. Total saved: 3 "
naacc-go-kr-web,,HEALTHY,3,0.9,,,"[naacc-go-kr-web] Total pages: 34 [naacc-go-kr-web] saved 1/3: 행복도시이야기 221호 [naacc-go-kr-web] saved 2/3: 행복도시이야기 230호 [naacc-go-kr-web] saved 3/3: 국민이 만든 대전환의 길-회복과 도약, 모두의 1년 ""국민주권정부 123대 국정과제 추진실적"" [naacc-go-kr-web] Done. Total saved: 3 "
netl-doe-gov-energy-analysis,,HEALTHY,3,11.1,,,"on [netl-doe-gov-energy-analysis] saved 2/3: Detection Thresholds and Sensitivities of Geophysical Techni [netl-doe-gov-energy-analysis] saved 3/3: Deterministic Calibration of MFiX-PIC, Part 1: Settling Bed [netl-doe-gov-energy-analysis] Done. Total saved: 3 "
nibio-no-en,,HEALTHY,3,3.8,,,"or 'Joint rootstock trials by the EUFRIN working group', skipping. [nibio-no-en] Short abstract (0) for 'Clover seed bee protection protocol: How to contro', skipping. [nibio-no-en] Saved 3/3: Moss as an environmental factor [nibio-no-en] Done. Total saved: 3 "
nina-no-english,,HEALTHY,3,2.2,,,laksebestandene i Driva og Drammenselva. T [nina-no-english] saved 2/3: Kartlegging av biomangfold med fokus på predatorer og paras [nina-no-english] saved 3/3: Fiskebiologiske undersøkelser i Orklavassdraget. Årsrapport [nina-no-english] done. total saved: 3 
nrscotland-gov-uk-publications,,HEALTHY,3,3.9,,,"ed 1/3: Deaths registered weekly in Scotland [nrscotland-gov-uk-publications] saved 2/3: Monthly mortality analysis, Scotland [nrscotland-gov-uk-publications] saved 3/3: Households and Dwellings in Scotland, 2025 [nrscotland-gov-uk-publications] done. saved=3 "
opendata-dk-search,,HEALTHY,3,2.8,,,hars) [opendata-dk-search] Saved 1/3: Referater fra Open Data DK bestyrelsesmøder [opendata-dk-search] Saved 2/3: Open Data DK generalforsamling 2024 [opendata-dk-search] Saved 3/3: Open Data DK generalforsamling 2025 [opendata-dk-search] Done. Total saved: 3 
plan-be-nl,,HEALTHY,3,17.7,,,[plan-be-nl] sitemap page 3: 247 NL publication URLs [plan-be-nl] Total sitemap URLs: 1478 [plan-be-nl] skipping https://www.plan.be/nl/publicaties/de-sdgs-tegen-2030-realiseren-de-tijd-dringt: abstract too short (0 chars) [plan-be-nl] Done: saved 3 documents 
ptb-de-cms,,HEALTHY,3,11.2,,,
repo-lib-duth-gr-jspui,,HEALTHY,3,6.9,,,"άλματος βραχυκύκλωσ [repo-lib-duth-gr-jspui] saved 2/3: Βιοχημική διερεύνηση των αντιοξειδωτικών, αντιφλεγμονωδών κα [repo-lib-duth-gr-jspui] saved 3/3: Βιοχημική διερεύνηση των αντιοξειδωτικών αντι-φλεγμονωδών κα [repo-lib-duth-gr-jspui] Done. Total saved: 3 "
rki-de-de,,HEALTHY,3,12.8,,,ved 1/3: Behinderung und gesell­schaft­liche Teil­habe sind Leit­them [rki-de-de] Saved 2/3: Adipositas und Über­gewicht im Vor­schul­alter: Daten aus Sc [rki-de-de] Saved 3/3: Neuer Wochenbericht zur Hitzemortalität [rki-de-de] Crawl complete. Total saved: 3 
search-nal-usda-gov-discovery,,HEALTHY,3,2.4,,,overy] Skipping 'Sustainable agriculture in print current books : r': abstract too short (0 chars) [search-nal-usda-gov-discovery] Saved 3/3: TheLion-tailed macaque (macaca silenus): an indexed bibliogr [search-nal-usda-gov-discovery] Finished. Total saved: 3 
skm-dk-aktuelt,,HEALTHY,3,12.0,,,t nyt it-system i Skatteforvaltningen letter momsbetal [skm-dk-aktuelt] saved 2/3: Indtægterne fra selskabsskatten er på højeste niveau i [skm-dk-aktuelt] saved 3/3: Ny aftale sikrer skatte- og afgiftslempelser for 220 mi [skm-dk-aktuelt] Done. Total saved: 3 
swisspolar-ch-expeditions,,HEALTHY,3,10.2,,,[swisspolar-ch-expeditions] page 1: saved 0/3 [swisspolar-ch-expeditions] done: saved 3 
usgs-gov-news,,HEALTHY,3,21.8,,,
www2-mrc-lmb-cam-ac-uk-research,,HEALTHY,3,6.9,,,
africamuseum-be-en,,HEALTHY,3,13.0,,,[africamuseum-be-en] page 0: saved 0/3 [africamuseum-be-en] done: saved 3 items. 
arcnl-nl-publications,,HEALTHY,3,8.0,,,kinetics from a two-level atomic model [arcnl-nl-publications] Saved 2/3: Electronic and Optical Response of Zirconium Diboride with I [arcnl-nl-publications] Saved 3/3: Strain engineering of 2D KIB anode materials [arcnl-nl-publications] Done. Total saved: 3 
bam-de-navigation,,HEALTHY,3,21.7,,,[bam-de-navigation] page 1: saved 0/3 [bam-de-navigation] crawl complete: 3 saved 
bmf-gv-at-ministerium,,HEALTHY,3,7.4,,,nanzbildungsstrategie/downloads.html [bmf-gv-at-ministerium] Found 36 file links on page [bmf-gv-at-ministerium] page 1: saved 1/3 [bmf-gv-at-ministerium] page 1: saved 2/3 [bmf-gv-at-ministerium] page 1: saved 3/3 [bmf-gv-at-ministerium] Done. Total saved: 3 
book-ioj-go-kr-library,,HEALTHY,3,0.7,,,] page 1: saved 0/3 [book-ioj-go-kr-library] saved 1/3: 2025 범죄백서 [book-ioj-go-kr-library] saved 2/3: 검사의 민사법상 공익대표 직무관련 외국 법무·검찰 조직운영 및 교육현황 비교 연구 [book-ioj-go-kr-library] saved 3/3: 미국의 가상자산 시장 규제 및 이용자 보호 방안 연구 [book-ioj-go-kr-library] Done. Total saved: 3 
caitec-org-cn-n6,,HEALTHY,3,2.3,,,[caitec-org-cn-n6] skipping (abstract <50 chars): “人工智能+零售业”创新发展报告 [caitec-org-cn-n6] crawl complete: saved=3 
centralesupelec-fr-presse,,HEALTHY,3,11.4,,,8 nouvelle [centralesupelec-fr-presse] Saved 2/3: CentraleSupélec signe un accord de partenariat avec le Group [centralesupelec-fr-presse] Saved 3/3: Égalité femmes-hommes dans les grandes écoles : les écoles d [centralesupelec-fr-presse] Done. Total saved: 3 
college-de-france-fr-en,,HEALTHY,3,19.5,,, Science Festival 2026 [college-de-france-fr-en] saved 2/3: Prehistory : between utopia and reality [college-de-france-fr-en] saved 3/3: Major sponsorship campaign for the fifth centenary of the Collège de France [college-de-france-fr-en] done. Total saved: 3 
daejeon-go-kr-drh,,HEALTHY,3,3.8,,,"[daejeon-go-kr-drh] page 1: saved 0/3 [daejeon-go-kr-drh] item 1519303111 abstract too short (90 chars), skipping [daejeon-go-kr-drh] Done. Total saved: 3 "
datacatalogue-adruk-org-browser,,HEALTHY,3,8.5,,,catalogue-adruk-org-browser] saved 2/3: Aberdeen Maternity and Neonatal Databank (AMND) [datacatalogue-adruk-org-browser] saved 3/3: Achievement of Curriculum for Excellence Levels linkage data - Scotland [datacatalogue-adruk-org-browser] done. Total saved: 3 
didaktorika-gr-eadd,,HEALTHY,3,8.7,,,[didaktorika-gr-eadd] page 0: saved 0/3 
dst-dk-da,,HEALTHY,3,9.3,,,[dst-dk-da] page 1: saved 0/3 [dst-dk-da] saved 1/3: Årsrapport 2025 [dst-dk-da] saved 2/3: Statistikprogram 2026 [dst-dk-da] saved 3/3: Arbejdsplan 2026 [dst-dk-da] Done. Total saved: 3 
education-govt-nz-our-work,,HEALTHY,3,4.7,,,
enac-hal-science-search,,HEALTHY,3,5.5,,,ac-hal-science-search] Saved 2/3: Analyse descriptive des indicateurs de complexité du trafic aérien à p [enac-hal-science-search] Saved 3/3: Réseaux de neurones appliqués aux indicateurs de complexité et aux reg [enac-hal-science-search] Done. Total saved: 3 
environment-govt-nz-what-you-can-do,,HEALTHY,3,3.6,,,
fi-se-en,,HEALTHY,3,8.4,,,"/3: Report: Prioritised risks related to money laundering, terro [fi-se-en] saved 2/3: Home insurance is expected to become more expensive [fi-se-en] saved 3/3: Remuneration and conflicts of interest in Swedish insurance [fi-se-en] done: saved 3 records total "
geoportal-statistics-gov-uk-search,,HEALTHY,3,9.8,,,"[geoportal-statistics-gov-uk-search] item 43866908091247f7921b6c4668af80f2: abstract too short (0 chars), skipping. [geoportal-statistics-gov-uk-search] Done. Saved 3 items. "
gri-re-kr-web,,HEALTHY,3,1.1,,,[gri-re-kr-web] Saved 1/3: 경기도의회 상임위원회 개편 방안 연구 [gri-re-kr-web] Saved 2/3: 미중 패권 경쟁시대 한국 및 경기도 산업성장 전략 [gri-re-kr-web] Saved 3/3: 경기도 생활권 폭염 취약지역 정밀 진단 및 맞춤형 대응방안 연구 [gri-re-kr-web] Done. Total saved: 3 
helios-eie-gr-helios,,HEALTHY,3,8.4,,,"ide): [helios-eie-gr-helios] saved 2/3: Synthesis, crystal structure and optoelectronic properties of [(CH3)3S [helios-eie-gr-helios] saved 3/3: Physicochemical Morphological Evaluation and Stability Assessment of N [helios-eie-gr-helios] Done. Total saved: 3 "
idiap-ch-en,,HEALTHY,3,8.5,,,[idiap-ch-en] page 0: saved 0/3 
info-korail-com-info,,HEALTHY,3,1.2,,,"[info-korail-com-info] Saved 1/3: 철도 통합 앱 ‘코레일+’에서 여행 서비스 한눈에 확인하세요 [info-korail-com-info] Saved 2/3: 코레일, 폭염 대비 선로 현장 점검…온열질환 예방에 총력 [info-korail-com-info] Saved 3/3: 코레일, 9월부터 고속철도 통합 운영 [info-korail-com-info] Done. Total saved: 3 "
irpp-org-about-the-irpp,,HEALTHY,3,11.5,,,ed 1/3: Annual Report 2025 (abstract 1000 chars) [irpp-org-about-the-irpp] saved 2/3: Annual Report 2024 (abstract 1000 chars) [irpp-org-about-the-irpp] saved 3/3: Annual Report 2023 (abstract 1000 chars) [irpp-org-about-the-irpp] done — saved 3 records total 
jic-ac-uk-news-events,,HEALTHY,3,9.4,,,ledge [jic-ac-uk-news-events] saved 2/3: The Wolfson Foundation invests £1.6m in innovative plant growth system [jic-ac-uk-news-events] saved 3/3: Biofilm clue opens route to anti-infection treatments of the future [jic-ac-uk-news-events] Done. Total saved: 3 
keei-re-kr-boardes,,HEALTHY,3,4.6,,,[keei-re-kr-boardes] Saved 1/3: 핵심광물 재자원화산업 육성을 위한 재정적 지원 규모 및 사회·경제적 효과 분석 연구 [keei-re-kr-boardes] Saved 2/3: 재생에너지 분야 잠재 정책 이슈 발굴 연구 [keei-re-kr-boardes] Saved 3/3: 글로벌 자원안보 환경 변화와 주요국 정책 동향 연구 [keei-re-kr-boardes] Done. Total saved: 3 
kipa-re-kr-html,,HEALTHY,3,49.1,,,[kipa-re-kr-html] saved: 2026 년 정책난제 인사이트 1(통권 5호) 공공부문 AX 전환 추진과정에서의 장애요인 분석 및 정책적 시사점 [kipa-re-kr-html] saved: 2026 여름호 KIPA 규제동향 [kipa-re-kr-html] saved: 2026 KIPA Risk Issue+ 7월호 [kipa-re-kr-html] Done. Total saved: 3 
kna-forest-go-kr-kfsweb,,HEALTHY,3,3.1,,,[kna-forest-go-kr-kfsweb] saved 1/3: 보급형모델정원 폴리네이터가이드북 [kna-forest-go-kr-kfsweb] saved 2/3: 보급형모델정원 저관리형가이드북 [kna-forest-go-kr-kfsweb] saved 3/3: 보급형모델정원 서칙처가이드북 [kna-forest-go-kr-kfsweb] done. total saved: 3 
lecese-fr-espace-presse,,HEALTHY,3,3.1,,,"présidente du CES [lecese-fr-espace-presse] Saved 2/3: Crises sanitaires : face à des risques inévitables, le CESE [lecese-fr-espace-presse] Saved 3/3: Crise mondiale de l’eau : le CESE appelle à un sursaut de la [lecese-fr-espace-presse] Done. Total saved: 3 "
meteoswiss-admin-ch-services-and-publica,,HEALTHY,3,4.6,,,lica] Saved 1/3: Klimabulletin Juli 2026 [meteoswiss-admin-ch-services-and-publica] Saved 2/3: Klimabulletin Juni 2026 [meteoswiss-admin-ch-services-and-publica] Saved 3/3: Klimabulletin Mai 2026 [meteoswiss-admin-ch-services-and-publica] Done. Total saved: 3 
mintour-gov-gr-deltia-typoy,,HEALTHY,3,6.3,,, saved 2/3: Διαδικτυακή Συνεδρίαση της Κοινής Συντονιστικής Επιτροπής Προσκυνηματικού Τουρισ [mintour-gov-gr-deltia-typoy] saved 3/3: Δύο νέες προκηρύξεις για την ενίσχυση της δημόσιας τουριστικής εκπαίδευσης [mintour-gov-gr-deltia-typoy] done. Total saved: 3 
mohrss-gov-cn-xxgk2020,,HEALTHY,3,5.7,,,e 0: saved 0/3 [mohrss-gov-cn-xxgk2020] saved 1: 人力资源社会保障部2025年政府信息公开工作年度报告 [mohrss-gov-cn-xxgk2020] saved 2: 人力资源社会保障部2024年政府信息公开工作年度报告 [mohrss-gov-cn-xxgk2020] saved 3: 人力资源社会保障部2023年政府信息公开工作年度报告 [mohrss-gov-cn-xxgk2020] finished: saved 3/3 across 2 page(s) 
nasa-gov-2025-news-releases,,HEALTHY,3,2.5,,,lks at Space Station in January [nasa-gov-2025-news-releases] Saved 2/3: NASA Astronaut Nick Hague Retires [nasa-gov-2025-news-releases] Saved 3/3: NASA Shares SpaceX Crew-12 Assignments for Space Station Mis [nasa-gov-2025-news-releases] Done. Total saved: 3 
netl-doe-gov-fecm-external-r-and-,,HEALTHY,3,11.0,,,nd-] Saved 2/3: An Assessment of Geological Carbon Sequestration Options in the Illino [netl-doe-gov-fecm-external-r-and-] Saved 3/3: Midwest Regional Carbon Sequestration Partnership - Phase II and III [netl-doe-gov-fecm-external-r-and-] Done. Total saved: 3 
nichd-nih-gov-newsroom,,HEALTHY,3,9.4,,,", N [nichd-nih-gov-newsroom] saved 2/3: Spotlight: Research on Rare Disease of Infancy Provides Insights into Skeletal D [nichd-nih-gov-newsroom] saved 3/3: Item of Interest: NIH Senior Investigators Elected AAAS Fellows [nichd-nih-gov-newsroom] done: saved 3 "
ninds-nih-gov-news-events,,HEALTHY,3,3.0,,,-gov-news-events] saved 2/3: NIH-funded study clearly ties risk of dementia to severe CTE [ninds-nih-gov-news-events] saved 3/3: A fresh energy supply may shield nerves from diabetic or chemo-induced neuropathy [ninds-nih-gov-news-events] done. Total saved: 3 
ntp-niehs-nih-gov-publications,,HEALTHY,3,7.5,,,
opengov-seoul-go-kr-research,,HEALTHY,3,10.4,,,"(32 chars) for '진관 야생생물 보호구역 정밀변화관찰 및 관리계획 수립 연구', skipping. [opengov-seoul-go-kr-research] Saved 2/3: 서울시 지역균형발전 수준 모니터링(2차) 및 종합계획 방향 연구 [opengov-seoul-go-kr-research] Saved 3/3: 서울시 광역 평생학습연수센터 운영모델 개발 연구 [opengov-seoul-go-kr-research] Done. Total saved: 3 "
pleanala-ie-en-ie,,HEALTHY,1,6.2,,,[pleanala-ie-en-ie] Collected 16 HTML + 35 media items [pleanala-ie-en-ie] Saved 1/3: Summary of All Planning Cases [pleanala-ie-en-ie] safety cap 5 pages reached [pleanala-ie-en-ie] Done. Total saved: 1 
publications-idiap-ch-publications,,HEALTHY,3,14.5,,, 0/3 [publications-idiap-ch-publications] item 5817 skipped: abstract too short (0 chars) [publications-idiap-ch-publications] item 5868 skipped: abstract too short (0 chars) [publications-idiap-ch-publications] item 5879 skipped: abstract too short (0 chars) 
reports-nlr-nl-collections,,HEALTHY,3,2.6,,,-nl-collections] Saved 2/3: Caffeine effects of a cup of coffee on vigilance and attention in a re [reports-nlr-nl-collections] Saved 3/3: Full scale aircraft structural optimization for electric flight concep [reports-nlr-nl-collections] Done. Total saved: 3 
rosap-ntl-bts-gov-cbrowse,,HEALTHY,3,5.7,,,-bts-gov-cbrowse] saved 2/3: Innovation and Mobility From Idea to Deployment: NL-US Transportation Luncheon S [rosap-ntl-bts-gov-cbrowse] saved 3/3: Traveler Information Technologies in the National Park System [rosap-ntl-bts-gov-cbrowse] Done. Total saved: 3 
search-open-canada-ca-opendata,,HEALTHY,3,4.0,,,[search-open-canada-ca-opendata] done. Total saved: 3 
sm-dk-publikationer,,HEALTHY,3,4.5,,, på de specialiserede socialområder [sm-dk-publikationer] saved 2/3: Velfærdspolitisk Analyse: Udgifter til botilbudsområdet [sm-dk-publikationer] saved 3/3: Velfærdspolitisk Analyse: Udvikling på plejefamilieområdet [sm-dk-publikationer] Done. Total saved: 3 
swisstph-ch-en,,HEALTHY,3,3.9,,,"ion of Cry [swisstph-ch-en] saved 2/3: Epidemiological Measles Outbreaks Investigation in Nogob Zone, Somali Region, Ea [swisstph-ch-en] saved 3/3: Considerations for the design of impactful citizen-science projects in microbiom [swisstph-ch-en] done. saved 3 "
ustat-mur-gov-it,,HEALTHY,3,13.6,,,- Dati di sintesi - aggiornamento a.a. 2025-2026 [ustat-mur-gov-it] saved 2: Focus - Il Diritto allo Studio Universitario - a.a. 2024-2025 [ustat-mur-gov-it] saved 3: Focus sulle carriere femminili in ambito accademico [ustat-mur-gov-it] done — total saved: 3 
www6-slac-stanford-edu-news-and-events,,HEALTHY,3,5.3,,,"/3: NSF–DOE Vera C. Rubin Observatory spots record-breaking asteroid in pr [www6-slac-stanford-edu-news-and-events] Saved 3/3: A new world record: LCLS approaches 100,000 pulses per second on the p [www6-slac-stanford-edu-news-and-events] Done. Total saved: 3 "
ag-gov-au-publications,,HEALTHY,3,4.9,,,Meeting Minutes and Agenda – 19 May 2026 [ag-gov-au-publications] saved 2/3: Fourth Open Government Forum – Terms of Reference [ag-gov-au-publications] saved 3/3: OGP – Commitment Update Reports – 31 December 2025 [ag-gov-au-publications] done. Total saved: 3 
arcom-fr-presse,,HEALTHY,3,12.2,,,[arcom-fr-presse] page 0: saved 0/3 
bankofcanada-ca-publications,,HEALTHY,3,4.1,,,nkofcanada-ca-publications] saved 2/3: Canadian Survey of Consumer Expectations—First Quarter of 2026 [bankofcanada-ca-publications] saved 3/3: Canadian Survey of Consumer Expectations—Fourth Quarter of 2025 [bankofcanada-ca-publications] done. Total saved: 3 
bmftr-bund-de-siteglobals,,HEALTHY,3,33.3,,,admap Quantentechnologie' — abstract too short (0 chars) [bmftr-bund-de-siteglobals] skipping 'Technologie-Roadmap Mikroelektronik' — abstract too short (0 chars) [bmftr-bund-de-siteglobals] skipping 'Technologie-Roadmap Fusion' — abstract too short (0 chars) 
boverket-se-en,,HEALTHY,3,4.4,,,"ction 2024 [boverket-se-en] Saved 2/3: Application of the European construction standards, EKS 12 [boverket-se-en] Saved 3/3: Limit values for climate impact from buildings and an expand [boverket-se-en] page 2: saved 3/3 [boverket-se-en] Done. Total saved: 3 "
canada-ca-en,,HEALTHY,3,2.9,,,[canada-ca-en] page 0: saved 0/3 [canada-ca-en] done. saved=3 
cepii-fr-cepii,,HEALTHY,3,8.9,,,fr-cepii] Saved 1/3: Trade aspects of the Strategic Dialogue on the future of the [cepii-fr-cepii] Saved 2/3: European Economic Security: Current Practices and Further De [cepii-fr-cepii] Saved 3/3: Trade and Biodiversity [cepii-fr-cepii] Done. Total saved: 3 
comptroller-defense-gov-odcfo,,HEALTHY,3,6.1,,, Financial Report (AFR) / DoD Performance and Accountability Report (PAR [comptroller-defense-gov-odcfo] saved 3/3: FY 2023 DoD Agency Financial Report (AFR) / DoD Performance and Accountability Report (PAR [comptroller-defense-gov-odcfo] done. Total saved: 3 
dair-dias-ie-cgi,,HEALTHY,3,15.5,,,"ures of conventional and asymptotic quantum [dair-dias-ie-cgi] saved 2/3: Anomalous transport in U(1)-symmetric quantum circuits [dair-dias-ie-cgi] saved 3/3: Awdl Dafydd ap Hywel i’r Forwyn Fair o Bilalau, sir Faesyfed [dair-dias-ie-cgi] Done. Total saved: 3 "
daten-berlin-de-datensaetze,,HEALTHY,3,5.2,,,ensaetze] saved 1/3: Abwassermonitoring Berlin – Viruslast im Abwasser [daten-berlin-de-datensaetze] saved 2/3: Suchbegriffe daten.berlin.de [daten-berlin-de-datensaetze] saved 3/3: Fahrraddiebstahl in Berlin [daten-berlin-de-datensaetze] Done. Total saved: 3 
difesa-it-il-ministro,,HEALTHY,3,11.5,,,osetto [difesa-it-il-ministro] Saved 2/3: Intervista del Ministro della Difesa Guido Crosetto su “La Stampa” [difesa-it-il-ministro] Saved 3/3: Nota Stampa del 24 Giugno 2026 -DICHIARAZIONE DEL MINISTRO DELLA DIFES [difesa-it-il-ministro] Done. Total saved: 3 
dtic-dimensions-ai-discover,,HEALTHY,3,3.3,,,ns de [dtic-dimensions-ai-discover] Saved 2/3: Exploring humans and LLMs collaboration in the data science [dtic-dimensions-ai-discover] Saved 3/3: Delegating (or not) to machines: How role expectations shape [dtic-dimensions-ai-discover] Done. Total saved: 3 
education-ni-gov-uk-news,,HEALTHY,3,3.6,,, Medium funding [education-ni-gov-uk-news] saved 2/3: Givan: Parental choice to take priority under new Temporary [education-ni-gov-uk-news] saved 3/3: Consultation opens on revised RE Syllabus following Supreme [education-ni-gov-uk-news] Done. Total saved: 3 
enc-hal-science-search,,HEALTHY,3,2.0,,, short (0 chars) [enc-hal-science-search] saved 2/3: L’État à la lettre. La mise en circulation de l’information politique et adminis [enc-hal-science-search] saved 3/3: Fungal Planet description sheets: 1781‐1866 [enc-hal-science-search] Done. Total saved: 3 
envt-hal-science-search,,HEALTHY,3,4.6,,,ch] saved 2/3: Mise en place de la surveillance entomologique du virus West Nile en Guadeloupe [envt-hal-science-search] saved 3/3: Contribution à l'étude épidémiologique de la brucellose dans la Province de l'Ar [envt-hal-science-search] Done. Total saved: 3 
fibl-org-en,,INCONCLUSIVE,0,1.2,,,[fibl-org-en] page 0: saved 0/3 [fibl-org-en] page 0: 0 records; stopping pagination. [fibl-org-en] Done. Saved 0 records total. 
gi-re-kr-home,,HEALTHY,3,32.5,,,[gi-re-kr-home] saved 1/3: 평창군 내 은퇴자 마을 조성을 위한 국․내외 우수사례 및 추진 방향 연구 [gi-re-kr-home] saved 2/3: 홍천군 기록관의 건립방안 모색을 위한 기초연구 [gi-re-kr-home] saved 3/3: 국정과제 연계 강릉시 발전 전략 방향 [gi-re-kr-home] done. saved 3 
gwangju-go-kr-boardlistdo,,HEALTHY,3,2.4,,,"[gwangju-go-kr-boardlistdo] page 1: saved 0/3 [gwangju-go-kr-boardlistdo] item 22217 abstract too short (0 chars), skipping [gwangju-go-kr-boardlistdo] Done. Total saved: 3 "
hfml-felix-nl-en,,HEALTHY,3,10.2,code:has no attribute,,rt (0 chars) [hfml-felix-nl-en] saved 2/3: Photon Echo in Uniaxially Stressed Germanium with Antimony Donors [hfml-felix-nl-en] saved 3/3: Ultra-broadband wireless rectification and frequency mixing via the nonlinear Ha [hfml-felix-nl-en] Done. Total saved: 3 
ifau-se-forskning,,HEALTHY,3,5.5,,,-forskning] saved [1] Personalförsörjningen i välfärdssektorn [ifau-se-forskning] saved [2] En internationell jämförelse av läkares inkomster [ifau-se-forskning] saved [3] Effekter av en sänkt pensionsålder [ifau-se-forskning] crawl complete: 3 records saved. 
infrastructure-ni-gov-uk-news,,HEALTHY,3,4.1,,,[infrastructure-ni-gov-uk-news] page 0: saved 0/3 [infrastructure-ni-gov-uk-news] Done. Saved 3 items. 
irpp-org-media,,HEALTHY,3,17.2,,, Wrong About Implementation [irpp-org-media] saved 2/3: “We Have the Resources the World Wants”: Susan Holt on New Brunswick’s Economic [irpp-org-media] saved 3/3: Making homes affordable while cutting emissions in Canada [irpp-org-media] Done. Total saved: 3 
jsearch-mwr-gov-cn-irs-c-web,,HEALTHY,3,6.0,,,"ch-mwr-gov-cn-irs-c-web] item c2Hmz58Bg2T0qHKYVK5W: video item, no text abstract, skipping. [jsearch-mwr-gov-cn-irs-c-web] item OGHmz58Bg2T0qHKYU63H: video item, no text abstract, skipping. [jsearch-mwr-gov-cn-irs-c-web] crawl complete: saved 3 records total. "
kefm-dk-aftaler,,HEALTHY,3,1.2,,,le om ændring af den skattemæssige behandling af prissik [kefm-dk-aftaler] Saved 2/3: Overblik over justeringer i Aftale om udbudsrammer for tre h [kefm-dk-aftaler] Saved 3/3: Aftale om udbygningen af sol og vind på land [kefm-dk-aftaler] Done. Total saved: 3 
kipf-re-kr-bbs,,HEALTHY,3,2.7,,,[kipf-re-kr-bbs] Done. Saved 3 items. 
knmi-nl-kennis-en-datacentru,,HEALTHY,3,4.9,,,[knmi-nl-kennis-en-datacentru] saved [2/3]: Wetenschappelijk rapport KNMI'06-klimaatscenario's: Climate [knmi-nl-kennis-en-datacentru] saved [3/3]: Brochure KNMI'06-klimaatscenario's: Klimaat in de 21e eeuw; [knmi-nl-kennis-en-datacentru] Done. Total saved: 3 
lenus-ie-browse,,HEALTHY,3,9.8,,,"[lenus-ie-browse] item 0.5 skipped: abstract too short (8 chars) [lenus-ie-browse] saved 3/3: ""Against Shameless and Systematic Calumny"": Strategies of Domination and Resistance and Th [lenus-ie-browse] page 0: saved 3/3 [lenus-ie-browse] done. Total saved: 3 "
mfat-govt-nz-en,,HEALTHY,3,151.5,,,d [mfat-govt-nz-en] Listing (wayback): 5 items found [mfat-govt-nz-en] saved 1/3: MFAT Annual Report 2021-22 [mfat-govt-nz-en] saved 2/3: MFAT Annual Report 2020-21 [mfat-govt-nz-en] saved 3/3: MFAT Annual Report 2019-20 [mfat-govt-nz-en] Done. Total saved: 3 
miteco-gob-es-es,,HEALTHY,3,6.3,,,"H2 renovabl [miteco-gob-es-es] saved 2/3: El MITECO acelera la modernización del parque renovable con 612 millones para 17 [miteco-gob-es-es] saved 3/3: La reserva hídrica española se encuentra al 69,6 % de su capacidad [miteco-gob-es-es] done. Total saved: 3 "
mohw-go-kr-boardes,,HEALTHY,3,3.2,,,"ohw-go-kr-boardes] Saved 1/3: 민간 사회공헌, 필요한 복지 현장으로 연결 사회공헌 활발한 민간 기업 초청 간담회 개.. [mohw-go-kr-boardes] Saved 2/3: 폭염 취약 어르신 보호 총력...거점 경로당 운영 현황 점검 [mohw-go-kr-boardes] Saved 3/3: 자살예방상담전화 109, ‘생명의전화’와 협력해 심야 상담 공백 줄인다 [mohw-go-kr-boardes] Done. Total saved: 3 "
nationalacademies-org-publications,,HEALTHY,3,19.5,,,–12 Education [nationalacademies-org-publications] saved 2/3: Pathways to Doctoral Degrees in Computing [nationalacademies-org-publications] saved 3/3: Machine Learning for Safety-Critical Applications [nationalacademies-org-publications] Done. Total saved: 3 
netl-doe-gov-search-r-d-publicati,,HEALTHY,3,40.5,,,-search-r-d-publicati] saved 2/3: Cost and Performance Baseline for Fossil Energy Plants Volum [netl-doe-gov-search-r-d-publicati] saved 3/3: Examination of Factors Affecting the Cost and Performance of [netl-doe-gov-search-r-d-publicati] Done. Total saved: 3 
nida-nih-gov-news-events,,HEALTHY,3,4.0,,,ts] saved 2/3: NIH researchers discover pain-relieving drug with minimal addictive properties [nida-nih-gov-news-events] saved 3/3: Clinical trial results support use of weekly extended-release buprenorphine for [nida-nih-gov-news-events] Done. Total saved: 3 
ninds-nih-gov-publications,,HEALTHY,3,6.1,,,[ninds-nih-gov-publications] page 0: collected 15 URLs so far [ninds-nih-gov-publications] collected 15 publication URLs [ninds-nih-gov-publications] done: saved 3 publications 
ntrs-nasa-gov-search,,HEALTHY,3,1.8,,,[ntrs-nasa-gov-search] page 0: saved 3/3 [ntrs-nasa-gov-search] crawl complete: 3 documents saved 
openresearch-repository-anu-edu-au-search,,HEALTHY,3,20.2,,,nding aetio [openresearch-repository-anu-edu-au-search] saved 3/3: Trying Again: Reuniting After Cohabitation or Marriage Separation [openresearch-repository-anu-edu-au-search] page 0: saved 3/3 [openresearch-repository-anu-edu-au-search] done. Total saved: 3 
pnnl-gov-news,,HEALTHY,3,6.8,,,"tworthy Autonomous Science [pnnl-gov-news] Saved 2/3: PNNL and Amazon Partner to Advance AI Tools for a More Reliable, Secur [pnnl-gov-news] Saved 3/3: Genesis Mission Awards to Accelerate AI Integration Across PNNL Scienc [pnnl-gov-news] Done. Total saved: 3 "
publichealthscotland-scot-publications,,HEALTHY,3,12.8,,,scotland-scot-publications] saved 2/3: Viral respiratory diseases in Scotland surveillance report 6 August 2026 [publichealthscotland-scot-publications] saved 3/3: A smear test could save your life [publichealthscotland-scot-publications] done. Total saved: 3 
repository-cern-search,,HEALTHY,3,2.9,,, Saved 1/3: Automating and implementing the Ion Implantation Chamber at [repository-cern-search] Saved 2/3: Cern_fundraising_project_report_zulalkahraman [repository-cern-search] Saved 3/3: CERN Openlab newsletter [repository-cern-search] Done. Total saved: 3 
ruomoplus-lib-uom-gr-simple-search,,HEALTHY,3,11.3,,,om-gr-simple-search] Saved 2/3: Investment under uncertainty and the threat of nationalisati [ruomoplus-lib-uom-gr-simple-search] Saved 3/3: Doing Nothing in Tbilisi: Walking and Social Capital in Post [ruomoplus-lib-uom-gr-simple-search] Done. Total saved: 3 
search-worldcat-org-ko,,HEALTHY,3,27.0,block:403,,t-org-ko] detail browser HTTP 403 for https://search.worldcat.org/title/870136671?oclcNum=870136671 [search-worldcat-org-ko] saved 3/3: Contributions to unsupervised and supervised learning with applications in digit [search-worldcat-org-ko] finished. saved 3 
sm-ee-otsing,,INCONCLUSIVE,0,2.0,,, endpoint: node HTML page (base_url + doc['uri']) [sm-ee-otsing] page 1: saved 0/3 [sm-ee-otsing] search page 1 JSON parse failed: Expecting value: line 1 column 1 (char 0) [sm-ee-otsing] page 1: search API failed; stopping [sm-ee-otsing] done. Total saved: 0 
telemarksforsking-no-publikasjoner,,HEALTHY,3,13.4,,,telemarksforsking-no-publikasjoner] saved 2/3: Governing access to outdoor recreation: Nordic coastal trails under pressure [telemarksforsking-no-publikasjoner] saved 3/3: Identifying values of culture [telemarksforsking-no-publikasjoner] Done. Total saved: 3 
uvek-admin-ch-en,,HEALTHY,3,5.6,,,vek-admin-ch-en] saved 2/3: New notification of cessation of the investigation (railways) of the STSB availa [uvek-admin-ch-en] saved 3/3: 2030 Agenda: Switzerland advocates results-based implementation of SDGs in New Y [uvek-admin-ch-en] done. Total saved: 3 
xxgk-mot-gov-cn-2020,,HEALTHY,3,3.8,,,[xxgk-mot-gov-cn-2020] saved 1/3: 2026年1-6月全国城市客运量 [xxgk-mot-gov-cn-2020] saved 2/3: 2026年1-6月港口货物、集装箱吞吐量 [xxgk-mot-gov-cn-2020] saved 3/3: 2026年1-6月公路水路运输量 [xxgk-mot-gov-cn-2020] Done. Total saved: 3 
agri-ee-ministeerium-uudised,,HEALTHY,3,6.6,,,ahearuann [agri-ee-ministeerium-uudised] saved 3/3: Angerjavarude seisundi hindamine Narva jõe vesikonnas 2025. aastal (2026) [agri-ee-ministeerium-uudised] page 1: next page link absent; pagination complete [agri-ee-ministeerium-uudised] done. Total saved: 3 
arn-se-om-arn,,HEALTHY,3,2.0,,,[arn-se-om-arn] Fetching: https://www.arn.se/om-arn/arsredovisning/ [arn-se-om-arn] Found 12 PDF links [arn-se-om-arn] Done. Saved 3 items. 
banque-france-fr-en,,HEALTHY,3,13.2,,,"e Annual Report 2025 – Key figures [banque-france-fr-en] saved 2/3: Letter to the President of the Republic: Beyond the urgency, we need to broaden [banque-france-fr-en] saved 3/3: Banque de France Annual Report 2025 [banque-france-fr-en] done. Total saved: 3 "
bmi-gv-at-114,,HEALTHY,3,2.6,,,gv-at-114] Found 45 <details> items on page [bmi-gv-at-114] [1/3] MOROCCO - Socio-Economic Survey 2026 [bmi-gv-at-114] [2/3] AFGHANISTAN - Socio-Economic Survey 2026 [bmi-gv-at-114] [3/3] SYRIA - Socio-Economic Survey 2026 [bmi-gv-at-114] Done. Total saved: 3 
bra-se-english,,HEALTHY,3,5.6,,,[bra-se-english] Saved 1/3: Anti-Roma Hate Crime [bra-se-english] Saved 2/3: Migration and crime [bra-se-english] Saved 3/3: Honour-based oppression [bra-se-english] Done. Total saved: 3 
cancer-fr-catalogue-des-public,,HEALTHY,3,10.6,,,public] Saved 1/3: Rayonnements ultraviolets et risques de cancer [cancer-fr-catalogue-des-public] Saved 2/3: Perturbateurs endocriniens [cancer-fr-catalogue-des-public] Saved 3/3: Papillomavirus et cancer [cancer-fr-catalogue-des-public] Done. Total saved: 3 
cer-rec-gc-ca-en,,HEALTHY,3,8.3,,,[cer-rec-gc-ca-en] fetching index page… [cer-rec-gc-ca-en] found 51 category URLs from index [cer-rec-gc-ca-en] done. saved 3 records (visited 3 pages) 
comwel-or-kr-comwel,,HEALTHY,3,2.2,,,"/3: [보도자료] 근로복지공단 임직원 손끝에서 탄생한 환경 팝업북 지역 아동에게 전달 [comwel-or-kr-comwel] Saved 2/3: [보도자료] 근로복지공단, 폐현수막 폐안전모로 만든 리본 공유우산 지역사회 배포 [comwel-or-kr-comwel] Saved 3/3: [보도자료] 마지막 귀향길 근로복지공단이 함께... 산재 사망 이주노동자 유족 예우사업 두 번째 시행 [comwel-or-kr-comwel] Done. Total saved: 3 "
data-aeronomie-be-dataset,,HEALTHY,3,2.6,,,ASB Data Repository Policy [data-aeronomie-be-dataset] saved 2/3: (O)VOC concentration and flux measurements above a wheat field at the Lonzée ICO [data-aeronomie-be-dataset] saved 3/3: CLIMB annual report 2021 [data-aeronomie-be-dataset] done. Total saved: 3 
datenportal-bmbf-de-portal,,HEALTHY,3,11.2,,,schland [datenportal-bmbf-de-portal] Saved 2/3: Bruttoinlandsausgaben für Forschung und Entwicklung (BAFE) d [datenportal-bmbf-de-portal] Saved 3/3: FuE-Ausgaben der Bundesrepublik Deutschland und ihre Finanzi [datenportal-bmbf-de-portal] Done. Total saved: 3 
differ-nl-publications,,HEALTHY,3,8.2,,,[differ-nl-publications] Saved 2/3: Development of a lithium-based Vapour Box Divertor for a nuclear fusio [differ-nl-publications] Saved 3/3: Power exhaust control in novel divertor solutions - Exploring real-tim [differ-nl-publications] Done. Total saved: 3 
e-stat-go-jp-stat-search,,HEALTHY,3,5.8,,,go-jp-stat-search] start: https://www.e-stat.go.jp/stat-search?page=1 [e-stat-go-jp-stat-search] saved 1/3: 統計法施行状況報告 - 令和７年度統計法施行状況報告 [e-stat-go-jp-stat-search] saved 2/3: 木材流通統計調査 - 統計表（速報） [e-stat-go-jp-stat-search] saved 3/3: 木材流通統計調査 - 素材・木材チップ価格（品目・規格別） 
edx-netl-doe-gov-group,,HEALTHY,3,1.2,,,"1/3: [LCA UP] Disposal, wood product, in landfill [edx-netl-doe-gov-group] saved 2/3: [LCA UP] Distribution combustion compressor drivers [edx-netl-doe-gov-group] saved 3/3: [LCA UP] Domestic Petroleum, Production [edx-netl-doe-gov-group] Done. Total saved: 3 "
energy-gov-management,,HEALTHY,3,8.1,,,anagement] Saved 1/3: Accelerator Facility Safety Implementation Guide for DOE O 4 [energy-gov-management] Saved 2/3: Accident Investigations [energy-gov-management] Saved 3/3: Acquisition Career Management Program [energy-gov-management] Done. Total saved: 3 
epa-ie-news-releases,,HEALTHY,3,8.0,,,save money this Christmas [epa-ie-news-releases] saved 2/3: Local Authorities’ environmental performance improving but c [epa-ie-news-releases] saved 3/3: Water quality has improved in some areas but continues to de [epa-ie-news-releases] done. total saved: 3 
finance-ni-gov-uk-publications,,HEALTHY,3,8.3,,,v-uk-publications] Skipping (abstract 80 chars): FOI DOF/2026-0352 Grade 7 competitions IRC327837 & IRC324878 [finance-ni-gov-uk-publications] Saved 3/3: Assembly/Members Contributory Pension Fund accounts [finance-ni-gov-uk-publications] Done. Total saved: 3 
gichd-org-publications-resourc,,HEALTHY,3,10.4,,,uth Sud [gichd-org-publications-resourc] saved 2/3: Land Release Research Agenda [gichd-org-publications-resourc] saved 3/3: Conflict-related trauma and operational safety in Ukraine’s mine action response [gichd-org-publications-resourc] done. total saved: 3 
gyeongnam-go-kr-board,,HEALTHY,3,5.6,,,[gyeongnam-go-kr-board] crawl complete: saved 3/3 
hhs-gov-guidance,,HEALTHY,2,69.8,,,ds-under-community-based-grants-prevention-child-abuse [hhs-gov-guidance] skipping short abstract (0 chars): https://www.hhs.gov/guidance/document/dear-colleague-letter-regarding-title-iv-e-prevention-plan-amendments [hhs-gov-guidance] done: saved 2 documents 
ifau-se-press,,HEALTHY,3,7.2,,,"fau-se-press] saved 1/3: E-post får inte arbetssökande att söka fler jobb [ifau-se-press] saved 2/3: Riktat stöd till skolor förbättrade kunskapsresultaten, särs [ifau-se-press] saved 3/3: Introduktionsjobb ledde till jobb [ifau-se-press] Done. Total saved: 3 "
inrae-fr-actualites,,HEALTHY,3,1.2,,,ctualites] saved 2/3: INRAE devient le 1er organisme national de recherche labellisé Développement Dur [inrae-fr-actualites] saved 3/3: Diagnostic de la santé des lacs : un outil nouvelle génération combinant l’ADN e [inrae-fr-actualites] done. Total saved: 3 
irsn-fr-actualites,,HEALTHY,3,10.5,,,ture à la s [irsn-fr-actualites] saved 2/3: Baromètre IRSN 2024 sur la perception des risques et de la sécurité pa [irsn-fr-actualites] saved 3/3: Bilan 2023 des expositions professionnelles aux rayonnements ionisants [irsn-fr-actualites] Done. Total saved: 3 
julkaisut-valtioneuvosto-fi-search,,HEALTHY,3,8.8,,,[julkaisut-valtioneuvosto-fi-search] page 0: saved 0/3 
kei-re-kr-eliblistes,,HEALTHY,3,8.9,,,-kr-eliblistes] saved 1/3: 환경상태 종합평가를 위한 지표체계 개발 및 적용 [kei-re-kr-eliblistes] saved 2/3: Strategies for the Integration of Climate Measures into Urba [kei-re-kr-eliblistes] saved 3/3: 하천구역 야적퇴비 통합관리 정책 개선방안 마련을 위한 연구 [kei-re-kr-eliblistes] Done. Total saved: 3 
kipf-re-kr-kor,,HEALTHY,3,1.9,,,"[kipf-re-kr-kor] Saved 1/3: 공공기관과 정책연구 2026년 제4호 제1호 [kipf-re-kr-kor] Saved 2/3: 공공기관 Brief Vol.21 [kipf-re-kr-kor] item 527543: abstract too short (0 chars), skipping [kipf-re-kr-kor] Saved 3/3: 2025 하반기 재정동향 [kipf-re-kr-kor] Done. Total saved: 3 "
knowledge-barnardos-ie-browse,,HEALTHY,3,8.6,,,saved 0/3 [knowledge-barnardos-ie-browse] skip ed1cc3a4-8a7a-42e6-bd85-4f04ea5d979f: abstract 97 chars < 100 [knowledge-barnardos-ie-browse] skip 48d2ba6a-63b5-404d-ac33-8f29c34b932c: abstract 97 chars < 100 [knowledge-barnardos-ie-browse] done. total saved=3 
lib-cssn-cn-zy,,HEALTHY,3,5.7,,,[lib-cssn-cn-zy] Crawl complete: saved 3 items. 
mfds-go-kr-brd,,HEALTHY,3,11.6,,,"[mfds-go-kr-brd] Saved 1/3: [보도참고] 식약처, “정제와 액상을 한번에” 이중제형 비타민 출시 기반 마련 [mfds-go-kr-brd] Saved 2/3: [보도참고] “스테비아 토마토”, 농산물이 아닌 가공식품입니다 [mfds-go-kr-brd] Saved 3/3: [보도참고] 알레르기 유발물질 미표시 '즉석조리식품 ' 회수 조치 [mfds-go-kr-brd] Done. Total saved: 3 "
mivau-gob-es-el-ministerio,,HEALTHY,3,4.4,,,vienda inaugurará la primera itinerancia internacional de la XVII Bienal Españ [mivau-gob-es-el-ministerio] saved 3/3: Vivienda convoca el concurso para el comisariado y el diseño expositivo del Pabe [mivau-gob-es-el-ministerio] crawl complete. total saved: 3 
mois-go-kr-frt,,HEALTHY,3,1.6,,,"[mois-go-kr-frt] saved 1/3: 2026년 을지연습, 8월 18일부터 21일까지 “실전 같은 연습으로 국가 비상대비태세 확립“ [mois-go-kr-frt] saved 2/3: ‘26년 숙의공론화 본격 착수, 연말까지 국민과 함께 정책 방향 논의 [mois-go-kr-frt] saved 3/3: 자녀 출입국 증명서, 이젠 집이나 해외에서 ‘정부24’로 한 번에 뗀다 [mois-go-kr-frt] Done. Total saved: 3 "
naturalengland-defra-opendata-arcgis-com-search,,HEALTHY,3,1.6,,,[naturalengland-defra-opendata-arcgis-com-search] Done. Saved 3 items. 
news-admin-ch-en,,HEALTHY,3,2.5,,,[news-admin-ch-en] page 1 (offset 0): 4 EN / 50 total | saved 0/3 [news-admin-ch-en] Done. Saved 3 items. 
nida-nih-gov-research-topics,,HEALTHY,3,2.3,,,s] saved 1/3: Naloxone DrugFacts [nida-nih-gov-research-topics] saved 2/3: Careers at NIH: Navigating USAJobs as an Academic Scientist [nida-nih-gov-research-topics] saved 3/3: Prescription Opioids DrugFacts [nida-nih-gov-research-topics] Done. Total saved: 3 
nioo-knaw-nl-en,,HEALTHY,3,8.1,,,: Hedges also have a positive effect underground [nioo-knaw-nl-en] Saved 2/3: Bewick’s swans are migrating shorter distances [nioo-knaw-nl-en] Saved 3/3: Arctic-bound birds can still keep up with climate change – for now [nioo-knaw-nl-en] Done. Total saved: 3 
nts-go-kr-nts,,HEALTHY,3,5.3,,,[nts-go-kr-nts] Saved 1/3: 2026년 국세 여름호 [nts-go-kr-nts] Saved 2/3: 2026년 국세 봄호 [nts-go-kr-nts] Saved 3/3: 2025년 국세 겨울호 [nts-go-kr-nts] Done. Total saved: 3 
openscience-si-naprednoiskanjeaspx,,HEALTHY,3,48.1,,,m skipped (abstract too short): Didaktični pristopi pri poučevanju predmeta spoznavanje okol [openscience-si-naprednoiskanjeaspx] Saved 3/3: Kdo je uspešen v slovenski šoli? : poročilo o rezultatih raz [openscience-si-naprednoiskanjeaspx] Done. Total saved: 3 
police-go-kr-user,,HEALTHY,3,2.3,,,"] Saved 1/3: 중앙아시아까지 퍼진 한국인 스캠조직, 한-카자흐 합동 검거작전*으로 일망타진 [police-go-kr-user] Saved 2/3: 경찰청, 4주간 관계성 범죄 대상 피해자 보호를 위한 집중활동기간 펼쳐 [police-go-kr-user] Saved 3/3: 일주일 체류 후 출국하는 마약 운반책, 끈질긴 추적 끝에 필로폰 16kg(시가 128억 원 상당) 국내 유통 [police-go-kr-user] Done. Total saved: 3 "
publicsafety-gc-ca-cnt,,HEALTHY,3,1.8,,,"ng news feed: https://api.io.canada.ca/io-server/gc/news/en/v2?dept=publicsafetycanada&type=newsreleases,statements&sort=publishedDate&orderBy=desc&pick=1000&format=json [publicsafety-gc-ca-cnt] feed returned 630 records [publicsafety-gc-ca-cnt] done. saved=3 "
repository-lboro-ac-uk,,HEALTHY,3,5.2,,,"-ac-uk] saved 2/3: How to find Group, Collection, Project and Author numbers on the Loughborough University R [repository-lboro-ac-uk] saved 3/3: Loughborough University Research Repository Accessibility Statement [repository-lboro-ac-uk] Done. Total saved: 3 "
saemangeum-go-kr-sda,,HEALTHY,3,5.5,,,"da] Saved [11386] 새만금청, `수산식품수출가공종합단지` 부지 면적 확대 승인 [saemangeum-go-kr-sda] Saved [11380] 마음을 나누는 공간, 새만금개발청 ‘마음쉼터’ 문 열다 [saemangeum-go-kr-sda] Saved [11374] 새만금청-관세청, 새만금 AI·로봇 클러스터 조기 구축 등 현대차 투자 지원을 위해 종합보세구역 선제적 지 [saemangeum-go-kr-sda] Done. Total saved: 3 "
secihti-mx-sala-de-prensa,,INCONCLUSIVE,0,30.0,,,[secihti-mx-sala-de-prensa] JSON error at page 1: Unterminated string starting at: line 1 column 2850665 (char 2850664). Stopping. [secihti-mx-sala-de-prensa] Done. Total saved: 0 
sodha-be-dataverse,,HEALTHY,3,6.9,,,
toi-no-publications,,HEALTHY,3,10.5,,,lications] saved 2/3: Driven by trust? Social norms increase trust in shared autonomous public transpo [toi-no-publications] saved 3/3: Safe System maturity and Safe System readiness in three European and three Afric [toi-no-publications] done. Total saved: 3 
va-gov-vetdata,,HEALTHY,3,2.0,,,Pension by County and State: By County 2019 [va-gov-vetdata] saved 2/3: Compensation and Pension by County and State: By County 2018 [va-gov-vetdata] saved 3/3: Compensation and Pension by County and State: By County 2017 [va-gov-vetdata] Done. Total saved: 3 
yme-gr-2013-01-31-06-37-23,,HEALTHY,3,12.5,,,"ς Δήμας: «Προχωράνε δύο πολύ σημαντικά αρδευτικά έργα σε Νεστόριο και Σελλάνα» [yme-gr-2013-01-31-06-37-23] saved 3/3: Κοινή Συνέντευξη Τύπου για την Οδική Ασφάλεια Συντονισμένες δράσεις, κοινός στόχος: ασφαλέ [yme-gr-2013-01-31-06-37-23] done. Total saved: 3 "
agriculture-gouv-fr-recherche-developpem,,HEALTHY,3,6.4,,,"eloppem] Saved 2/3: Un décret définit des sanctions financières pour les animale [agriculture-gouv-fr-recherche-developpem] Saved 3/3: Canicule, sécheresse, incendies : l’État renforce son soutie [agriculture-gouv-fr-recherche-developpem] Done. Total saved: 3 "
arrow-tudublin-ie-creaart,,HEALTHY,3,9.0,,,arrow-tudublin-ie-creaart] Saved: Review of Current Healthcare Waste Management Methods and Their Effect [arrow-tudublin-ie-creaart] Saved: Do greenhouse gases impact our respiratory system? A study of the effe [arrow-tudublin-ie-creaart] Done. Total saved: 3 
bdap-opendata-rgs-mef-gov-it-catalog,,HEALTHY,3,20.1,,,ubbliche MOP - Totale [bdap-opendata-rgs-mef-gov-it-catalog] Saved 2/3: Progetti Opere Pubbliche MOP - Veneto [bdap-opendata-rgs-mef-gov-it-catalog] Saved 3/3: Progetti Opere Pubbliche MOP - Piemonte [bdap-opendata-rgs-mef-gov-it-catalog] Done. Total saved: 3 
bmimi-gv-at-themen,,HEALTHY,3,19.3,,,cords [bmimi-gv-at-themen] saved 1/3: FEMtech Forschungsprojekte - Review [bmimi-gv-at-themen] saved 2/3: Gender in Forschungs- und Technologieprogrammen – Handbuch [bmimi-gv-at-themen] saved 3/3: Gender Mainstreaming [bmimi-gv-at-themen] done. Total saved: 3 
brgm-fr-fr,,HEALTHY,3,13.5,,,rd pour la préservation des ressources en eau face au changement c [brgm-fr-fr] saved 2/3: Nappes d'eau souterraine au 1er juillet 2026 [brgm-fr-fr] saved 3/3: Le BRGM et Fleet Space Technologies signent un protocole d'accord [brgm-fr-fr] done. Total saved: 3 
cancer-fr-presse,,HEALTHY,3,10.0,,,[cancer-fr-presse] Total list pages: 11 [cancer-fr-presse] Done. Saved 3 records. 
cerema-fr-fr,,HEALTHY,3,9.0,,,[cerema-fr-fr] crawl complete: saved 3/3 
consult-environment-govt-nz-climate,,HEALTHY,3,3.2,,,
data-biodiversity-be-dataset,,HEALTHY,3,10.7,block:challenge,,[data-biodiversity-be-dataset] Anubis challenge solved (2 cookies) 
datos-gob-cl-dataset,,HEALTHY,3,3.4,,,1/3: Cuadro de Requisitos de Visaciones a Países Extranjeros [datos-gob-cl-dataset] saved 2/3: Informes desagregados de Presupuestos Año 2017 [datos-gob-cl-dataset] saved 3/3: Estrategia Nacional de Drogas y Alcohol [datos-gob-cl-dataset] done. Total saved: 3 
digital-gob-es-comunicacion,,HEALTHY,3,4.2,,,[digital-gob-es-comunicacion] page 1: saved 0/3 
earlham-ac-uk-newsroom,,HEALTHY,3,8.9,,,m Institute to drive forward [earlham-ac-uk-newsroom] Saved 2/3: In memory of our friend and colleague Leah Catchpole [earlham-ac-uk-newsroom] Saved 3/3: New Group Leader to develop AI models for understanding and [earlham-ac-uk-newsroom] Done. Total saved: 3 
efd-admin-ch-en,,HEALTHY,3,5.3,,,[efd-admin-ch-en] Saved 1/3: Switzerland and Austria sign protocol of amendment to double [efd-admin-ch-en] Saved 2/3: Course listings (ICTax) [efd-admin-ch-en] Saved 3/3: Issue result for Confederation bonds [efd-admin-ch-en] Done. Total saved: 3 
energy-gov-open-government,,HEALTHY,3,8.7,,, Ideas [energy-gov-open-government] page 1: saved 2/3: DOE Customer Service Plan [energy-gov-open-government] page 1: saved 3/3: DOE Web Improvement Strategy Plan [energy-gov-open-government] page 1: saved 3/3 [energy-gov-open-government] Done. Total saved: 3 
eprints-imtlucca-it-cgi,,HEALTHY,3,2.0,,,ntegral architectu [eprints-imtlucca-it-cgi] saved 2/3: La sinistra italiana e il processo d’integrazione europea: la transizione del Pci attraver [eprints-imtlucca-it-cgi] saved 3/3: Universal Algebra in UniMath [eprints-imtlucca-it-cgi] done. Total saved: 3 
flore-unifi-it,,HEALTHY,3,3.8,,,"urface in Kazakh h [flore-unifi-it] saved 2/3: Catechols: A new class of carbonic anhydrase inhibitors [flore-unifi-it] saved 3/3: Breast cancer in pregnancy: concurrent cesarean section, nipple-sparing mastectomy, and im [flore-unifi-it] done. Total saved: 3 "
github-com-orgs,,HEALTHY,3,2.9,,,[github-com-orgs] Saved 1/3: iMOD-Suite-transition-regional-models [github-com-orgs] Saved 2/3: Kratos-GeoMechanicsApplication-Documentation [github-com-orgs] Saved 3/3: SWAN [github-com-orgs] Done. Total saved: 3 
hal-science-afd,,HEALTHY,3,1.7,,,Economic Policy Scenarios (CNEPS) for Min [hal-science-afd] Saved 2/3: Mobiliser des indicateurs de soutenabilité forte pour attein [hal-science-afd] Saved 3/3: AIIPI 2026 : une approche multidimensionnelle pour investir [hal-science-afd] Done. Total saved: 3 
hi-no-en,,HEALTHY,3,27.4,,,"ct too short (0 chars), skipping. [hi-no-en] item /en/hi/nettrapporter/imr-vniro-en-2026-2 abstract too short (0 chars), skipping. [hi-no-en] item /en/hi/nettrapporter/imr-vniro-en-2026-3 abstract too short (0 chars), skipping. [hi-no-en] Done. Total saved: 3 "
ifpenergiesnouvelles-fr-tags,,HEALTHY,3,3.1,,,RBON renforcent la [ifpenergiesnouvelles-fr-tags] Saved 2/3: Accord cadre de recherche entre IFPEN et Météo France [ifpenergiesnouvelles-fr-tags] Saved 3/3: Signature d’un accord-cadre entre le BRGM et IFPEN [ifpenergiesnouvelles-fr-tags] Done. Total saved: 3 
inria-fr-fr,,HEALTHY,3,29.9,,,ue écorespons [inria-fr-fr] saved 2/3: Stratégie pour le Post-Exascale : une vision européenne pour l'avenir du calcul [inria-fr-fr] saved 3/3: Une étape importante pour la souveraineté numérique de l'Europe : le DFKI et Inr [inria-fr-fr] done. Total saved: 3 
isae-ensma-hal-science-search,,HEALTHY,3,2.4,,,h] saved 2/3: Modification of vortex structures in fishways by cylinder adjunction [isae-ensma-hal-science-search] saved 3/3: Control of turbulent flow in vertical slot fishways for the migration of small f [isae-ensma-hal-science-search] Done. Total saved: 3 
justice-gouv-fr-documentation,,HEALTHY,3,14.5,,,[justice-gouv-fr-documentation] page 0: saved 0/3 
keis-or-kr-keis,,HEALTHY,3,1.1,,,[keis-or-kr-keis] Saved 1/3: 고용24 구인구직 및 취업동향 - 2026.06 [keis-or-kr-keis] Saved 2/3: 고용24 구인구직 및 취업동향 - 2026.05 [keis-or-kr-keis] Saved 3/3: 고용24 구인구직 및 취업동향 - 2026.04 [keis-or-kr-keis] Done. Total saved: 3 
kipo-go-kr-ko,,HEALTHY,3,2.5,,,
kommunekredit-com-about-us,,HEALTHY,3,5.1,,,
library-kwrwater-nl-en,,HEALTHY,3,1.8,,,astewater monitoring as a complementary tool in a mum [library-kwrwater-nl-en] Saved 2/3: Clickbait versus Kraanwater [library-kwrwater-nl-en] Saved 3/3: Heb je een PFAS-waterfilter nodig? Expert en fabrikant zijn [library-kwrwater-nl-en] Done. Total saved: 3 
mi-se-arkiv,,HEALTHY,3,16.6,,,v] publication page 1: saved 0/3 [mi-se-arkiv] saved [1] Löneutvecklingen i Sverige t.o.m. maj 2026 [mi-se-arkiv] saved [2] Löneutvecklingen i Sverige t.o.m. april 2026 [mi-se-arkiv] saved [3] Löneläget juni 2026 [mi-se-arkiv] crawl complete: 3 records saved. 
mma-go-kr-board,,HEALTHY,3,4.9,,,"[mma-go-kr-board] saved 1/3: 병무청, 인공지능(AI) 활용한 업무비서 서비스 도입으로 더 똑똑해진다 [mma-go-kr-board] saved 2/3: 병무청, 청년 병역이행 지원 등 역점 추진과제 보고 [mma-go-kr-board] saved 3/3: 병무청, 병역이행자들의 사연을 담은 청춘이발소 운영 [mma-go-kr-board] Done. Total saved: 3 "
moj-go-kr-moj,,HEALTHY,3,3.7,,,"[moj-go-kr-moj] saved 1/3: 미성년자 출입국 사실 증명서, 부모가 온라인으로 대리 신청 가능 [moj-go-kr-moj] saved 2/3: 법무부, 국제중재의 새로운 해법을 논하고 국제법무인재를 양성합니다 [moj-go-kr-moj] saved 3/3: ‘일상을 안전하게, 변화는 확실하게’ [moj-go-kr-moj] done. Total saved: 3 "
nbb-be-en,,HEALTHY,3,6.9,,,[nbb-be-en] saved [1/3]: Report 2025 - Corporate report [nbb-be-en] saved [2/3]: Report 2024 - Corporate report [nbb-be-en] saved [3/3]: Report 2023 - Corporate report [nbb-be-en] crawl complete: saved 3 items 
news-fnal-gov-category,,HEALTHY,3,20.5,,,[news-fnal-gov-category] done: saved 3/3 
nidcd-nih-gov-order,,INCONCLUSIVE,0,1.3,,,[nidcd-nih-gov-order] No items on page 0. End of pagination. [nidcd-nih-gov-order] Done. Total saved: 0 
nisra-gov-uk-publications,,HEALTHY,3,3.5,,,Saved 1/3: June 2026 Hotel Occupancy Survey Publications [nisra-gov-uk-publications] Saved 2/3: June 2026 Small Service Accommodation Publications [nisra-gov-uk-publications] Saved 3/3: WSA Publication Schedule [nisra-gov-uk-publications] Done. Total saved: 3 
nupi-no-en,,HEALTHY,3,3.9,,,[nupi-no-en] page 1: saved 0/3 [nupi-no-en] crawl complete: 3 records saved 
opm-go-kr-opm,,HEALTHY,3,3.3,,,[opm-go-kr-opm] saved 1/3: [보도자료] 한성숙 국무총리 주재 2026년 을지연습 준비보고회의 [opm-go-kr-opm] saved 2/3: [보도자료] '26년 숙의공론화 본격 착수 [opm-go-kr-opm] saved 3/3: [보도자료] 제12회 국가정책조정회의 [opm-go-kr-opm] Done. Total saved: 3 
policyalternatives-ca-news-research,,HEALTHY,3,14.2,,,s-ca-news-research] Saved 2/3: Think twice: A citizen’s guide to artificial intelligence in [policyalternatives-ca-news-research] Saved 3/3: The value and benefits of public spending for households in [policyalternatives-ca-news-research] Done. Total saved: 3 
publicservice-govt-nz-data,,HEALTHY,3,22.9,,,
repository-library-noaa-gov-view,,HEALTHY,3,3.2,,,
safefood-net-news,,HEALTHY,3,7.2,,,"[safefood-net-news] Found years: [2026, 2025, 2024, 2023] [safefood-net-news] page 1: saved 0/3 [safefood-net-news] Done. Total saved: 3 "
seco-admin-ch-seco,,HEALTHY,3,2.0,,,res against individuals and gro [seco-admin-ch-seco] Saved 2/3: Sanctions: Ordinance on measures against the Democratic Repu [seco-admin-ch-seco] Saved 3/3: Ministerial meeting of the Future of Investment and Trade Pa [seco-admin-ch-seco] Done. Saved 3 items. 
sonar-ch-global,,HEALTHY,3,1.9,,,[sonar-ch-global] crawl complete: saved 3 documents. 
transportation-gov-newsroom,,HEALTHY,3,1.1,,,[transportation-gov-newsroom] done: saved 3 documents 
vbs-admin-ch-en,,HEALTHY,3,6.2,,,nches the first “Swiss Def [vbs-admin-ch-en] saved 2/3: Deputy National Armaments Director receives foreign defence attachés [vbs-admin-ch-en] saved 3/3: Federal Council to strengthen cyber resilience of digital products [vbs-admin-ch-en] done. Total saved: 3 
ypen-gov-gr-category,,HEALTHY,3,7.4,,," Περιβάλλοντος και Ενέργε [ypen-gov-gr-category] saved 2/3: Διευρύνεται ο κατάλογος των Προστατευόμενων Τοπίων σε 12, με [ypen-gov-gr-category] saved 3/3: Σταύρος Παπασταύρου στη Βουλή: «Το ΠΑΣΟΚ από ‘Κίνημα αλλαγής [ypen-gov-gr-category] Done. Total saved: 3 "
alrc-gov-au-publications,,HEALTHY,3,2.4,,,"tions] saved 2/3: Safe, Informed, Supported: Reforming Justice Responses to Sexual Violence (ALRC [alrc-gov-au-publications] saved 3/3: Maximising the Realisation of Human Rights: Religious Educational Institutions a [alrc-gov-au-publications] done: saved 3/3 "
artsetmetiers-fr-fr,,HEALTHY,3,2.2,,,"ent un partenariat stratégiqu [artsetmetiers-fr-fr] saved 2/3: Concours AMBition Ingénieur : deux ans après son lancement, [artsetmetiers-fr-fr] saved 3/3: Nomination de Jérôme Pailhès à la direction du campus Arts e [artsetmetiers-fr-fr] done. Total saved: 3 "
benthamscience-com-press-release,,HEALTHY,3,4.9,,,[benthamscience-com-press-release] done: saved 3 items 
bmj-gv-at-ministerium,,HEALTHY,3,9.7,,,3: Gesetzlich verpflichtet: Gerichtsgebühren werden mit 1. Augu [bmj-gv-at-ministerium] Saved 2/3: Vertrauen in den Rechtsstaat bleibt hoch: EU-Rechtsstaatlich [bmj-gv-at-ministerium] Saved 3/3: ATHLETA meets YOUTH [bmj-gv-at-ministerium] Done. Total saved: 3 
broadbentinstitute-ca-research,,HEALTHY,3,4.6,,, 6 — Summer 2026 [broadbentinstitute-ca-research] saved 2/3: Towards Democratic Control of Our Economy: The Case for a ‘National In [broadbentinstitute-ca-research] saved 3/3: Toward A New Internationalism [broadbentinstitute-ca-research] Done. Total saved: 3 
cancer-gov-about-nci,,HEALTHY,3,0.7,,,3: NCI Fiscal Year 2027 (FY27) Annual Plan & Professional Judgment Budget [cancer-gov-about-nci] Saved 2/3: Annual Plan and Budget Proposal FY26 [cancer-gov-about-nci] Saved 3/3: Annual Plan and Budget Proposal FY25 [cancer-gov-about-nci] Done. Total saved: 3 
chinatax-gov-cn-chinatax,,HEALTHY,3,3.4,,,otal records on server: 32 [chinatax-gov-cn-chinatax] saved 1/3: 税务系统2025年度政府信息公开工作年度报告 [chinatax-gov-cn-chinatax] saved 2/3: 国家税务总局2025年度政府信息公开工作年度报告 [chinatax-gov-cn-chinatax] saved 3/3: 税务系统2024年度政府信息公开工作年度报告 [chinatax-gov-cn-chinatax] Done. Total saved: 3 
consult-environment-govt-nz-resource-management,,HEALTHY,3,3.2,,,consult-environment-govt-nz-resource-management] Saved 3/3: Voluntary Nature and Carbon Markets: Domestic Scheme Endorse [consult-environment-govt-nz-resource-management] page 0: saved 3/3 [consult-environment-govt-nz-resource-management] Done. Total saved: 3 
data-busan-go-kr-bdip,,HEALTHY,3,1.2,,,ata-busan-go-kr-bdip] page 0: saved 0/3 (server total: 12411) [data-busan-go-kr-bdip] saved 1/3: 부산광역시_부산버스정보시스템 [data-busan-go-kr-bdip] saved 2/3: 부산광역시_종합병원 현황 [data-busan-go-kr-bdip] saved 3/3: 부산교통공사_시간대별 승하차인원 [data-busan-go-kr-bdip] Done. Total saved: 3 
datos-gob-mx-dataset,,HEALTHY,3,2.2,,,"records (start=0, count=108) [datos-gob-mx-dataset] saved 1/3: Contratos de AGROASEMEX [datos-gob-mx-dataset] saved 2/3: Reaseguros de AGROASEMEX [datos-gob-mx-dataset] saved 3/3: Presupuesto institucional del FOCIR [datos-gob-mx-dataset] done. Total saved: 3 "
diplomatie-gouv-fr-en,,HEALTHY,3,4.9,,,anon – Sixth anniversary of the explosion in the port of Beirut [diplomatie-gouv-fr-en] saved 2/3: Egypt – Drone attack [diplomatie-gouv-fr-en] saved 3/3: Meeting of the Bilateral Committee on Civil Nuclear Matters [diplomatie-gouv-fr-en] done. Total saved: 3 
earth-prints-org,,INCONCLUSIVE,0,0.0,,,[earth-prints-org] wall-clock budget nearly exhausted; exiting cleanly [earth-prints-org] done. Total saved: 0 
efk-admin-ch-fr,,HEALTHY,3,15.9,,,admin-ch-fr] saved 2/3: Programme annuel 2026 : intelligence artificielle et respect des engagements [efk-admin-ch-fr] saved 3/3: Transparence du financement de la vie politique : déclaration du financement des partis po [efk-admin-ch-fr] done. Total saved: 3 
energy-gov-search,,HEALTHY,3,9.2,,,"aved 0/3 [energy-gov-search] saved 1/3: ORSSAB Meeting - August 12, 2026 [energy-gov-search] saved 2/3: FEMP Digest Archive [energy-gov-search] saved 3/3: Notice of Intent to Investigate, PanTeXas Deterrence, LLC – [energy-gov-search] crawl complete: 3 saved. "
eprints-soton-ac-uk-view,,HEALTHY,3,21.0,,,"n-ac-uk-view] saved 2/3: Deep-sea ecosystems of the North Atlantic Ocean: discovery, status, function and [eprints-soton-ac-uk-view] saved 3/3: Long-term impact and biological recovery in a deep-sea mining track [eprints-soton-ac-uk-view] Done. Total saved: 3 "
fm-dk-udgivelser,,HEALTHY,3,6.9,,,[fm-dk-udgivelser] Total pages: 10 [fm-dk-udgivelser] saved 1/3: Danmarks Årlige Statusrapport 2026 [fm-dk-udgivelser] saved 2/3: Karrieremuligheder i EU [fm-dk-udgivelser] saved 3/3: Finanslov for finansåret 2026 [fm-dk-udgivelser] Done. Total saved: 3 
gnews-gg-go-kr-briefing,,HEALTHY,3,0.7,,,"-kr-briefing] saved 1/3: 경기도, 고립·은둔 청년 마음건강 프로젝트를 위한 민·관·산·학 업무협약 체결 [gnews-gg-go-kr-briefing] saved 2/3: 김문용 경기북부소방재난본부장, 고양 쿠팡물류센터 현장안전지도 [gnews-gg-go-kr-briefing] saved 3/3: 경기도, 폭염 속 구리 건설현장 점검…체감온도별 작업 중지 당부 [gnews-gg-go-kr-briefing] Done. Total saved: 3 "
hal-science-ign-ensg,,HEALTHY,3,2.3,,,del r [hal-science-ign-ensg] saved 2/3: Conception et exploitation d'une base de métadonnées de traitements gé [hal-science-ign-ensg] saved 3/3: Sustaining the supply of multiple ecosystem services : An analysis bas [hal-science-ign-ensg] Done. Total saved: 3 
home-cern-news,,HEALTHY,3,2.1,,,[home-cern-news] Saved 1/3: First major structure of the future CMS tracker arrives at C [home-cern-news] Saved 2/3: Accelerator Report: Beyond the LHC – CERN’s Beams Keep Scien [home-cern-news] Saved 3/3: Upcoming events [home-cern-news] Done. Total saved: 3 
ifr-pan-edu-pl-dzialalnosc-naukowa,,HEALTHY,3,6.7,,,5245-9_17] Efficient Protocol for Doubled Haploid Production in Ry [ifr-pan-edu-pl-dzialalnosc-naukowa] saved 3/3: [10.1007/978-1-0716-5245-9_16] Isolated Microspore Cultures of Triticale (× Triticosec [ifr-pan-edu-pl-dzialalnosc-naukowa] Done. Total saved: 3 
inria-hal-science-search,,HEALTHY,3,6.5,,,oo short (0 chars) [inria-hal-science-search] skipping 5702458: abstract too short (0 chars) [inria-hal-science-search] saved 3/3: A hierarchical sparse-grid particle method for the Vlasov-Poisson system / Une m [inria-hal-science-search] Done. Total saved: 3 
issibern-ch-outreach,,HEALTHY,3,8.8,,,al Mirage in Space Weather [issibern-ch-outreach] saved 2/3: The Hidden Presence: False Negatives in Astrobiology [issibern-ch-outreach] saved 3/3: Newly selected International Teams in Space and Earth Sciences 2026 [issibern-ch-outreach] done. Total saved: 3 
justice-gov-news,,HEALTHY,3,2.2,block:bot,, Cloud Storage Provider and [justice-gov-news] saved 2/3: Texas Physician Sentenced to 12 Years in Prison for Operating a Housto [justice-gov-news] saved 3/3: Nevada Doctor Charged with $95M Wound Care Fraud on Medicare [justice-gov-news] Done. Total saved: 3 
kepco-co-kr-home,,HEALTHY,3,1.0,,,"No=3126: 한전, 고졸 공채 합격 재학생에 채용연계형 교육 시행 [kepco-co-kr-home] saved boardNo=3125: 한전, 호남권 반도체 산단 적기 전력공급... 기술혁신으로 품질과 속도 높인다 [kepco-co-kr-home] saved boardNo=3124: 한전, 변전소 유휴부지를 활용해 공공부문 K-RE100 재생에너지 사업 본격화 [kepco-co-kr-home] crawl done: saved=3 pages_fetched=1 "
kirj-ee-archive,,HEALTHY,3,10.3,,,ibility [kirj-ee-archive] saved 2/3: Dynamics of flight of the fragments with higher order Haar wavelet method [kirj-ee-archive] saved 3/3: A comparative analysis of Fuzzy AHP and Fuzzy VIKOR methods for prioritization o [kirj-ee-archive] Done. Total saved: 3 
kommunikasjon-ntb-no-presserom,,HEALTHY,3,4.4,,,
libreria-educacion-gob-es-p,,HEALTHY,3,11.0,,,cio de atención telefónica de casos de malos t [libreria-educacion-gob-es-p] saved 2/3: Anuario de estadísticas deportivas 2026 [libreria-educacion-gob-es-p] saved 3/3: Anuario de estadísticas deportivas 2025 [libreria-educacion-gob-es-p] Done. Total saved: 3 
migration-gov-gr-press,,HEALTHY,3,2.8,,,ess] saved 2/3: Συνάντηση του Υπουργού Μετανάστευσης και Ασύλου Θάνου Πλεύρη με την Πρέσβη του Μ [migration-gov-gr-press] saved 3/3: Συνάντηση του Υπουργού Μετανάστευσης και Ασύλου Θάνου Πλεύρη με τον Πρέσβη της Σ [migration-gov-gr-press] done. Total saved: 3 
mod-mil-gr-category,,HEALTHY,3,10.3,,,d-mil-gr-category] saved Συγκροτούνται νέες Μονάδες Ειδικών Επιχειρήσεων με εφέδρους κατόπιν Αποφάσεων το [mod-mil-gr-category] saved Δήλωση του Υπουργού Εθνικής Άμυνας N. Δένδια στην εφημερίδα Πρώτο Θέμα και στον [mod-mil-gr-category] crawl complete: saved 3 
moleg-go-kr-boardes,,HEALTHY,3,0.8,,,[moleg-go-kr-boardes] Done. Total saved: 3 
ncats-nih-gov-news-events,,HEALTHY,3,9.0,,,[ncats-nih-gov-news-events] page 0: saved 0/3 [ncats-nih-gov-news-events] Crawl complete. Total saved: 3 
newsreleases-sandia-gov-archives-by-year,,HEALTHY,3,9.6,,,"ar] saved 2/3: Sandia selected to lead six Genesis Mission projects, partne [newsreleases-sandia-gov-archives-by-year] saved 3/3: Rapidly testing portable security systems [newsreleases-sandia-gov-archives-by-year] crawl complete: saved 3 items across 1 pages "
nidcr-nih-gov-news-events,,HEALTHY,3,11.5,,, Jansen’s Disease Therapy [nidcr-nih-gov-news-events] Saved: Interested in Conducting Clinical Research? [nidcr-nih-gov-news-events] Saved: Why Studying Human Nerves Could Unlock Better Treatments for Chronic P [nidcr-nih-gov-news-events] Done. Total saved: 3 
nist-gov-publications,,HEALTHY,3,3.7,,,"rastructure Systems: [nist-gov-publications] Saved [2]: Workshop Summary Report for ""Cyber AI Profile"" Hybrid Worksh [nist-gov-publications] Saved [3]: Workshop Summary Report for ""Cyber AI Profile"" Hybrid Worksh [nist-gov-publications] Done. Saved 3 records. "
nypi-re-kr,,HEALTHY,3,8.6,,,[nypi-re-kr] Page 1: found 10 items [nypi-re-kr] Saved 1/3 papers... [nypi-re-kr] Saved 2/3 papers... [nypi-re-kr] Saved 3/3 papers... [nypi-re-kr] Done. Saved 3 papers. 
osr-statisticsauthority-gov-uk-publications-list,,HEALTHY,3,21.0,,,[osr-statisticsauthority-gov-uk-publications-list] Crawl complete: saved 3 items. 
politie-be-statistieken,,HEALTHY,3,0.4,,,1/3: Effectief van het personeel per kader [politie-be-statistieken] saved 2/3: Effectief van het CaLog-personeel per niveau [politie-be-statistieken] saved 3/3: Effectief van het operationeel personeel per kader [politie-be-statistieken] Done. Total saved: 3 
publicservice-govt-nz-research-and-data,,HEALTHY,3,6.4,block:challenge,,] saved 2/3: Institutional Amnesia in Government: how much is enough? [publicservice-govt-nz-research-and-data] saved 3/3: Zombie Ideas: Policy pendulum and the challenge of effective policymaking [publicservice-govt-nz-research-and-data] done. Total saved: 3 
repository-naturalis-nl,,HEALTHY,3,8.3,,,[repository-naturalis-nl] Page 8: found 8 items [repository-naturalis-nl] Saved 1/3 papers... [repository-naturalis-nl] Saved 2/3 papers... [repository-naturalis-nl] Saved 3/3 papers... [repository-naturalis-nl] Done. Saved 3 papers. 
salute-gov-it-new,,HEALTHY,3,7.0,,,[salute-gov-it-new] 402 Rapporti found (of 2361 total) [salute-gov-it-new] saved 3 records 
seer-cancer-gov-report_to_nation,,HEALTHY,3,4.5,,,[seer-cancer-gov-report_to_nation] done: saved 3 items 
sozialministerium-gv-at-services,,HEALTHY,3,20.4,,,[sozialministerium-gv-at-services] crawl complete: 3 documents saved. 
transportes-gob-es-el-ministerio,,HEALTHY,3,10.7,,,"ed 2/3: Transportes adjudica por 33,5 millones de euros un contrato para la co [transportes-gob-es-el-ministerio] saved 3/3: Transportes avanza con las obras de emergencia para la rehabilitación [transportes-gob-es-el-ministerio] limit reached. total saved: 3 "
vlaanderen-be-nieuwsberichten,,HEALTHY,3,4.7,,,0 en 31 mei 2026 in Vlaa [vlaanderen-be-nieuwsberichten] saved 2/3: Hoog brandgevaar in natuurgebieden [vlaanderen-be-nieuwsberichten] saved 3/3: Ine bouwt mee aan een Vlaanderen met sterke lokale erfgoeddi [vlaanderen-be-nieuwsberichten] Done. Total saved: 3 
ypes-gr-category,,HEALTHY,3,4.5,,,/www.ypes.gr/sas-enimeronoume-oti-apo-tis-27-07-2026-i-nea-edra-tou-devterovathmiou-peitharchikou-symvouliou-tou-ypourgeiou-esoterikon-einai-epi-tis-odou-niriidon-10-11634-athina-ta-nea-tilefona-epikoinon/); skipping [ypes-gr-category] crawl complete: saved 3 
ameslab-gov-news,,HEALTHY,3,1.8,,,"I-Driven magnet manufacturi [ameslab-gov-news] saved 2/3: Ames Lab scientist provides AI-driven roadmap for future permanent mag [ameslab-gov-news] saved 3/3: Ames Lab, Indium Corp. partner to boost domestic gallium production [ameslab-gov-news] done: saved 3 "
artsetmetiers-hal-science-search,,HEALTHY,3,2.4,,,etiers-hal-science-search] Saved 2/3: Scientific Collaborations: Principles of WikiBridge Design [artsetmetiers-hal-science-search] Saved 3/3: Biodiversité de l'Indo-Pacifique tropical français 2514 espè [artsetmetiers-hal-science-search] Done. Total saved: 3 
bfe-admin-ch-bfe,,HEALTHY,3,8.6,,,"tatistik Elektrizitätsbilanz 2026. Erzeugung und Abga [bfe-admin-ch-bfe] Saved 2/3: Flyer SWEET-Konferenz 2026 [bfe-admin-ch-bfe] Saved 3/3: Füllungsgrad der Speicherseen 2026, Sonntag 24h, Wochenberic [bfe-admin-ch-bfe] Done. Total saved: 3 (pages walked: 2) "
bmleh-de-en,,HEALTHY,3,24.5,,,n] Saved 1/3: More choices at the common table: Alternatives to animal-sou [bmleh-de-en] Saved 2/3: New due diligence obligations for companies in the agri-food [bmleh-de-en] Saved 3/3: Food Poverty Under Pandemic Conditions [bmleh-de-en] Done. Total saved: 3 
brsn-net-list,,HEALTHY,3,3.5,,,"ness and Justice and Improving Global Governan [brsn-net-list] Saved 2/3: Achievements, Opportunities, and Prospects of China-Arab Coo [brsn-net-list] Saved 3/3: Full Text: Achievements, Opportunities, and Prospects of Chi [brsn-net-list] Done. Total saved: 3 "
canurb-org-publications,,HEALTHY,3,4.5,,,: City of London Downtown Plan [canurb-org-publications] saved 2/3: My Main Street: Final Report [canurb-org-publications] saved 3/3: Transforming Canada’s Housing System: Building an Action Framework for Results [canurb-org-publications] done. Total saved: 3 
chungnam-go-kr-cnportal,,HEALTHY,3,3.4,,,[chungnam-go-kr-cnportal] page 1: saved 0/3 [chungnam-go-kr-cnportal] Done. Total saved: 3 
consult-environment-govt-nz-waste,,HEALTHY,3,6.6,,,t-govt-nz-waste] [2] Consultation on Wellington District Plan heritage provisions [consult-environment-govt-nz-waste] [3] Voluntary Nature and Carbon Markets: Domestic Scheme Endorsement Crite [consult-environment-govt-nz-waste] Crawl complete: saved 3 items. 
data-e-gov-go-jp-data,,HEALTHY,3,1.2,,,-gov-go-jp-data] Skipping mofa_20210608_0027: abstract too short (55 chars) [data-e-gov-go-jp-data] Skipping mofa_20210608_0011: abstract too short (98 chars) [data-e-gov-go-jp-data] Saved 3/3: 行政事業レビュー（平成26年度）_外務省 [data-e-gov-go-jp-data] Done. Total saved: 3 
defence-gov-au-publications,,HEALTHY,3,0.9,,,publications] saved 1/3: Defence Annual Report 2024–2025 [defence-gov-au-publications] saved 2/3: Defence Annual Report 2024–2025 web tables [defence-gov-au-publications] saved 3/3: Women in the ADF 2024–2025 [defence-gov-au-publications] done. Total saved: 3 
directives-doe-gov-directives-browse,,HEALTHY,3,9.0,,,es-doe-gov-directives-browse] Saved [2]: DOE O 225.1B — Accident Investigations [directives-doe-gov-directives-browse] Saved [3]: DOE O 361.1C Chg 2 (LtdChg) — Acquisition Career Management Program [directives-doe-gov-directives-browse] Done. Saved 3 records. 
ec-lyon-hal-science-search,,HEALTHY,3,2.3,,,Systems [ec-lyon-hal-science-search] Saved 2/3: ACI sécurité informatique KAA (Key Authentification Ambient) [ec-lyon-hal-science-search] Saved 3/3: Systematic LFT Derivation of Uncertain Electrical Circuits f [ec-lyon-hal-science-search] Done. Total saved: 3 
ehess-hal-science-search,,HEALTHY,3,1.9,,, impact of food standar [ehess-hal-science-search] Saved 2/3: Unemployment and interactions between trade and labour marke [ehess-hal-science-search] Saved 3/3: Bases and Linear Transforms of Cooperation systems [ehess-hal-science-search] Done. Total saved: 3 
eng-mod-gov-cn-2025xb,,HEALTHY,3,6.1,,,[eng-mod-gov-cn-2025xb] crawl complete: saved 3 records 
espci-hal-science-search,,HEALTHY,3,1.7,,,ite to capture Acetic Ac [espci-hal-science-search] Saved 2/3: Service Technique d’Appui à la Recherche (S.T.A.R.) pour la [espci-hal-science-search] Saved 3/3: Near-Ultrasonic Time-Reversal Indoor Communication [espci-hal-science-search] Done. Total saved: 3 
fmi-ch-research,,HEALTHY,3,7.7,block:429,,6 [fmi-ch-research] item page 1 item 3 PubMed efetch curl failed (attempt 1/3): HTTP 429 for https://eutils.ncbi.nlm.nih.gov/entrez/eutils/efetch.fcgi?db=pubmed&retmode=xml&id=42449150 [fmi-ch-research] retrying in 1s... [fmi-ch-research] done. Total saved: 3 
gnewsonline-it-category,,HEALTHY,3,9.5,,,"ewsonline-it-category] saved 2/3: Scritta BR Contro Nordio, il Ministro ringrazia istituzioni, magistrat [gnewsonline-it-category] saved 3/3: Scritta BR contro Nordio, il Ministro ringrazia il Capo dello Stato pe [gnewsonline-it-category] Done. Total saved: 3 "
harcresearch-org-news,,HEALTHY,3,2.3,,,[harcresearch-org-news] Fetching listing page https://harcresearch.org/news/ [harcresearch-org-news] Parsed 240 items from listing page. [harcresearch-org-news] Done. saved=3/3 
home-treasury-gov-about,,HEALTHY,3,1.9,,,3: GAO-IG Act Report for FY 2025 [home-treasury-gov-about] Extracting PDF text: GAO-IG Act Report Executive Summary for FY 2024 [home-treasury-gov-about] Saved 3/3: GAO-IG Act Report Executive Summary for FY 2024 [home-treasury-gov-about] Done. Total saved: 3 
ifremer-fr-fr,,HEALTHY,3,8.7,,,[ifremer-fr-fr] page 0: saved 0/3 
inserm-hal-science-search,,HEALTHY,3,2.3,,,l cues for retinal information pr [inserm-hal-science-search] saved 2/3: Analysis of purely random forests bias [inserm-hal-science-search] saved 3/3: SLA Specification for IoT Operation - The WSN-SLA Framework [inserm-hal-science-search] Done. Total saved: 3 
issibern-ch-results,,HEALTHY,3,4.6,,,"[issibern-ch-results] nonce=1ab5de5136, starting crawl (limit=3) [issibern-ch-results] Done. saved=3 "
justice-ni-gov-uk-publications,,HEALTHY,3,14.6,,,100) [justice-ni-gov-uk-publications] Saved 2/3: Bereavement damages: form to claim ex gratia payment [justice-ni-gov-uk-publications] Saved 3/3: LSA 12-26 - Practitioner File Review - 2025 year end update [justice-ni-gov-uk-publications] Done. Total saved: 3 
kfss-forest-go-kr-stat,,HEALTHY,3,0.7,,,[kfss-forest-go-kr-stat] Saved 1/3: 2020년 산림기본통계(개정판) [kfss-forest-go-kr-stat] Saved 2/3: 2020 산림기본통계 [kfss-forest-go-kr-stat] Saved 3/3: 2015 산림기본통계 [kfss-forest-go-kr-stat] Done. Total saved: 3 
kisdi-re-kr-bbs,,HEALTHY,3,4.8,,,[kisdi-re-kr-bbs] done. saved=3 
kostat-go-kr-boardes,,HEALTHY,3,4.3,,,d 1/3: 국가데이터처와 그 소속기관 직제 시행규칙(총리령)(제02139호)(20260721) [kostat-go-kr-boardes] Saved 2/3: 국가데이터처와 그 소속기관 직제 시행규칙(총리령)(제02116호)(20260522) [kostat-go-kr-boardes] Saved 3/3: 국가데이터처와 그 소속기관 직제 시행규칙(총리령)(제02105호)(20260324) [kostat-go-kr-boardes] Done. Total saved: 3 
llnl-gov-news,,HEALTHY,3,2.0,,,[llnl-gov-news] page 0: saved 0/3 [llnl-gov-news] crawl complete: saved=3 
miit-gov-cn-zc,,HEALTHY,3,5.2,,,[miit-gov-cn-zc] page 1: saved 0/3 [miit-gov-cn-zc] crawl complete. saved=3 
moe-go-kr-boardcnts,,HEALTHY,3,4.0,,,[moe-go-kr-boardcnts] Saved 1/3: 충청북도교육청 종합감사 계획 [moe-go-kr-boardcnts] Saved 2/3: 대구교육대학교 종합감사 결과 [moe-go-kr-boardcnts] Saved 3/3: 학교법인 현송학원 및 강릉영동대학교 종합감사 결과 공개 [moe-go-kr-boardcnts] Done. Total saved: 3 
molit-go-kr-usr,,HEALTHY,3,5.3,,,
nccih-nih-gov-news,,HEALTHY,3,4.0,,,ainful [nccih-nih-gov-news] saved 2/3: Service dogs may reduce PTSD symptoms for military members and veterans [nccih-nih-gov-news] saved 3/3: 275 million new genetic variants identified in NIH precision medicine data [nccih-nih-gov-news] Done. Total saved: 3 
nfa-go-kr-nfa,,HEALTHY,3,1.2,,,[nfa-go-kr-nfa] page 1: saved 0/3 [nfa-go-kr-nfa] saved 1/3: 소방청 소관 위원회 운영현황(2026.2분기) [nfa-go-kr-nfa] saved 2/3: ｢2026년 민원서비스 종합평가」 고충민원 만족도·신뢰도 측정을 위한 개인정보 제3자 제공사항 알림 [nfa-go-kr-nfa] saved 3/3: 소방청 민원편람(2026.05.31. 기준) [nfa-go-kr-nfa] done. Total saved: 3 
niddk-nih-gov-news,,HEALTHY,3,6.6,,,gov-news] saved 2/3: NIH study demonstrates long-term benefits of weight-loss surgery in young people [niddk-nih-gov-news] saved 3/3: Genomic variants that increase risk of kidney disease are found in nearly one-th [niddk-nih-gov-news] crawl complete: 3 saved 
nistdigitalarchives-contentdm-oclc-org-digital,,HEALTHY,3,11.1,,,"ntdm-oclc-org-digital] Skipping 195697: abstract too short (0 chars) [nistdigitalarchives-contentdm-oclc-org-digital] Saved 3/3: Porosity, Powder X-Ray Diffraction Patterns, Skeletal Densit [nistdigitalarchives-contentdm-oclc-org-digital] Done. Total saved: 3 "
nypi-re-kr-board,,HEALTHY,3,2.1,,,"nypi-re-kr-board] Saved 1/3: 인구감소 시대 한국사회의 인적자원, ‘외국국적 이주배경청년’ 체류 안정 및 자립 지원방안 모색 시급 [nypi-re-kr-board] Saved 2/3: 수도권 쏠림 심화…지역 특성에 맞는 청년 일자리 지원 전략 필요 [nypi-re-kr-board] Saved 3/3: 한국, 대만, 싱가포르 청년정책 전문가 모여, 청년정책 국제포럼 개최 [nypi-re-kr-board] Done. Total saved: 3 "
ostrnrcan-dostrncan-canada-ca-search,,HEALTHY,3,11.6,,," model of the Western Canada Sedimentary Basin in Manitoba [ostrnrcan-dostrncan-canada-ca-search] saved 3/3: Susciter la confiance, la pertinence et l’impact : La Stratégie d’échange de connaissances [ostrnrcan-dostrncan-canada-ca-search] done. Total saved: 3 "
polytechnique-edu-presse,,HEALTHY,3,10.7,,,n dans la maît [polytechnique-edu-presse] Saved 2/3: Holocyte et SIMBAD projets lauréats de la 14e édition du pr [polytechnique-edu-presse] Saved 3/3: L’École polytechnique et la Fondation de l’X créent la chair [polytechnique-edu-presse] Done. Total saved: 3 
publikationen-bundesregierung-de-pp-de,,HEALTHY,3,34.5,,,Wohnungsbau: Darauf bauen wir [publikationen-bundesregierung-de-pp-de] saved 2/3: stadt:pilot #29 - Zuhause [publikationen-bundesregierung-de-pp-de] saved 3/3: Aktionsplan zur Senkung der Baukosten [publikationen-bundesregierung-de-pp-de] done. Total saved: 3 
repository-tno-nl-doclist,,HEALTHY,3,9.8,,,tno-nl-doclist] saved 2/3: From Domain Model to High-Mix Low-Volume Production Line Schedules [repository-tno-nl-doclist] saved 3/3: Validation of the Clear and Unambiguous Human Machine Interface Questionnaire [repository-tno-nl-doclist] Done. Total saved: 3 
samr-gov-cn-zw,,HEALTHY,3,2.9,,, records reported by site: 477 [samr-gov-cn-zw] saved 1/3: 市场监管总局网监司、商务部电子商务司负责人就《中华人民共和国电子商务法（修正草案征求意见稿）》答记者问 [samr-gov-cn-zw] saved 2/3: 《市场监管总局等六部门关于大力促进新时代广告产业高质量发展的意见》解读 [samr-gov-cn-zw] saved 3/3: 《食品委托生产监督管理办法》实施问答 [samr-gov-cn-zw] done. Total saved: 3 
sejong-go-kr-bbs,,HEALTHY,3,2.4,,,"[sejong-go-kr-bbs] Saved 1/3: 시정5기 철학 시민여상(視民如傷) 가치 전직원 공유 [sejong-go-kr-bbs] Saved 2/3: 조상호 시장, 행안부 장관에 세종시 현안 건의 [sejong-go-kr-bbs] Saved 3/3: 하나은행, 취약계층의 시원한 여름나기 지원 [sejong-go-kr-bbs] Done. Total saved: 3 "
spo-go-kr-site,,HEALTHY,3,2.1,,,[spo-go-kr-site] page 1: saved 0/3 [spo-go-kr-site] Done. Total saved: 3 
treasury-gov-au-publication,,HEALTHY,3,2.9,,,response to Parliamentary Joint Committee report [treasury-gov-au-publication] saved 2/3: Enterprise Data Strategy 2026–2029 [treasury-gov-au-publication] saved 3/3: Competition and firms’ innovation outcomes [treasury-gov-au-publication] Done. Total saved: 3 
vtg-admin-ch-en,,HEALTHY,3,8.8,,,h-en] found 18 download items on listing page [vtg-admin-ch-en] saved 1/3: SWISS PEACE SUPPORTER 2026/2 [vtg-admin-ch-en] saved 2/3: SWISS PEACE SUPPORTER 2026/1 [vtg-admin-ch-en] saved 3/3: SWISS PEACE SUPPORTER 2025/4 [vtg-admin-ch-en] done — total saved: 3 
amf-france-org-fr,,HEALTHY,3,12.7,,,[amf-france-org-fr] Fetching sitemap … [amf-france-org-fr] Sitemap: 764 communiques-de-lamf URLs [amf-france-org-fr] Done: 3 records saved 
asiapacific-ca-media,,HEALTHY,3,3.7,,,6-27 Media Fellowship Prog [asiapacific-ca-media] Saved 2/3: APF Canada Announces 2026-27 Indo-Pacific Media Fellowships [asiapacific-ca-media] Saved 3/3: Canada-in-Asia Conference 2026 Advances Bold New Era of Cana [asiapacific-ca-media] Done. Total saved: 3 
bfr-bund-de-en,,HEALTHY,3,26.9,,,discovered 6 records [bfr-bund-de-en] saved 1/3: The BfR in brief: Facts & Figures 2025 [bfr-bund-de-en] saved 2/3: The BfR in brief: Facts & Figures 2024 [bfr-bund-de-en] saved 3/3: The BfR in brief: Facts & Figures 2023 [bfr-bund-de-en] done. Total saved: 3 
bmleh-de-siteglobals,,HEALTHY,3,10.3,,,"rdnung über die Bereitste [bmleh-de-siteglobals] Saved 2/3: Gesetz für Bürokratierückbau im Bereich des Bundesministeriu [bmleh-de-siteglobals] Saved 3/3: Eckpunkte des Bundesministeriums für Landwirtschaft, Ernähru [bmleh-de-siteglobals] Done. Total saved: 3 "
budget-canada-ca-home-accueil-enhtml,,HEALTHY,3,6.7,,,a/budget.json [budget-canada-ca-home-accueil-enhtml] saved 1/3: Budget 2025 [budget-canada-ca-home-accueil-enhtml] saved 2/3: Budget 2024 [budget-canada-ca-home-accueil-enhtml] saved 3/3: Budget 2023 [budget-canada-ca-home-accueil-enhtml] done. Total saved: 3 
carabinieri-it-in-vostro-aiuto,,HEALTHY,3,16.8,,,appalti pubblici [carabinieri-it-in-vostro-aiuto] Saved 2: Animali: il Nucleo CITES recupera e restituisce un pappagall [carabinieri-it-in-vostro-aiuto] Saved 3: Incendio Boschivo: una denuncia nel Reatino [carabinieri-it-in-vostro-aiuto] Done. Total saved: 3 
cigionline-org-publications,,HEALTHY,3,2.3,,,rg-publications] saved 2/3: China’s Central Bank Digital Currency 2.0 and the Future of Digital Fi [cigionline-org-publications] saved 3/3: Time for Canada to Take a Stand on Lethal Autonomous Weapons Systems [cigionline-org-publications] Done. Total saved: 3 
cora-ucc-ie-search,,HEALTHY,3,11.0,,,"o-environnmental flows of the European Union: explainin [cora-ucc-ie-search] saved 3/3: Computational approaches to gut microbiome analysis: colonization resistance, disease-driv [cora-ucc-ie-search] page 0: saved 3/3 [cora-ucc-ie-search] done. Total saved: 3 "
data-gouv-fr-organizations,,HEALTHY,3,10.4,,,[data-gouv-fr-organizations] page 1: saved 0/3 
defence-govt-nz-publications,,HEALTHY,3,4.1,,,efence-govt-nz-publications] saved 2/3: Chief Executive Disclosure of Expenses 2025 -2026 (Excel fil [defence-govt-nz-publications] saved 3/3: Chief Executive Disclosure of Expenses 2025 -2026 (PDF file) [defence-govt-nz-publications] crawl complete: 3 saved. 
directives-doe-gov-guidance,,HEALTHY,3,6.9,,,"/3: Accelerator Facility Safety Implementation Guide for DOE O 420.2C, Saf [directives-doe-gov-guidance] saved 2/3: Alternative Financing Guide [directives-doe-gov-guidance] saved 3/3: Analysis of Alternatives Guide [directives-doe-gov-guidance] done: saved 3 "
ecat-ga-gov-au-geonetwork,,HEALTHY,3,1.6,,,-75 [ecat-ga-gov-au-geonetwork] saved 2/3: Geomagnetic Observation Records - Charters Towers Observatory (CTA) [ecat-ga-gov-au-geonetwork] saved 3/3: Geomagnetic Observation Records - Canberra Observatory (CNB) [ecat-ga-gov-au-geonetwork] done. Total saved: 3 
ejournals-epublishing-ekt-gr-indexphp,,HEALTHY,3,15.5,,,hing-ekt-gr-indexphp] saved 2/3: History of accordion and basic educational objectives [ejournals-epublishing-ekt-gr-indexphp] saved 3/3: Discovering the accordion: Creative approaches to music educ [ejournals-epublishing-ekt-gr-indexphp] Done. Total saved: 3 
english-cnipa-gov-cn-col,,HEALTHY,3,6.4,,,[english-cnipa-gov-cn-col] Found 26 year collections [english-cnipa-gov-cn-col] Done. Total saved: 3 
esri-ie-publications,,HEALTHY,3,7.6,,,
fmn-dk-da,,HEALTHY,3,12.5,,,[fmn-dk-da] interval 2024-2026: saved 0/3 [fmn-dk-da] page 1: saved 3/3 [fmn-dk-da] done — saved 3 items 
go-griffith-ie-browse,,HEALTHY,3,4.8,,,[go-griffith-ie-browse] page 1: saved 0/3 [go-griffith-ie-browse] done. total saved=3 
harcresearch-org-research,,HEALTHY,3,2.1,,,naging Emergency Response to Air Tox [harcresearch-org-research] Saved 2/3: Strengthening the Alamo Area’s Climate Plan [harcresearch-org-research] Saved 3/3: Improving Air Quality in the Houston-Galveston Area [harcresearch-org-research] Done. Total saved: 3 
homeaffairs-gov-au-sitesearch,,HEALTHY,3,1.3,,,earch] saved 1/3: 'Submission 89 for Australia’s 2020 Cyber Security Strategy' [homeaffairs-gov-au-sitesearch] saved 2/3: 'amcham' [homeaffairs-gov-au-sitesearch] saved 3/3: 'Amazon-Web-Services-Submission' [homeaffairs-gov-au-sitesearch] Done. Total saved: 3 
ign-fr-espace-presse,,HEALTHY,3,5.4,,,"une gestion durable à l’épre [ign-fr-espace-presse] Saved 2/3: Cartes.gouv.fr, le nouveau site souverain de cartographie [ign-fr-espace-presse] Saved 3/3: Cartes IGN : l’application partenaire des grands rendez-vous [ign-fr-espace-presse] Done. Total saved: 3 "
insight-centre-org-press-releases,,HEALTHY,3,9.0,,,s] saved 2/3: Consumer energy tariff guide from Insight at DCU named Ireland’s first [insight-centre-org-press-releases] saved 3/3: Insight team wins prestigious international award for Covid-19 compute [insight-centre-org-press-releases] done. total saved: 3 
issnationallab-org-about,,HEALTHY,3,2.0,,,isting page [issnationallab-org-about] Saved 1/3: FY26 Q1 Quarterly Report [issnationallab-org-about] Saved 2/3: FY26 Q2 Quarterly Report [issnationallab-org-about] Saved 3/3: 2025 ISS National Lab Annual Report [issnationallab-org-about] Done. Total saved: 3 
justitsministeriet-dk-forskning,,HEALTHY,3,6.8,,,ra den portugisiske rusmiddelreform set fra Danm [justitsministeriet-dk-forskning] saved [2] Tryghedsundersøgelse 2024 [justitsministeriet-dk-forskning] saved [3] Gruppevold og herkomst – 2023 [justitsministeriet-dk-forskning] crawl complete: 3 records saved. 
khs-go-kr-cop,,HEALTHY,3,4.2,,,[khs-go-kr-cop] Detected 5 pages total [khs-go-kr-cop] done: saved 3 items total 
kisdi-re-kr-report,,HEALTHY,3,0.7,,,[kisdi-re-kr-report] Saved 1/3: 글로벌 미디어 플랫폼 확산 대응을 위한 국내 미디어 서비스 경쟁력 분석 및 강화 전략 연구 [kisdi-re-kr-report] Saved 2/3: AI 기술주권과 국가경쟁력 제고 방안 연구 [kisdi-re-kr-report] Saved 3/3: ICT 혁신이 사회·경제에 미치는 영향 [kisdi-re-kr-report] Done. Total saved: 3 
koti-re-kr-user,,HEALTHY,3,10.4,,,[koti-re-kr-user] Reached limit 3. [koti-re-kr-user] Done. Saved: 3 
lne-fr-fr,,HEALTHY,3,6.4,,,fication environnementale de s [lne-fr-fr] saved 2/3: Le LNE présent à VivaTech pour présenter le programme MetriQs-France [lne-fr-fr] saved 3/3: POLLEN et le LNE lancent un projet collaboratif de métrologie corrélative des na [lne-fr-fr] done. Total saved: 3 
miit-gov-cn-zwgk,,HEALTHY,3,4.9,,,作年度报告 [miit-gov-cn-zwgk] Abstract <50 chars for https://www.miit.gov.cn/zwgk/zfxxgkzl/zfxxgknb/gyhxxhb/art/2024/art_a693b5e52e8844a0b4f0a3abdb3612ee.html. Skipping. [miit-gov-cn-zwgk] Saved 3/3: 工业和信息化部2023年政府信息公开工作年度报告 [miit-gov-cn-zwgk] Done. Total saved: 3 
moe-gov-cn-jyb_sjzl,,HEALTHY,3,2.6,,,"[moe-gov-cn-jyb_sjzl] recordCount=28, totalPages=2 [moe-gov-cn-jyb_sjzl] Saved 1/3: 2024年全国教育经费执行情况统计公告 [moe-gov-cn-jyb_sjzl] Saved 2/3: 2023年全国教育经费执行情况统计公告 [moe-gov-cn-jyb_sjzl] Saved 3/3: 2022年全国教育经费执行情况统计公告 [moe-gov-cn-jyb_sjzl] Done. Total saved: 3 "
motir-go-kr-kor,,HEALTHY,3,1.7,,,"[motir-go-kr-kor] Saved 1/3: (참고자료)통상교섭본부장, 英 신임 통상장관과 대러 LNG 수입 제재 등 통상현안 논의 [motir-go-kr-kor] Saved 2/3: 해외직구 물놀이기구, 유·아동용 섬유제품 등 94개 제품 안전기준 부적합 [motir-go-kr-kor] Saved 3/3: 슈퍼 을(乙) 기업 육성 및 협력체계 확대로 소부장 생태계 경쟁력 강화 [motir-go-kr-kor] Done. Total saved: 3 "
ncha-gov-cn-col,,HEALTHY,3,7.6,,,gov-cn-col] page 1: saved 0/3 [ncha-gov-cn-col] total records reported by site: 117 [ncha-gov-cn-col] saved 1/3: 铁质文物缓蚀材料要求与评价方法 [ncha-gov-cn-col] saved 2/3: 室外金属文物封护材料要求与评价方法 [ncha-gov-cn-col] saved 3/3: 可移动文物保护修复方案编制要求 [ncha-gov-cn-col] done. Total saved: 3 
nfra-gov-cn-cn,,HEALTHY,3,1.2,,,[nfra-gov-cn-cn] Total records on server: 1373 [nfra-gov-cn-cn] saved 1/3: 2026年银行业金融机构总资产、总负债（月度） [nfra-gov-cn-cn] saved 2/3: 2026年6月全国各地区原保险保费收入情况表 [nfra-gov-cn-cn] saved 3/3: 2026年6月人身险公司经营情况表 [nfra-gov-cn-cn] Done. Total saved: 3 
nidi-nl-en,,HEALTHY,3,7.9,block:challenge,,8 skipped: abstract too short (0 chars) [nidi-nl-en] item https://www.doi.org/10.1080/17421772.2025.2530498 failed: no detail data [nidi-nl-en] Saved 3/3: Aging across borders: social connectedness and challenges in migrant l [nidi-nl-en] Done. Total saved: 3 
nivel-nl-en,,HEALTHY,3,5.6,,,uality indic [nivel-nl-en] saved 2/3: Change in mental health and resilience in childhood cancer survivors after atten [nivel-nl-en] saved 3/3: Exploring the impact of event-related and personal vulnerability characteristics [nivel-nl-en] Done. Total saved: 3 
nzpri-aut-ac-nz-document-library,,HEALTHY,3,3.5,,,"ary] Saved 2/3: Advancing Equity: Social Determinants in Migrant and Refugee Health Re [nzpri-aut-ac-nz-document-library] Saved 3/3: 26/02 Explaining the decline in childhood immunisation: socioeconomic, [nzpri-aut-ac-nz-document-library] Done. Total saved: 3 "
ots-at-pressemappe,,HEALTHY,3,7.6,,,[ots-at-pressemappe] page 1: saved 0/3 [ots-at-pressemappe] done: saved 3/3 
polytechnique-hal-science-search,,HEALTHY,3,1.3,,,ique-hal-science-search] Saved 2/3: Estimates of African Dust Deposition Along the Trans‐Atlanti [polytechnique-hal-science-search] Saved 3/3: Modeling the low-voltage regime of organic diodes: Origin of [polytechnique-hal-science-search] Done. Total saved: 3 
pubs-drdc-rddc-gc-ca-basis,,HEALTHY,3,6.6,net:unreachable,,ethod for Extracting Nonlinear Compressive Material Properties from Bo [pubs-drdc-rddc-gc-ca-basis] saved 3/3: Applicability of 5× maximum permissible exposure limit for near-infrared laser d [pubs-drdc-rddc-gc-ca-basis] OpenAlex fallback done. Total saved: 3 
research-collection-ethz-ch-search,,HEALTHY,3,8.7,,,rting E [research-collection-ethz-ch-search] saved 3/3: The UWO dataset – long-term observations from a full-scale field laboratory to better unde [research-collection-ethz-ch-search] page 0: saved 3/3 [research-collection-ethz-ch-search] done. Total saved: 3 
sandia-gov-news,,HEALTHY,3,17.9,,,Environmental Report for Sandia/New Mexico [sandia-gov-news] Saved 2/3: 2024 Annual Site Environmental Report for Sandia/New Mexico [sandia-gov-news] Saved 3/3: 2024 Annual Site Environmental Report for Sandia/Kauai Test [sandia-gov-news] Done. Total saved: 3 
sfi-ch-en,,HEALTHY,3,10.6,,,
srnl-gov-newsroom,,HEALTHY,3,4.7,,,e joint appointment for collaborat [srnl-gov-newsroom] Saved 2/3: SRNL awarded AI-powered environmental cleanup projects throu [srnl-gov-newsroom] Saved 3/3: SRNL’s Wellman joins Critical Materials Innovation Hub bring [srnl-gov-newsroom] Done. Total saved: 3 
treasury-govt-nz-publications,,HEALTHY,3,50.2,block:forbidden,,ons] fetch attempt 1/3 failed for https://www.treasury.govt.nz/publications/child-poverty-report/child-poverty-report-2025: 403_forbidden [treasury-govt-nz-publications] saved 3/3: Child Poverty Report 2025 [treasury-govt-nz-publications] done. Total saved: 3 
wallonie-be-fr,,HEALTHY,3,8.7,,,spectives économiques régionales 2026-2031 [wallonie-be-fr] saved 2/3: Guide d'autodiagnostic de mon habitation face aux inondations [wallonie-be-fr] saved 3/3: Programme FEDER/FTJ Wallonie 2021-2027 - Résumé citoyen 2025 [wallonie-be-fr] done. Total saved: 3 
